course_prefix,course_number,course_title,course_desc,num_units,dept_name,inst_ipeds,metadata
ACC,200,Accounting Internship,"Supervised on-the-job experience in the business community in an accounting-related capacity. Comprehensive report by students, meeting with faculty advisor, and performance evaluation from employer required.",3,Accounting,141565,attributes: GCC; prerequisites: Instructor's Consent
ACC,201,Intro to Financial Accounting,"An introduction to accounting principles and practices used to record and communicate financial information. Analyze methods for valuing assets, liabilities, and equity of an organization.",3,Accounting,141565,Course Number: ACC 201; Course Title: Intro to Financial Accounting; Prerequisites: 15 or more credits at the college level
ACC,202,Intro to Managerial Accounting,"An introduction to managerial accounting methods for evaluating performance including cost accounting, budgeting, break-even analysis, standard cost systems and reporting for internal decision making.",3,Accounting,141565,course_name: Intro to Managerial Accounting; course_number: ACC 202; prerequisites: ACC 201
ACC,350,Intermediate Acc I,The accounting process and the application of generally accepted accounting principles to assets and liabilities. Emphasis upon accounting theory.,3,Accounting,141565,Prerequisites: ACC 202; successful completion of 45 college credits
ACC,351,Intermediate Acc II,"The application of generally accepted accounting principles to accounting for owner's equity, long-term investments and debt, funds flow, and financial statement analysis.",3,Accounting,141565,Course Number: ACC 351; Course Title: Intermediate Acc II; Prerequisites: C or better in ACC 350
ACC,352,Individual &amp; Business Taxation,"Principles and practices involved in the determination of federal income taxation and tax planning as it applies to individuals and businesses including the concept of gross income, exclusions, deductions, credits, property transactions and sole proprietorships.",3,Accounting,141565,"course_name: Individual & Business Taxation; course_number: ACC 352; prerequisites: C or better in ACC 202, ACC 350, and ACC 351"
ACC,353,Cost Accounting,"Cost accounting system output relevant to managerial decision making, planning and control. Topics include job order and process costing, direct and standard cost systems, with emphasis on application and analysis of cost.",3,Accounting,141565,"course_name: Cost Accounting; course_number: ACC 353; prerequisites: C or better in ACC 202, ACC 350, and ACC 351"
ACC,354,Business Software,"Practical applications of general ledger/bookkeeping for small businesses. Focus will be on basic Accounting Information Systems concepts, internal controls, accounting tasks, and comparative product analysis.",3,Accounting,141565,Prerequisites: C or better in ACC 202; C or better or concurrent enrollment in ACC 350; successful completion of 45 college credits
ACC,355,Advanced Topics in Taxation,"Advanced topics in taxation at the discretion of the instructor. Topics might include tax planning for individual and business owners, estate planning, gift taxes, or other current topics in taxation.",3,Accounting,141565,Prerequisites: C or better ACC 352
ACC,358,Governmental Accounting,"Accounting principles as applied to nonprofit organizations, including government. Emphasis on budgetary control and fund accounting.",3,Accounting,141565,Course Number: ACC 358; Course Title: Governmental Accounting; Prerequisites: C or better in ACC 350
ACC,450,Advanced Accounting,"The application of generally accepted accounting principles to specialized accounting entities: partnerships, branches, affiliated companies, estates and trusts; and to special topics including consolidations.",3,Accounting,141565,course_name: Advanced Accounting; course_number: ACC 450; prerequisites: ACC 351
ACC,454,Auditing,"Auditing concepts including standards, objectives, and ethics for external auditors. Emphasis on reporting standards, internal control, evidence, and statistical sampling.",3,Accounting,141565,Prerequisites: C or better in ACC 351
ACC,455,IT Audit,"Audits of accounting information systems, including enterprise systems.   Generally accepted IT audit standards, frameworks, tools and methods.  Includes the study and use of computer-assisted audit tools and techniques (CAATTS).",3,Accounting,141565,course_name: IT Audit; course_number: ACC 455; prerequisites: ACC 454
ACC,456,Advanced Auditing,This is a case-based auditing course that expands on topics introduced in Audit. The primary focus of this course is Fraud Examination and Forensic Accounting. Students will examine cases involving current and classic frauds as well as learning the requirements for collecting evidence for court.,3,Accounting,141565,course_name: Advanced Auditing; course_number: ACC 456; prerequisites: ACC 454
AERS,151,Introduction to Aerodynamics,"The core principles of aircraft flight are examined. Students become familiar with airfoils, wings, different flight profiles and atmospheric effects on aircraft performance. Students will develop and analyze simulations of airfoils and wings.",3,Aeronautical Sciences,141565,Course: AERS 151; Course Title: Introduction to Aerodynamics
AERS,152,Introduction to UAS,"Survey of unmanned aircraft systems (UAS) emphasizing the commercial history including sections on hobby and military applications. Students learn operational principles, laws, and theory.",3,Aeronautical Sciences,141565,course_name: Introduction to UAS; course_number: AERS 152
AERS,201,Private Pilot I,"Introduces the airplane to entry-level student pilots as they prepare for flight training. Stresses airport systems, air traffic control procedures, aviation weather, air navigation, radio communication procedures, and Federal Aviation Regulations. Covers airplane ground and flight operations, take-off and landing, basic flight maneuvers, cross country methods and emergency procedures. Prepares students for the required FAA Private Pilot Airplane Knowledge Test and Private Pilot Airplane Practical Test.",5,Aeronautical Sciences,141565,course_name: Private Pilot I; course_number: AERS 201; grading_basis: CR/NC; location: offsite at flight provider; prerequisites: Approval of AERS Program
AERS,202,Private Pilot II,"Introduces cross-country navigation, emergency operations, takeoffs, landings and go-arounds in solo flight. Prepares students for the FAA Private Pilot Checkride.",5,Aeronautical Sciences,141565,course_name: Private Pilot II; course_number: AERS 202; grading_basis: CR/NC only; location: offsite at flight provider; prerequisites: Approval of AERS Program
AERS,203,Cross Country Single Eng PIC,"Covers Air Traffic Control Clearances, GPS Flight Plan Function. Perform straight-and-level flight, constant rate climbs and descents, constant airspeed climbs and descents, standard rate turns. Compliance with departure, en route and arrival procedures.",5,Aeronautical Sciences,141565,course_name: Cross Country Single Eng PIC; course_number: AERS 203; grading_option: CR/NC only; location: offsite at flight provider; prerequisites: Approval of AERS Program
AERS,220,Multi-Engine Operations I,"This course focuses on the overview of Multi-Engine operations, students will continue their aeronautical knowledge training and perform simulation training specific to multi-engine aircraft.",3,Aeronautical Sciences,141565,course_name: Multi-Engine Operations I; course_number: AERS 220; prerequisites: AERS 102
AERS,221,Multi-Engine Operations II,"This course focuses on Commercial Pilot and Multi-Engine operations including calculating performance data, common errors, computing takeoff and landing data and computing weight and balance calculations.",3,Aeronautical Sciences,141565,prerequisites: AERS 220
AERS,250,Aviation Safety,"Develop an attitude and philosophy for accident prevention and an awareness of major flight security issues. Though the focus is on accident prevention, aircraft accident investigation is illustrated to include: human factors, mechanical considerations, and the nature of accident/error chains.",3,Aeronautical Sciences,141565,Prerequisites: AERS 102 or Instructor's Consent
AERS,251,Aviation Weather,"Discusses atmospheric science principles applicable to flight. Students gain a general understanding of meteorological theory and learn how to read applicable charts, graphics, and generated reports. Describes local meteorological phenomenon applicable to air travel.",3,Aeronautical Sciences,141565,course_name: Aviation Weather; course_number: AERS 251; prerequisites: AERS 102 or Instructor's Consent
AERS,260,Aircraft Systems &amp; Instruments,"This course is a comprehensive study of aircraft systems and components at the technical level. Areas of study include aircraft electrical, hydraulic, fuel, propeller and auxiliary systems including theory of operation, calculations, and related Federal Aviation Regulations.",3,Aeronautical Sciences,141565,"concurrent_prerequisites: PHYS 151; course_name: Aircraft Systems & Instruments; course_number: AERS 260; prerequisites: AERS 251, PHYS 151"
AERS,301,Aviation Laws and Regulations,"Survey of national and international laws and regulations regarding aircraft operation and ownership, contracts, liability and enforcement. Course activities include case reading, argument, and legal research.",3,Aeronautical Sciences,141565,course_name: Aviation Laws and Regulations; course_number: AERS 301; prerequisites: AERS 101
AERS,310,Instrument Basic,"Flight course on basic Instrument flight maneuvers including Instrument turns, stalls, unusual attitude recoveries. Performs basic Instrument flight patterns. Uses VOR and GPS navigation.",3,Aeronautical Sciences,141565,course_name: Instrument Basic; course_number: AERS 310; grading_basis: CR/NC; location: offsite at flight provider; prerequisites: Approval of AERS Program
AERS,311,Instrument Advanced,"Advanced Instrument flight. Perform VOR and localized approaches, GPS approaches, circling approach, DME Arc approach and missed approach procedures. Lost comms procedures, engine failure in IMC and partial panel covered.",3,Aeronautical Sciences,141565,course_number: AERS 311; course_title: Instrument Advanced; grading_option: CR/NC only; location: offsite at flight provider; prerequisites: Approval of AERS Program
AERS,340,Advanced Simulated Maneuvers,"Instruction on Steep turns, Chandelles, Lazy Eights and Eights on Pylons covered. Review of FAA Guidelines.",1,Aeronautical Sciences,141565,Prerequisites: AERS 221 or Instructor's Consent
AERS,352,UAS Mission Plans &amp; Simulation,"Students gain experience in planning and execution of UAS missions. Computer simulation is leveraged to provide real-time mission experience. Students will practice the roles of pilot in command, payload operator, and mission commander.",3,Aeronautical Sciences,141565,Prerequisites: AERS 152
AERS,354,UAS Robotics,"The core technologies of unmanned aircraft systems are examined. Students become familiar with UAS at the component level. Working in teams students will build a UAS, choose and retrofit a payload, and program the control software.",3,Aeronautical Sciences,141565,course_name: UAS Robotics; course_number: AERS 354
AERS,355,Domestic &amp; International Nav,"Domestic and International navigation, planning, procedures, and techniques. Provides basic understanding of IFR domestic and international flights and gives students a fundamental knowledge of international contingency planning and emergency procedures.",3,Aeronautical Sciences,141565,Prerequisites: AERS 251 and MATH 140 or Instructor's Consent
AERS,370,Prep for Single/Multi Eng Flt,Pre-departure orientation course for students continuing on to flight school. Review concepts and simulation maneuvers taught in previous courses as well as discuss common issues encountered by students attending flight school and how to mitigate them.,1,Aeronautical Sciences,141565,course_name: Prep for Single/Multi Eng Flt; course_number: AERS 370; prerequisites: AERS 260
AERS,387,Crew Resource Management,"History and development of current industry CRM training programs is reviewed. Students learn to recognize crew errors, demonstrate the ability to mitigate the error consequences, and to function as an effective member of a professional flight crew.",3,Aeronautical Sciences,141565,course_name: Crew Resource Management; course_number: AERS 387; prerequisites: AERS 251
AERS,388,Crew Resource Mgt &amp; Crew Ops,"Concepts in Crew Resource Management relating to responsibility and authority of the Pilot in Command, crew member roles, conflict management, flight operation procedures, in-flight hazards and emergency procedures.",2,Aeronautical Sciences,141565,course_name: Crew Resource Mgt & Crew Ops; course_number: AERS 388; grading: CR/NC only; location: offsite at flight provider; prerequisites: Approval of AERS Program
AERS,420,Commercial Cert Multi-Engine,Flight course covering multi-engine aerodynamics and maneuvering with one engine inoperative. FAA Commercial Pilot Airplane exam and FAA Commercial Multi-Engine checkride.,5,Aeronautical Sciences,141565,course_name: Commercial Cert Multi-Engine; course_number: AERS 420; grading_basis: CR/NC only; location: offsite at flight provider; prerequisites: Approval of AERS Program
AERS,421,Commercial Single Eng Add-on,"Advanced knowledge of single-engine systems and characteristics, aerodynamics. Engine failure operations and procedures. Commercial single-engine checkride.",2,Aeronautical Sciences,141565,course_name: Commercial Single Eng Add-on; course_number: AERS 421; grading_basis: CR/NC only; location: offsite at flight provider; prerequisites: Approval of AERS Program
AERS,452,UAS Flight,"This course will guide new pilots to safely operate rotor-wing and fixed-wing unmanned aircraft systems (UAS). This course includes essentials of risk mitigation and accident prevention, teamwork and Crew Resource Management (CRM), and focuses on data recovery.",3,Aeronautical Sciences,141565,course_name: UAS Flight; course_number: AERS 452; prerequisites: AERS 354
AERS,471,Airline Operations,"Discusses major air carrier organizational structure and relationships of operations with marketing, maintenance and safety. Provides students with current airline transport pilot operational policies and procedures and discusses their relationship to other departments within the total airline corporate structure.",1,Aeronautical Sciences,141565,course_name: Airline Operations; course_number: AERS 471; prerequisites: AERS 387
AERS,472,Pilot Professional Development,"Develop career goals, objectives, and gain an understanding of the career pilot hiring process. Research the industry and potential employers using available resources. This course will reinforce the prospective graduates' skills necessary to develop effective interviewing, letter and resume-writing skills.",1,Aeronautical Sciences,141565,course_name: Pilot Professional Development; course_number: AERS 472; prerequisites: AERS 387
AERS,473,Leadership as a Pilot,"Leadership techniques that pilots need to succeed in their careers. Topics covered will include leadership theory and dynamics, problem solving, and communication strategies.",1,Aeronautical Sciences,141565,Prerequisites: AERS 387
AERS,495,Professional Seminar,Careers in aeronautical science are not limited to pilots. Pilots should not limit their training to flying alone. This course offers the opportunity for interns to reflect on knowledge gained in volunteer service. Wisdom is shared with other students.,3,Aeronautical Sciences,141565,Prerequisites: AERS 387 or Instructor's Consent
AG,100,Intro to Agricultural Sciences,"Introduction to diverse disciplines of agricultural sciences, industry, and contemporary issues in agriculture.",3,Agriculture,141565,attributes: FGB; course_code: AG 100; course_name: Intro to Agricultural Sciences
AG,200,Agro-Environmental Science Com,"This writing intensive and communications course will consist of short lectures to demonstrate types of scientific writing and speaking by comparison of types of writing, presentations by invited speakers to demonstrate different speaking styles, and library and online research to develop a coherent, well-written scientific review consisting of a short, five page paper to be handed in and presented in class using Power Point.",3,Agriculture,141565,course_code: AG 200; course_name: Agro-Environmental Science Com
AG,304,Applied Microbiology,"An overview of the production aspects of microbiology, including fermentation biology, mushroom cultivation, and biotechnology.",3,Agriculture,141565,Prerequisites: BIOL 171 or instructor consent
AG,375,Intro To Genetic Analysis,"An introduction to the principles and methods of genetic studies. The principles are first covered, especially with regard to crop improvement. This is followed by an overview of the structure and function of DNA and RNA, and an introduction to the tools and applications of molecular biology.",3,Agriculture,141565,course_name: Intro To Genetic Analysis; course_number: AG 375; prerequisites: BIOL 171
AG,403,Ag Biotechnology for Educators,"This course is an overview of modern agricultural biotechnology with an emphasis on contemporary case studies.  It is geared toward students, teachers, and extension personnel with an interest in this field.  Thus, it will include instructional methods and alignment to state DOE standards. A firm grasp of biology and some understanding of genetics is assumed.",3,Agriculture,141565,course_name: Ag Biotechnology for Educators; course_number: AG 403; prerequisites: BIOL 171 or instructor consent
AG,405,Agricultural Biotechnology,"This course will provide basic information about agricultural biotechnology, with examples of its uses. Topics will include overviews of gene and genome analysis, transgenic technology, and bioinformatics, with an emphasis on crop improvement.",3,Agriculture,141565,Course Name: Agricultural Biotechnology; Course Number: AG 405; Prerequisites: at least 1 biology course
AG,496,Prof Develop for the Sciences,Guided research into current problems. Topics may vary according to interest of students and instructor.,1,Agriculture,141565,course_name: Prof Develop for the Sciences; course_number: AG 496; grading_basis: CR/NC only
AGBU,120,Ag Bus Field Study,"Agribusiness and agrieconomic functions performed by specialized agricultural agencies with emphasis on physical operating patterns; field trips to production, marketing and finance firms; workshops with agribusiness managers.",1–3,Agribusiness,141565,course_name: Ag Bus Field Study; course_number: AGBU 120
AGBU,320,Agribus Management,"Organization forms and management functions of agribusiness firms, management science principles, inventory control, operation research techniques, decision model, and human resources development as they are related to agribusiness firms.",3,Agribusiness,141565,course_name: Agribus Management; course_number: AGBU 320
AGBU,340,Agri-Marketing Research,"Primary marketing research including problem, definition, hypothesis formulation, research design, data collection, and results analysis. Mechanics of writing technical reports and oral presentations.",3,Agribusiness,141565,Prerequisites: AGEC 201 or ECON 130
AGBU,450,Sust Agribus Island Food Syst,"This course focuses on the management, financial, and marketing functions of agribusiness firms with special emphasis on sustainable island food and energy systems, indigenous rural production and land resource management models for islands, including the Hawaiian ahupua‘a and Japanese Satoyama.",3,Agribusiness,141565,course_name: Sust Agribus Island Food Syst; course_number: AGBU 450; recommended_status: Junior or Senior Status
AGEC,201,Agri Economics,Introduction to agriculture and resource economics and agri-business with application to Hawaiian agriculture (Micro-economics).,3,Agricultural Economics,141565,Course: AGEC 201; Course Name: Agri Economics
AGEC,322,Marketing Ag Products,"Acquaints the student with the economic organization and operation of the food and fiber section of the U.S. and Hawaiian economy.  In two general parts, one provides a treatment of agricultural price analysis; the second examines the marketing system for agricultural inputs, farm products, and processing and distribution activities with emphasis on cooperative marketing.  Field trips to cooperative and other marketing firms.  Future trading.",3,Agricultural Economics,141565,course_number: AGEC 322; course_title: Marketing Ag Products; prerequisites: introductory course in economics or agricultural economics
AGEC,360,Tropical Bioeconomy,Introduction to core concepts and technologies of bioeconomy applications in the tropics with comparisons to temperate regions. Emphasis will be placed on the prospects of tropical plant biomass and algae to serve as renewable raw materials for a sustainable economy.,3,Agricultural Economics,141565,Course: AGEC 360; Course_Title: Tropical Bioeconomy
AGEC,380,Environ Pol &amp; Mgt Hawn Nat Res,"Provides the student with an understanding of economic growth, resource scarcity and policy, environmental degradation, economic policy, property right and income distribution, institutional framework, benefit cost analysis and application of natural resource management in Hawaiʻi.",3,Agricultural Economics,141565,course_name: Environ Pol & Mgt Hawn Nat Res; course_number: AGEC 380
AGRN,410,Soil-Plant Herbivore Interrltn,"The principles of plant competition and succession during the establishment and maintenance of herbaceous species and communities are related to soil, biotic, and microclimate factors and their interactions.  Ecological and nutritional principles embodying plant and animal factors in the utilization of herbaceous plants by livestock are established.  Research methodology in grassland systems also is presented.",3,Agronomy,141565,"course_name: Soil-Plant Herbivore Interrltn; course_number: AGRN 410; prerequisites: ANSC 141, BIOL 171 or HORT 262, or instructor's consent"
AJ,101,Intro to Admin of Justice,"This course focuses on history, philosophy, and language of the criminal justice system. The role of law enforcement, prosecutor, public defender, courts, and corrections is examined. Social aspects of change and how it affects the criminal justice system also explored. Offered in conjunction with Hawaiʻi Community College.",3,Administration of Justice,141565,attributes: DS; prerequisites: Placement in ENG  100
AJ,103,Criminal Investigations I,"This is an introductory course in criminal investigations. The nature of investigations, fingerprint classification, the role of the laboratory, and specific offense investigation will be explored.  The class will also discuss interview and interrogation and search and seizure techniques.",3,Administration of Justice,141565,offered_with: Hawaiʻi Community College; prerequisites: Placement in ENG 100
AJ,104,CSI: Violent Crime Forensics,"Advanced course work in forensic science (Legal Scientific Investigation), with its contributions to both Crime Scene Investigations and Laboratory Analysis. Specific field and laboratory investigative techniques in violent crimes and other major felonies will be explored.",3,Administration of Justice,141565,course_name: CSI: Violent Crime Forensics; course_number: AJ 104; offered_with: Hawaiʻi Community College; prerequisites: AJ 103
AJ,150,The Correctional Process,"This course examines the history of punishment and corrections.  The class discusses laws, records, inmate classification, treatment programs, disciplinary procedures and supervisory techniques.",3,Administration of Justice,141565,course_name: The Correctional Process; course_number: AJ 150; offered_with: Hawaiʻi Community College
AJ,170,Intro to Private Security,"This course surveys the concepts and issues in the administration of security. Defines public versus private security roles for retail business, industry, and governmental agencies. Provides an overview of the functions of various security activities.",3,Administration of Justice,141565,course_name: Intro to Private Security; course_number: AJ 170; offered_with: Hawaiʻi Community College; prerequisites: placement in ENG 100
AJ,180,Intro to Homeland Security,"An examination of the history of terrorism, focusing on the terrorists, who they are, and how they operate. Responses to domestic and international terrorism will be discussed along with analyzing future trends.",3,Administration of Justice,141565,course_number: AJ 180; course_title: Intro to Homeland Security; offered_with: Hawaiʻi Community College; prerequisites: AJ 101
AJ,208,Criminology,"This course explores crime and the body of knowledge regarding it as a social phenomenon. An emphasis is placed on the analysis of crime, crime causation, crime variables, impact on society, and societal reactions to crime.",3,Administration of Justice,141565,Offered with: Hawaiʻi Community College; Prerequisites: placement in ENG 100
AJ,210,Juvenile Justice,"This course focuses on principles and procedures of arrest, detention, petition, summons, records, and adjudication of the juvenile offender.  It introduces the organization and function of the police juvenile unit, community diversion practices and organization of the Family court.",3,Administration of Justice,141565,Offered With: Hawaiʻi Community College; Prerequisites: placement in ENG 100
AJ,220,Constitutional Law,"The U.S. Constitution is examined as a basis of arrest, search, seizure, interrogation, use of force and civil rights.  U.S. Supreme Court cases and Hawaiʻi Court cases are examined to illustrate the court's interpretive process.",3,Administration of Justice,141565,course_name: Constitutional Law; course_number: AJ 220; offered_with: Hawaiʻi Community College; prerequisites: AJ 101
AJ,221,Criminal Law,"Studies history and philosophy of criminal law. Examines United States Constitution, especially the Bill of Rights. Considers nature of law, legal institutions, criminal court procedures, and offenses against persons and property. Includes case briefs.",3,Administration of Justice,141565,Offered with: Hawaiʻi Community College; Prerequisites: AJ 101
AJ,233,Police Organization &amp; Mgmt,"This course studies the principles of organization and administration of policing.  Overviews of operations and activities of various divisions, bureaus, training and selection procedures, planning, and research are discussed.",3,Administration of Justice,141565,Offered with: Hawaiʻi Community College; Prerequisites: placement in ENG 100
AJ,234,Police and Community Relations,This course acquaints the student with the role of police in government and the critical importance of effective community relations.  The dynamics of race relations and other current social problems that directly relate to the law enforcement community are explored.,3,Administration of Justice,141565,Offered With: Hawaiʻi Community College; Prerequisites: placement in ENG 100
AJ,250,Practice/Proced in Corrections,"This course will provide students with the basic training skills necessary to enhance their opportunities to secure a job in the high demand field of corrections. The course will focus on such areas as the history and philosophy of corrections, the role of the correctional officer, legal aspects of corrections, communication and writing skills, as well as basic security procedures.",3,Administration of Justice,141565,course_name: Practice/Proced in Corrections; course_number: AJ 250; offered_with: Hawaiʻi Community College; prerequisites: AJ 101 and AJ 150
AJ,256,Domest Violence &amp; Child Abuse,"This course focuses on domestic violence and child abuse.  The cycle of violence, causes, effects and symptoms of child abuse will be explored.  Legal, public policy, criminal justice, health and social services responses and interventions to family, child and intimate partner abuse will be examined.",3,Administration of Justice,141565,offered_with: Hawaiʻi Community College; prerequisites: placement in ENG 100
AJ,280,Current Issues,"Examination of recent textual materials, government reports, and problems within the criminal justice system and how it affects change within American society and the world. Includes preparation of a formal research essay.",3,Administration of Justice,141565,course_name: Current Issues; course_number: AJ 280; offered_with: Hawaiʻi Community College; prerequisites: AJ 101 and ENG 100
AJ,285,Narcotics &amp; Organized Crime,"The identification of narcotics and dangerous drugs, their manufacture and distribution, effects on society, applicable Federal and state laws. Vice and organized crime investigations, applicable laws, effects on individuals and society.",3,Administration of Justice,141565,"Offered with: Hawaiʻi Community College; Prerequisites: ENG 100/100T, ESL 100/100T, or concurrent enrollment"
AJ,290B,AJ Practicum I,"With the cooperation of public and nonprofit agencies in the community, advanced students are placed in responsible positions where they earn credits for work performed. For ADJ Majors only. Offered in conjunction with Hawaiʻi Community College.",3–6,Administration of Justice,141565,corequisites: AJ  280 or prior completion; prerequisites: AJ  101 and AJ  210 or AJ  256
AJ,290C,AJ Practicum II,"With the cooperation of public and nonprofit agencies in the community, advanced students are placed in responsible positions where they earn credits for work performed.",3–6,Administration of Justice,141565,Offered with: Hawaiʻi Community College; Prerequisites: AJ 290B
AJ,290D,AJ Practicum III,"With the cooperation of public and nonprofit agencies in the community, advanced students are placed in responsible positions where they earn credits for work performed.",3–6,Administration of Justice,141565,other: Offered in conjunction with Hawaiʻi Community College; prerequisites: AJ 290C
AJ,301,"Justice, Power, and Democracy","An examination of three central themes in the field of administration of justice: justice, power, and democracy. Topics covered include justice and injustice, power and powerlessness, and democracy and social change.",3,Administration of Justice,141565,"course_number: AJ 301; course_title: Justice, Power, and Democracy"
AJ,302,Capitalism &amp; Economic Justice,"An overview of the history, nature, and transformation of global capitalism, and the hierarchies and inequities associated with capitalist developments. Topics covered include the history of capitalism and its critics, alternative conceptions for economic life and economic justice, and possibilities for social transformation and equitable economic conditions.",3,Administration of Justice,141565,course_code: AJ 302; course_title: Capitalism & Economic Justice
AJ,303,Feminism and Justice,"An overview of the history and progression of modern feminist thought and practice, focusing on how different frameworks within feminist theory understand gender inequality and conceptualize justice. Topics covered include liberal, radical, intersectional, womanist, Indigenous, and Marxist/socialist feminisms.",3,Administration of Justice,141565,course_number: AJ 303; course_title: Feminism and Justice
AJ,304,Fascism and Authoritarianism,"An examination of the history and growth of political extremism in the U.S. and globally, the ideology and practice of fascism, and the potentiality for authoritarianism in liberal democracies.",3,Administration of Justice,141565,course_code: AJ 304; course_title: Fascism and Authoritarianism
AJ,305,Justice and the Environment,"An examination of theories of justice as they relate to environmental issues, with emphasis on the significance of animal-human relations, non-human interests, and complex ecosystems for imagining and practicing justice. Topics covered include ecological justice, environmental justice, anthropocentrism, ecocentrism, biocentrism, biodiversity, animal rights, and radical environmentalism.",3,Administration of Justice,141565,course_number: AJ 305; course_title: Justice and the Environment
AJ,307,Animal Cruelty,"An examination of animal cruelty and animal abuse in the United States, with emphasis on the treatment of domesticated and companion animals in society. Topics covered include the nature of animal-human relations, crimes against animals, animal protection laws, animal law enforcement, animal ethics, animal welfare, animal rights, and animal advocacy.",3,Administration of Justice,141565,attributes: GCC; course_number: AJ 307; course_title: Animal Cruelty
AJ,320,Crime and Society,"This course is designed to introduce students to the study of crime, its social construction, how it is controlled, who is victimized and different theories as to why we commit crime.",3,Administration of Justice,141565,course_code: AJ 320; course_name: Crime and Society
AJ,321,Policing and Punishment,"This course explores the interplay between policing, punishment, and political development. Focusing on the United States, the course asks two main questions. First, what role have policing and punishment played in the historical development of American political order and institutions? Second, how do policing and punishment shape contemporary political behavior and inequality? In addressing these questions, the goal for students to situate criminal justice institutions and practices in terms of broader political, economic, and social dynamics.",3,Administration of Justice,141565,Course: AJ 321; Course Title: Policing and Punishment
AJ,322,Criminal Justice,"An examination of the criminal justice system, its structure and its function, with emphasis on the disparate experiences as a result of race, class, or gender. Topics covered include how crime is defined, policing, courts, corrections, mass incarceration, collateral consequences, and class, racial and gendered disparities.",3,Administration of Justice,141565,course_name: Criminal Justice; course_number: AJ 322; prerequisites: AJ 101 or instructor's consent
AJ,323,Criminal Law and Procedure,"This course addresses the basics of criminal law and procedure. Topics will include the fundamental principles of criminal law and procedure, how they were established, and how they are commonly practiced.",3,Administration of Justice,141565,course_name: Criminal Law and Procedure; course_number: AJ 323; prerequisites: AJ 101 or instructor's consent
AJ,327,Global Crime,"This course explores the organization of global markets for illegal goods and services. Topics include the development of order and illegality, along with the ways in which the illicit movement of humans, natural resources, drugs, guns, and information help shape domestic patterns of violence, welfare, and prosperity.",3,Administration of Justice,141565,course_name: Global Crime; course_number: AJ 327
AJ,330,Race and Violence,"This course studies the ways in which racial groupings and categorizations help shape patterns and instances of violence. To do so, the course explores theories of identity-based violence, the specific origins of racial classification systems, and the ways in which economic, political, social, and psychological processes link those systems to different forms of violence.",3,Administration of Justice,141565,course_name: Race and Violence; course_number: AJ 330
AJ,333,Indigenous Justice,"This course examines efforts by indigenous populations to pursue and promote justice. With a focus on North America and the Pacific, topics include traditional conceptions of justice, interactions with broader legal and economic systems, and the development of activism, education, and identity in response to injustices.",3,Administration of Justice,141565,attributes: HPP; course_code: AJ 333; course_title: Indigenous Justice
AJ,334,Indigenous Constitutional Law,"This course focuses on understanding Supreme Court cases involving Native Americans and Native Hawaiians. Topics will include political sovereignty, religious and cultural practices, land and water rights, and treaties.",3,Administration of Justice,141565,attributes: HPP; course_name: Indigenous Constitutional Law; course_number: AJ 334
AJ,340,Propaganda &amp; Justice in the US,"This course gives students an insight into the power of propaganda and how language influences how institutions and individuals define Justice. Topics covered include how information is presented, how attitudes and opinions are developed, and media literacy skills to help students navigate the modern media market.",3,Administration of Justice,141565,course_code: AJ 340; course_title: Propaganda & Justice in the US
AJ,360,Public Leadership &amp; Ethics,"A survey of ethics and leadership skills for public administrators and public managers. Topics covered include theories of leadership, professional standards, ethical principles, ethical responsibilities in a democratic society, and the application of leadership theories to public sector settings.",3,Administration of Justice,141565,course_name: Public Leadership & Ethics; course_number: AJ 360
AJ,361,Advocacy and Criminal Justice,"An examination of contemporary issues related to the administration of justice, with emphasis on advocating for oppressed populations. Topics covered include advocacy campaigns, fundraising, legislative lobbying, coalition building, and community organizing.",3,Administration of Justice,141565,attributes: ['GCC']; course_name: Advocacy and Criminal Justice; course_number: AJ 361
AJ,362,Public Policy Analysis,"An introduction to public policy analysis for students planning careers in public agencies or non-profit service, focusing on the application of public policy models to examine public policy issues related to the administration of justice.",3,Administration of Justice,141565,course_name: Public Policy Analysis; course_number: AJ 362
AJ,380,Research Methodology for AJ,The logic and techniques of social research as applicable to the field of Administration of Justice. Basic topics and techniques of social research methodology reviewed with an especial emphasis on applied research as suited to the Administration of Justice practice and policy making. Planning and conduct of research to be covered as well as the criteria for evaluating existing research for establishing policies and best practices.,3,Administration of Justice,141565,attributes: GQ; prerequisites: AJ  101 (Attributes: GQ)
AJ,470,Seminar in Admin of Justice,Selected topics in administration of justice. Topics vary from semester to semester as announced.,3,Administration of Justice,141565,Prerequisites: AJ 101
ANSC,141,Intro To An Science,"Introductory material related to animal science and livestock production including topics such as terms, body parts, wholesale cuts, breeds, digestion, feeding, reproduction, industry, and livestock breeding.",3,Animal Science,141565,attributes: ['DB']; course_name: Intro To An Science; course_number: ANSC 141
ANSC,163,Intro Equine Sports &amp; Careers,"Overview of equine sports including english, western, rodeo, driving, and racing. Within each sport, potential career paths and their educational requirements will be reviewed.",3,Animal Science,141565,course_code: ANSC 163; course_name: Intro Equine Sports & Careers
ANSC,254,Fundamentals of Nutrition,"Comparative animal digestive systems and metabolism. Essential nutrients, their functions, mechanisms of action and interrelationships.",3,Animal Science,141565,"attributes: ['DB', 'GCC']; course_name: Fundamentals of Nutrition; course_number: ANSC 254; cross_listing: BIOL 254"
ANSC,421,Intro to Veterinary Pharmacol,Introduction to the basic principles of veterinary pharmacology and major drug classes.,3,Animal Science,141565,prerequisites: CHEM  141 or higher; recommended_preparation: CHEM  272 and 273
ANTH,112,Box Office Archaeology,"This course is an introductory level film-based consideration of archaeology and archaeologists. Various films, ranging from the 1930s to the present, are viewed, discussed and critiqued. The foci of inquiry are on how archaeology is portrayed in visual media through time, and how media have affected archaeology, the human past and  popular culture. The romanticized image of archaeology will be compared with scientific realities, specifically the nature of archaeological data, theory, field methods and analytical techniques.",3,Anthropology,141565,course_number: ANTH 112; course_title: Box Office Archaeology
ANTH,150,Humankind Emerging,"Our 4-field approach toward integrating various aspects of the human condition includes 1) biological, 2) cultural, 3) linguistics, and 4) archaeological. We view the world using this dynamic introduction to anthropological methods, theories, ethics, and by analyzing past populations, our close primate relatives, language and communication, sexuality, spirits and the supernatural, and contemporary issues. We make this course relevant to you by examining gender and cultural diversity, the meaning of family, food sustainability, and globalization.",3,Anthropology,141565,attributes: FGC; course_name: Humankind Emerging; course_number: ANTH 150
ANTH,200,Cult Of World: Regional Survey,The traditional cultures of various geographic areas of the world. Specific regions to be announced each semester:,3,Anthropology,141565,"attributes: GAHP; course_number: ANTH 200; course_title: Cult Of World: Regional Survey; regions: ['Oceania', 'East Asia', 'South East Asia', 'South Asia', 'North America', 'Africa', 'South America', 'Other']; repeatability: May be repeated for credit if subletters are different"
ANTH,205,Cultural Anthropology,"The course will provide you with a multicultural perspective on the world, and deepen your understanding from a global perspective by highlighting cultural and gender diversity, kinship patterns, and economic and political systems.",3,Anthropology,141565,attributes: FGB; course_name: Cultural Anthropology; course_number: ANTH 205; previous_course_number: ANTH 100
ANTH,210,Archaeology,Prehistoric archaeology; methods and techniques of excavation and analysis; brief survey of human's cultural growth in prehistoric times.,3,Anthropology,141565,"attributes: ['DS', 'HPP']; course_number: ANTH 210; course_title: Archaeology; previously_offered_as: ANTH 110"
ANTH,215,Human Evolution,The evolution of humans and their position among the primates. Human adaptation to the environment both in the past and present. Human variation and biomedical anthropology and explored.,3,Anthropology,141565,"attributes: ['DB', 'DS']; course_name: Human Evolution; course_number: ANTH 215"
ANTH,221,Intro to Language,"Linguistically oriented approaches to human behavior, including ethnolinguistics, sociolinguistics, and psycholinguistics. The way language functions in culture, society, and the cognitive processes.",3,Anthropology,141565,course_name: Intro to Language; course_number: ANTH 221; cross_listing: LING 221
ANTH,300,Cultures of Oceania,"This course studies the societies of Polynesia, Micronesia and Melanesia.  It introduces students to the culture and people of these Pacific regions, the impact of contact with the West and the struggle to balance tradition and modernity in contemporary times.",3,Anthropology,141565,attributes: GAHP; course_number: ANTH 300; course_title: Cultures of Oceania; related_course: ANTH 357 (Change in the Pacific); related_course_description: concentrates more on contemporary social and political issues
ANTH,310,Contemp Iss in Hawaiian Anth,"An examination of the social and political context in which Hawaiian archaeology is practiced.  Topics include indigenous anthropology, descendant communities, critical theory, and the politics of the past.",3,Anthropology,141565,attributes: GAHP; course_name: Contemp Iss in Hawaiian Anth; course_number: ANTH 310
ANTH,315,Ecological Anthropology,"Relationship of humans to their natural environment, particularly emphasizing the role of culture as a dynamic component in ecological systems.",3,Anthropology,141565,"Prerequisites: ANTH 150 or 215, or instructor's consent"
ANTH,320,Cross-Cultural Study Of Women,"Comparative analysis of women's roles and women's lives in different societies.  Topics include women's status, life stages, gender roles, images of women and power.",3,Anthropology,141565,"attributes: ['DS', 'FGC']; course_code: ANTH 320; course_title: Cross-Cultural Study Of Women; cross_listing: WS 320"
ANTH,321,Morphology And Syntax,"Introduction to grammatical analysis and theory; practical experience in solving problems in morphology and syntax, using data drawn from a wide variety of languages. (Same as ENG 321, LING 321).",3,Anthropology,141565,prerequisites: LING  102 or consent of instructor; recommended_preparation: LING  311
ANTH,323,Cultural &amp; Social Change,"Various approaches to cultural and social change in non-literate and modern societies; evolution, diffusion, acculturation, adaptation, revolution.",3,Anthropology,141565,course_code: ANTH 323; course_name: Cultural & Social Change
ANTH,324,"Culture, Sex And Gender",A cross-cultural examination of the development of gender systems and gender roles. Consideration of sex roles and activities as part of the larger gender system. (Same as WS 324).,3,Anthropology,141565,"attributes: DS, FGC; prerequisites: ANTH  150 or 205 or instructor's consent"
ANTH,331,Lang in Culture &amp; Society,"An examination of the articulation of language in social and cultural context, including topics relevant to sociolinguistics and ethnolinguistics.",3,Anthropology,141565,"cross_listing: ['LING 331']; prerequisites: ['ANTH/LING 221', 'LING 102', 'consent of instructor']"
ANTH,347,Pidgins And Creoles,"A study of the world's pidgins and creoles; the origin and nature of pidgins and creoles; the relationship of Hawaiian Creole English to other Creoles in the world; the link between the developments of a Creole and language acquisition. (Same as ENG 347, LING 347).",3,Anthropology,141565,attributes: GAHP; recommended_preparation: LING  102 or 121
ANTH,354,Filipino Culture,"Introduction to peoples and cultures of the Philippines. Topics include cultural origins, linguistics and cultural diversity, values, social structure, and overseas Filipino adaptations.",3,Anthropology,141565,"attributes: ['DS', 'GAHP', 'GCC', 'GH', 'HPP']; course_code: ANTH 354; course_name: Filipino Culture"
ANTH,356,Japan,Culture origins and development with emphasis on contemporary Japanese culture.,3,Anthropology,141565,attributes: GAHP; course_number: ANTH 356; cross_listing: JPST 356
ANTH,357,Change in The Pacific,Peoples of the Pacific Islands with emphasis on contemporary cultures and social and political problems.,3,Anthropology,141565,"attributes: GAHP, HPP; prerequisites: consent of instructor"
ANTH,358,Japanese Immigrants,"Examination of social and cultural adaptations of Japanese immigrant populations, with foci on Hawaiʻi and Brazil. Topics include the role of the Japanese government and emigration companies, the factors of generation, kinship, ethnicity, and contemporary Japanese migrants.",3,Anthropology,141565,"attributes: ['DS', 'GAHP', 'HPP']; course_name: Japanese Immigrants; course_number: ANTH 358; cross_listing: JPST 358"
ANTH,359,Cross-Cultural Cosmology,"The anthropological approach to the study of religion asks the questions:  What is religion cross-culturally and for particular societies?  What behaviors and  attitudes characterize religion in different culture areas?  How can particular religions be related to societies that espouse them?  Topics include indigenous and adopted religions of Hawaiʻi, Japan and China.",3,Anthropology,141565,course_name: Cross-Cultural Cosmology; course_number: ANTH 359
ANTH,370,Hist of Anth Theory,Theory and method in anthropology; emphasis on cultural/social anthropology.,3,Anthropology,141565,"Prerequisites: ANTH 150 and junior or senior standing, or consent of instructor"
ANTH,372,Culture through Film,Critical examination of ethnographic films (documentaries that describe a culture). Film construction and film-maker's intentions. Development of approaches to ethnographic film-making. Cultural representation in film. Relationship of film to written ethnography.,3,Anthropology,141565,"attributes: DS, FGC; prerequisites: ANTH  150 or ANTH  205"
ANTH,373,Performance Across Cultures,"This course explores the cultural expressions and traditions through the performance traditions from Asia, Africa, Europe and the Americas, using the transhistorical approach. Under the themes of the body and culture, ritual, performing, cultural literacy and tourism and globalization, the course introduces students to the performance forms across cultures.",3,Anthropology,141565,"attributes: ['DS', 'FGC', 'GCC']; course_name: Performance Across Cultures; course_number: ANTH 373; cross_listings: ['JPNS/JPST/WS 373']"
ANTH,375,Human Biological Variation,"Human genetic and physical variation; latitudinal, longitudinal and altitudinal variation across human variation.",3,Anthropology,141565,"Alternative Prerequisite: consent of instructor; Prerequisites: ['ANTH 250', 'ANTH 215']"
ANTH,380,Origins of Agriculture,"This course is a seminar that reviews the history of thought and debate concerning the development of prehistoric agriculture and the processes of plant cultivation and domestication. Emphasized are recent interdisciplinary developments in ethnobotany and archaeobotany that allow detailed, complex scientific evidence to be considered.",3,Anthropology,141565,Course: ANTH 380; Course Title: Origins of Agriculture
ANTH,384,Primatology,Evolutionary approach to the nonhuman primates. Biological and behavioral adaptations of primates to their ecological setting. Implications of primate adaptations for understanding human biology and behavior.,3,Anthropology,141565,"Crosslistings: ['BIOL 384', 'ENSC 384']; Prerequisites: ANTH 215, or BIOL 172"
ANTH,385,Hawn &amp; Pacific Prehistory,Archaeological overview of the cultures of the Pacific before European contact with an emphasis on Polynesia and Hawaiʻi.,3,Anthropology,141565,"attributes: ['DS', 'GAHP', 'HPP']; course_code: ANTH 385; course_name: Hawn & Pacific Prehistory"
ANTH,386,Hawaiian Culture Before 1819,"Hawaiian culture before the 1819 overthrow of the native Hawaiian religion: fishing and farming, political-economic organization and religion. Emphasis on early Hawaiian writers-Malo, Kamakau and 'I'i.",3,Anthropology,141565,"attributes: GAHP, HPP; prerequisites: ANTH  150 or ANTH  205 HWST  111 or instructor's consent"
ANTH,387,Modern Hawn Cult 1819-Present,"Change and continuity in Hawaiian culture from 1819 to the present, in the context of interaction with non-Hawaiians. Major cultural transformations of the nineteenth century. Hawaiian culture in the early and later twentieth century.",3,Anthropology,141565,attributes: GAHP; prerequisites: ANTH  150 or ANTH  205 or HWST  111 or instructor's consent
ANTH,388,"Pots, Bottles, and Shipwrecks","Historical archaeology as an integral aspect of anthropological inquiry into culture-contact and culture change. Topics include research designs, field methods, laboratory methods, and generating “anthropological histories”. North American historical archaeology is reviewed with an emphasis on the potential applications of historical archaeology in Oceania.",3,Anthropology,141565,"course_number: ANTH 388; course_title: Pots, Bottles, and Shipwrecks; prerequisites: ANTH 210"
ANTH,389,Cultural Resource Management,"Covering issues pertaining to the identification, evaluation, and conservation of cultural resources, with an emphasis on archaeological sites. Central topics include the National Historic Preservation Act, the Native American Graves Protection and Repatriation Act, Hawaiʻi State legislation regarding cultural resources, and the implementation of these laws in Hawaiʻi by government and private organizations.",3,Anthropology,141565,"attributes: ['DS', 'GCC', 'HPP']; course_name: Cultural Resource Management; course_number: ANTH 389"
ANTH,415,Medical Anth,"Approaches to health, disease and medicine in both Western and non-Western cultures including ecological, evolutionary and anthropological perspectives.",3,Anthropology,141565,attributes: DS; prerequisites: 9 credits in either anthropology or biology
ANTH,445,Ethnographic Field Tech,Techniques of anthropological field research; ethnographic literature and work with informants.,3,Anthropology,141565,"Prerequisites: ANTH 150 or ANTH 205 or consent of instructor; Repeatability: May be repeated for credit if topics are different, up to a maximum of six (6) credit hours."
ANTH,450,Physical Anth Lab,"Human biology of living and skeletal populations. Methods and techniques of quantitative and qualitative analysis of human anatomical, physiological and biochemical variation under field conditions.",4,Anthropology,141565,Course Name: Physical Anth Lab; Course Number: ANTH 450; Prerequisites: ANTH 215 and consent of instructor
ANTH,463,Global Health in Evol Perspect,Overview of global health issues from the perspective of evolutionary medicine. Topics include the co-evolution of humans and their pathogens; modernization and the health transition to chronic diseases.,3,Anthropology,141565,"Prerequisites: ANTH 150, ANTH 215, or consent of instructor"
ANTH,470,Museology,"Museum training, including museum activities, exhibits, administration, custodial problems and interpretation. At least one field trip to Lyman House Museum.",3,Anthropology,141565,"Prerequisites: ANTH 150 or ANTH 210, or consent of instructor"
ANTH,481,Archaeometry,"Covering a broad range of analytical techniques in archaeological research, emphasizing the relationships of archaeology to the natural sciences. Mini-sections of the course involve hands-on laboratory experience, covering geoarchaeology, zooarchaeology, archaeobotany, identification of raw materials and resources, and dating techniques.",3,Anthropology,141565,course_name: Archaeometry; course_number: ANTH 481
ANTH,482,Archaeological Research Meth,"Archaeological methods including research design and field methods such as survey, mapping and excavation, and laboratory methods.",4–6,Anthropology,141565,"course_name: Archaeological Research Meth; course_number: ANTH 482; credit_hours: varies (4-6 weeks, 8/hrs./day); prerequisites: ANTH 210 or permission of instructor; repeatability: May be repeated for credit up to maximum of 12 credit hours; typical_offering: summer session"
ANTH,485,Applied Anthropology,"Anthropological methods, concepts, and theories as they apply to the solution of contemporary human problems. Exploration of the use of anthropology in various occupational areas.",3,Anthropology,141565,"attributes: ALEX, DS, GCC; prerequisites: ANTH  150 and junior or senior standing, or consent of the instructor"
ANTH,490,Internship in Archaeology,"Placement and experience in public, private, and/or government agencies involved in archaeological research plus completion of related research projects. May be repeated for credit if topics are different, up to a maximum of 12 credits.",3–6,Anthropology,141565,attributes: ALEX; prerequisites: ANTH  210 and instructor and department approval
ANTH,492,Dynamic World of Anthropology,"This course is a culminating experience of your anthropology education. You will strengthen your competence in the four subdisciplines of anthropology and hone your skills for future professional activities and personal development. Career opportunities related to various subfields, including cultural resource management, health care and forensics, are identified, in addition to opportunities in non-profits.",3,Anthropology,141565,Prerequisites: Senior Standing or Instructor's Consent
ANTH,500,Masters Plan Studies,Used for continuous enrollment purposes. Does not count toward fulfillment of degree requirements.,1,Anthropology,141565,Course Name: Masters Plan Studies; Course Number: ANTH 500; Prerequisites: Master's or Doctoral candidacy and instructor's consent
ANTH,600,"Thesis Design, Method, Theory","Seminar on the mechanics of completing a thesis. Theoretical and applied frameworks of heritage management, essential components of a theoretically founded and searchable research questions, community goals, standards for writing a thesis.",3,Anthropology,141565,"course_code: ANTH 600; course_title: Thesis Design, Method, Theory"
ANTH,601,Ethics of Heritage Management,"Ethical issues raised by archaeological research, data curation and preservation, and public visibility. Global review of laws and ethical codes related to the practice of heritage management as an academic discipline, colonialism and nationalism, looting and the art market, material culture, public engagement and community based research, identity and the world system, and issues of group representation in popular media.",3,Anthropology,141565,course_number: ANTH 601; course_title: Ethics of Heritage Management
ANTH,602,Historic Preservation Laws,Major issues of Heritage Management legislation and the structure of federal and state programs. We'll review some of recent court cases in the U.S. and Pacific Nations. Civil suits over historic preservation. Graduate students will work with ANTH  389 students in the design and implementation of their community based-research.,3,Anthropology,141565,course_name: Historic Preservation Laws; course_number: ANTH 602; paired_with: ANTH 389 (Cultural Resource Management)
ANTH,603,Qualitative &amp; Quant. Methods,"Overview of methods used to interpret anthropological fieldwork. Discussion of research design, sampling, scales of analysis, differences between qualitative analysis and quantitative analysis.",3,Anthropology,141565,course_name: Qualitative & Quant. Methods; course_number: ANTH 603
ANTH,611,Cultural Impact Assessments,"Introduction to applied ethnographic studies in Hawaiʻi, including cultural impact assessments, ethnohistoric studies, regulations, ethics and politics of community-based consultation and research; research in historic-era documents, ethnographies, maps, previous archaeological studies, and texts written in the Hawaiian language.",3,Anthropology,141565,course_code: ANTH 611; course_name: Cultural Impact Assessments
ANTH,612,Indigenous Museum Studies,"Community museum development with a focus on indigenous perspectives of heritage and stewardship. Grant-writing, collections documentation and management, exhibit planning, and public engagement.",3,Anthropology,141565,"course_name: Indigenous Museum Studies; course_number: ANTH 612; paired_course: ANTH 470 (Museology); prerequisites: ['ANTH 600', 'ANTH 601', 'ANTH 602']"
ANTH,613,Human Paleoecology,"Methods and theories pertaining to understanding ancient human interactions with ecosystems, including effects of human colonization on island environments, species introductions and extinctions, geomorphological change and studies of other anthropogenic processes.",3,Anthropology,141565,"Course Name: Human Paleoecology; Course Number: ANTH 613; Prerequisites: ['ANTH 600', 'ANTH 601', 'ANTH 602']"
ANTH,614,Submerged Cultural Resources,"Overview of conservation and management issues related to submerged cultural resources with specific attention given to the Abandoned Shipwrecks Act, Admiralty Law, and other regulatory factors pertaining to the management of submerged resources in the Hawaiian Archipelago and the Pacific in general. An overview of methodological issues and ongoing submerged resource issues are discussed.",3,Anthropology,141565,"Course Number: ANTH 614; Course Title: Submerged Cultural Resources; Prerequisites: ['ANTH 600', 'ANTH 601', 'ANTH 602']"
ANTH,623,Archaeology of Oceania,Archaeological overview of cultures of the Pacific both before and after Western contact with an emphasis on research being conducted as a result of regional heritage management programs.,3,Anthropology,141565,"course_name: Archaeology of Oceania; course_number: ANTH 623; prerequisites: ['ANTH 600', 'ANTH 601', 'ANTH 602']"
ANTH,624,Archaeology of Hawaiʻi,"History, theory, and practice of archaeology in the Hawaiian Islands. Development of the discipline, including ethics and politics, and contemporary Kānaka Maoli concerns. Theoretical topics include the emergence of social complexity, political economy, monumentality, craft production, agriculture and gender relations, and archaeoastronomy.",3,Anthropology,141565,"course_number: ANTH 624; course_title: Archaeology of Hawaiʻi; prerequisites: ['ANTH 600', 'ANTH 601', 'ANTH 602']"
ANTH,625,Pacific Heritage Management,"Overview to indigenous heritage management in the Pacific. International conventions and world heritage sites, national historic preservation law, community-based cultural revival projects, and collaborative research and preservation.",3,Anthropology,141565,"course_name: Pacific Heritage Management; course_number: ANTH 625; prerequisites: ['ANTH 600', 'ANTH 601', 'ANTH 602']"
ANTH,631,Oral History Research,"Ethics of applied ethnographic and participatory research, interview protocols, methods of listening, observing and recording, and approaches to interpretive analysis. Methods of interviewing and recording, including the analysis of recorded transcripts while addressing the broader issues that surround oral history and applied ethnographic research, including the epistemological underpinnings of qualitative methods.",3,Anthropology,141565,"course_number: ANTH 631; course_title: Oral History Research; prerequisites: ['ANTH 600', 'ANTH 601', 'ANTH 602']"
ANTH,632,Paleobotanical Methods,"The identification and analysis of plant remains, particularly in relationship to paleoethnobotany in the Pacific Islands. Palynology, phytolith analysis, starch grain identification, wood charcoal identification.",3,Anthropology,141565,"course_name: Paleobotanical Methods; course_number: ANTH 632; prerequisites: ['ANTH 600', 'ANTH 601', 'ANTH 602']"
ANTH,633,Material Conservation,"Conservation issues that affect the long-term curation of cultural material. Preservation methods related to paper, textiles, bark cloth, waterlogged objects, ferrous metals, and an assortment of other materials. Special emphasis is placed on working with, and providing stewardship for indigenous cultural materials.",3,Anthropology,141565,"Course Name: Material Conservation; Course Number: ANTH 633; Prerequisites: ['ANTH 600', 'ANTH 601', 'ANTH 602', 'ANTH 612']"
ANTH,634,Lithic Analysis,Analytical methods applied to stone artifacts (lithics) from cultural sites and museum collections. History of lithic analyses in archaeology; current analytical techniques; tool production technologies;use-wear. Course content is intended to be applied to thesis projects; students work with undergraduates in ANTH  484 (stone tools analysis).,3,Anthropology,141565,"course_name: Lithic Analysis; course_number: ANTH 634; prerequisites: ['ANTH 600', 'ANTH 601', 'ANTH 602']; related_course: ANTH 484"
ANTH,635,Human Osteology,Analytical methods used in physical and biological anthropology. Practical skills related to physical anthropology in the context of heritage management. Emphasis on ethically grounded research in the context of indigenous heritage.,3,Anthropology,141565,"Course Number: ANTH 635; Course Title: Human Osteology; Prerequisites: ['ANTH 600', 'ANTH 601', 'ANTH 602']"
ANTH,690,Heritage Management Internship,"Placement and experience in public, private, and/or government agencies involved in heritage management plus completion of related research projects.",3,Anthropology,141565,"Course_Areas: ['Archaeology', 'Museum Studies', 'Burials Program', 'Cultural Impact Assessments']; Prerequisites: ANTH 600, ANTH 601, ANTH 602; Repeatability: May be repeated for credit"
ANTH,700,Thesis Research,"Supervised research, data analyses, literature review, and writing up of an original empirical study designed to develop and demonstrate the ability to do research and competence in scholarly exposition. Students are expected to work on their thesis under the supervision of their faculty and have their work reviewed by their thesis committee.",1–6,Anthropology,141565,"Course Number: ANTH 700; Course Title: Thesis Research; Prerequisites: ['ANTH 600', 'ANTH 601', 'ANTH 602']"
AQUA,254,Nutrition of Aquatic Organisms,"Principles in digestive physiology, feeding habits and nutrients role and requirements. Identify the importance of diet quality, formulation and feeding practices in optimizing animal performance and product quality under farming and natural conditions.",3,Aquaculture,141565,attributes: DB; course_name: Nutrition of Aquatic Organisms; course_number: AQUA 254
AQUA,262,Intro Aquaculture,"Discussion of the biological, physiochemical and economic aspects of aquaculture, including a survey of the culture techniques of cultured species of finfish, shellfish, lower invertebrates and algae.",3,Aquaculture,141565,"attributes: ['ALEX', 'DB', 'GCC', 'HPP']; course_name: Intro Aquaculture; course_number: AQUA 262"
AQUA,352,Aquaculture of Fishes,"Theory and practice of aquaculture techniques for a wide variety of fishes including identification, reproduction, hatchery and nursery operations, grow-out, health management, harvest, processing and marketing.",3,Aquaculture,141565,Course Number: AQUA 352; Course Title: Aquaculture of Fishes; Prerequisites: AQUA 262 or aquatic ecology or consent of instructor
AQUA,353,Invertebrate &amp; Algae Culture,"Theory and practice of aquaculture techniques for invertebrates and plants including identification, reproduction, hatchery and nursery operations, grow-out, health management, harvest, processing and marketing.",3,Aquaculture,141565,Prerequisites: AQUA 262 or aquatic ecology or consent of instructor
AQUA,425,Water Qual &amp; Aquatic Product,Study of water quality and aquatic productivity as it relates to aquaculture and fisheries.,3,Aquaculture,141565,Cross-listed: BIOL 425; Prerequisites: CHEM 161 or instructor's consent
AQUA,466,Fisheries Science,"General characteristics of fisheries, harvesting methods; principles and techniques to derive data and analyze fished population.",3,Aquaculture,141565,Prerequisites: background in fish biology and aquatic ecology or consent of instructor
ART,100,Intro Studio Seminar,"An introductory studio exploration in a variety of media including mixed media.  Presentations, critiques, and assigned readings for the purpose of comparative study and discussion.",3,Art,141565,course_name: Intro Studio Seminar; course_number: ART 100
ART,101,Intro To Visual Arts,Slide/lecture course and introduction to the visual arts in their various forms and expressions.,3,Art,141565,attributes: ['DH']; course_name: Intro To Visual Arts; course_number: ART 101
ART,110,Visual Storytelling- Film &amp; TV,"This introductory class is meant to teach the fundamentals of visual storytelling. Instruction will focus on plot/story arc and character arc with an emphasis on the basics – Setup, Inciting Incident, Complication, More Complication, Climax and Conclusion. Different genres and character archetypes will be explored in detail along with the importance of tension – both for comedy and drama. Additionally, different formats of visual storytelling will be discussed as it related to Film, TV (both half-hour comedy and one-hour drama) and Shorts.",3,Art,141565,attributes: ['DA']; course_code: ART 110; course_name: Visual Storytelling- Film & TV
ART,112,Introduction to Digital Media,"A foundation level introduction to methods of two and three dimensional image making and manipulation using industry standard software in a fine arts context. Emphasis will be placed on visual literacy including technical and compositional skill development experiences applicable to a broad range of disciplines such as art, education and business marketing.",3,Art,141565,attributes: ['DA']; course_name: Introduction to Digital Media; course_number: ART 112
ART,124,FP Studio: 3-D Design,"Foundation Program Studio.  Investigation of the principles and elements of design in three-dimensional concepts. Tactile exploration of forms, environments, and expressions. Explorations into perceptual relationships of time, light, and space in three-dimensional visualizations.",3,Art,141565,course_code: ART 124; course_name: FP Studio: 3-D Design
ART,175,Survey of World Art I,"A survey of world art from prehistoric times in Europe, Asia, Africa, Pacific Islands and the Americas up to approximately 1500 C.E.  A study of the inter-related in- fluences and exchanges in art creation and visual communication between various world cultures.",3,Art,141565,attributes: FGA; course_name: Survey of World Art I; course_number: ART 175
ART,176,Survey of World Art II,A survey of world art from approximately 1500 C.E. to the present time.  A study of the inter-related influences and exchanges in art creation and visual communication between various world cultures.,3,Art,141565,attributes: FGB; course_name: Survey of World Art II; course_number: ART 176
ART,202,Digital Media Art II,An intermediate level introduction to methods of creating two dimensional digital images using professional software. Emphasis will be placed on technical and compositional skill development in a creative art context.,3,Art,141565,course_name: Digital Media Art II; course_number: ART 202; recommended: ART 112 or previous knowledge/experience with digital media
ART,207,Photography Studio I,Basic techniques of photography; camera as tool for communication and self-expression. Assumes no previous knowledge of photography.,3,Art,141565,"Prerequisites: Art 123 or consent of instructor; Required Materials: camera with adjustable shutter speed and aperture settings, light meter"
ART,216,Printmaking: Lithography,Basic lithographic techniques; development of concepts.,3,Art,141565,Prerequisites: ART 215
ART,235,Introduction to Papermaking,"A studio course focusing on the techniques involved with creating handmade paper.  Students will learn, practice, and apply the fundamentals of the papermaking process, which will include pulp preparation, basic sheet formation, sizing, pressing, and drying.  Studies will concentrate on Western applications.",3,Art,141565,course_number: ART 235; course_title: Introduction to Papermaking; repeatability: This course is not repeatable
ART,280,Aspects Of Asian Art,"The history of form and content in various Asian cultures, with emphasis on the art and architecture of India and southeast Asia, and the expansion of Buddhist arts to China and Japan.",3,Art,141565,"attributes: ['GAHP', 'HPP']; course_number: ART 280; course_title: Aspects Of Asian Art"
ART,300,Intermed Studio Seminar,"Studio explorations in a variety of media including mixed media.  Presentations, critiques, and assigned readings for the purpose of comparative study and discussion.",3,Art,141565,"Prerequisites: Foundation Program Studios (ART 121, 122, 123, 124) and completion of two semesters of 200-level art studios; Repeatability: May be retaken for a total of 9 credits"
ART,301,Digital Video and Installation,"This course explores ways of implementing video as a medium for creating engaging interactive physical sculpture and environments. Focus is on taking video off the screen and into three-dimensional space in the form of video sculpture and site-specific art installations. Projects may include: projected video and audio displays, performance actions and using the internet as a method of creative distribution.",3,Art,141565,course_name: Digital Video and Installation; course_number: ART 301; repeatability: May be repeated one time for credit
ART,308,Creative Digital Photography,"This course is designed to develop and expand ideas about photographic representation by expanding students' range of interests and uses of the medium. Both digital imaging techniques and silver-based materials are explored with an eye toward expansion and experimentation.  Projects include invented persona writing, pinhole pictures, the body and expressive gesture, cross-media appropriation, and an independent project.",3,Art,141565,course_name: Creative Digital Photography; course_number: ART 308; prerequisites: ART 123; repeatability: May be repeated for up to 9 credits
ART,315,Adv Printmkg: Intaglio,Advanced intaglio techniques involving more complex development of individual projects.,3,Art,141565,Prerequisites: ART 215; Repeatable Credits: 9 semester hours
ART,317,Cyanotype,"Studio study of the cyanotype, an early 19th century light-sensitive photo process used to create fine art prints. Studio work will include similarly related processes, such as chrysotype, gum dichromate and kallitype.",3,Art,141565,"Prerequisites: Foundation program studios (Art 121, 122, 123, 124) and completion of 2 semesters of 200-level art studios; Repeatable Credits: 9 semester hours"
ART,320,Art of Ancient Civilizations,"Exploration of the arts of ancient world civilizations with an emphasis on Egypt, Mesopotamia, Indus Valley, Bronze Age China, Ancient Greece, Rome and Persia.  Also includes comparisons with Mayan, Aztec and ancient cultures of Africa.",3,Art,141565,course_name: Art of Ancient Civilizations; course_number: ART 320; prerequisites: Junior or senior standing or instructor's consent
ART,335,Papermaking,"This studio course will focus on the techniques involved with creating handmade paper. Students will learn, practice, and apply the fundamentals of the papermaking process, which will include pulp preparation; basic sheet information; watermarking; laminating; embedding; coloring; sizing; and pressing and drying. Studies will concentrate on Eastern and Western applications, as well as traditional and contemporary approaches. Individuals creativity and experimentation with handmade paper as an artmaking medium will be encouraged.",3,Art,141565,"Prerequisites: Art 121,122,123,124 and completion of two semesters of 200-level art studio courses; Repeatable: for a total of 9 semester hours"
ART,360,Renaissance and Baroque Art,"The historical development of European art, beginning with the transition from the late Middle Ages, and concluding with the transition into the Neoclassical period; features the motivating religious, philosophical and aesthetic values.",3,Art,141565,"attributes: DH; prerequisites: junior or senior standing, or instructor's consent"
ART,370,Art of the 20th Century,"An analytical study of the avant-garde movements in art from the early 20th century through the 1990s. The artists who broke ground in abstraction, expressionism, surrealism, performance and new media art will be explored and acknowledged. Aesthetic issues and concepts in art will be discussed and analyzed. The globalization of art and artists in the 20th century will also be recognized.",3,Art,141565,prerequisites: junior/senior standing or permission of instructor; recommended_preparation: ART  176 Pre: junior/senior standing or permission of instructor
ART,374,Art of the 19th Century,"An in-depth study of the art of the nineteenth century in Europe from NeoClassicism to PostImpressionism. The focus of the course will be on France and Western Europe, but some time will be spent comparing the art of other countries and discussing their influences on Western European art. Geographic, philosophical, religious and political influences on the arts of the times will be explored.",3,Art,141565,attributes: DH; course_name: Art of the 19th Century; course_number: ART 374
ART,375,Christianity &amp; The Arts,"Relationships of the arts to Christian beliefs and ritual from early Christian era to the present; role of the artist, church, and patron.",3,Art,141565,"Prerequisites: Junior or senior standing, or instructor's consent."
ART,380,Art Of China,"Chinese art from the Neolithic period to the Qing Dynasty, with emphasis on the Song and later periods.",3,Art,141565,"attributes: DH, GAHP, HPP; prerequisites: Only one of the following is required: ART  175 or ART  176 or junior/ senior standing or instructor's consent"
ART,381,Art Of Japan,"A brief survey of the Arts of Japan beginning with pre- history through the Edo and Meiji periods, with a more analytical emphasis on contemporary and New Media Art of the most recent decades. Recommended ART 176 or a JPST course. (Same as JPST 381).",3,Art,141565,"attributes: DH, GAHP, HPP; prerequisites: Junior/Senior standing or permission of instructor"
ART,385,Religious Arts Of East Asia,"Interrelationships of the arts and religion in various Asian cultures, with emphasis on Buddhism, Hinduism, Confucianism, Daoism, and Shinto.",3,Art,141565,"attributes: GAHP; prerequisites: junior or senior standing, or instructor's consent"
ART,392,New Media Art Seminar,"A seminar-style course in which students discuss readings, raise questions and choose topics to research and present to the class for discussion. The content of the course includes avant-garde experimentation with technology leading to digital exploration in the arts, the crossover between art and science in the late 20th century, and changes in the conceptual development of the 21st century. The course also examines the technological interests of avant-garde groups in Europe, the United States and Asia to explore various approaches to electronic, digital and other forms of New Media Art.",3,Art,141565,attributes: DH; prerequisites: junior/senior standing or permission of instructor; recommended_preparation: ART  176 Pre: junior/senior standing or permission of instructor
ART,475,Data Visualization,"This team-taught course provides an interdisciplinary framework for learning cutting-edge techniques in data visualization. Students from various disciplines will collaborate on projects that refine and visualize complex data for interactive, educational presentations. Students are taught hands-on-skills for creating effective data visualization products and tools that can be applied to a broad range of scientific disciplines, education, humanities, and the community. CS 150 or ART 112 are recommended prior to the course. (Same as CS 475).",3,Art,141565,attributes: GCC; prerequisites: Junior or Senior standing
ASTR,110,General Astronomy,"A survey of modern astronomy intended for non-science majors; the structure and evolution of the solar system, stars, stellar systems, and the Universe.",3,Astronomy,141565,attributes: DP; course_name: General Astronomy; course_number: ASTR 110; prerequisites_implied: ASTR 110 must be taken before ASTR 180 and ASTR 181 if a student wishes to receive credit for ASTR 110 and take all three courses.
ASTR,111,Intro to Space Exploration,"Survey of applied science, social, cultural and engineering topics in space science, focusing on exploration. Past, present and future aspects of space exploration. Relationship to Hawaiian views of cosmology and Hawaiian traditions such as Wayfaring and relationship to the land.",3,Astronomy,141565,course_id: ASTR 111; course_name: Intro to Space Exploration; equivalent_course: PHYS 111
ASTR,130,Intro To Space Science,"An introduction to space science and related subjects. Topics discussed are the contents of the solar system and of near-Earth space, history, and physical principles of space flight, remote sensing of the Earth from space, space habitats and manned missions to the planets, the sociological impact of space exploration, and the prospects for life elsewhere in the Universe.",3,Astronomy,141565,course_code: ASTR 130; course_name: Intro To Space Science
ASTR,150,Life in The Universe,"The possibility that life might exist elsewhere in the universe has fascinated human beings ever since our ancestors first gazed into the starry sky.  In this course, the question for extraterrestrial life is considered from astronomical, biological, and sociological perspectives. Topics include planets, stars and galaxies, the Big Bang, the origin and evolution of life on Earth, searches for extraterrestrial life, and more. A non-mathematical course for non-science majors who want to explore astronomy.",3,Astronomy,141565,attributes: DB; course_number: ASTR 150; course_title: Life in The Universe
ASTR,180,Princ Of Astron I,"A survey of modern solar system astronomy, with emphasis on the underlying physical principles. Topics discussed include the celestial sphere and aspects of the night sky, the structure and evolution of the Sun's planetary system, comparative planetology, and theories of the formation of planetary systems. Intended for science majors and prospective science teachers.",3,Astronomy,141565,"Course_Attributes: GQ; Credit_Restrictions: If students desire to take ASTR  110, 180 and 181, they may receive credit for ASTR  110 only if it is taken prior to taking ASTR  180 and ASTR  181.; Prerequisites: Good operational familiarity with high school algebra"
ASTR,181,Princ Of Astron II,"A survey of modern stellar, galactic, and extragalactic astronomy, with emphasis on the underlying physical principles. Topics covered include stellar structure, interstellar environments and the formation of stars, stellar evolution and death, the structures of galaxies, and cosmology. Intended for science majors and prospective science teachers. The student should have a good operational familiarity with high school algebra. If students desire to take ASTR 110, 180 and 181, they may receive credit for ASTR 110 only if it is taken prior to taking ASTR 180 and 181.",3,Astronomy,141565,attributes: GQ; prerequisites: ASTR  180
ASTR,224,Spaceflight,"All aspects of manned and unmanned spaceflight, with emphasis on actual technologies and procedures used in space exploration.  For students interested in Astronomy, Physics, Planetary Sciences, Aerospace Engineering or with a general interest in spaceflight.",3,Astronomy,141565,course_name: Spaceflight; course_number: ASTR 224; cross_listing: PHYS 224; prerequisite_exception: Students lacking these pre-requisites who believe they have sufficient science background may be admitted with the instructor's permission.; prerequisites: any one of the following PHYS 151 or higher; CHEM 151 or higher; MATH 140X or higher
ASTR,250,Observational Astronomy,"An introduction to the tools and techniques of observational astronomy: astronomical time and coordinate systems, photometric systems and magnitudes, principles of telescopes and their operation, introduction to modern astronomical instruments, analysis of astronomical data. Coursework includes observations with small telescopes, and tours of the observatories on Mauna Kea.",3,Astronomy,141565,"course_name: Observational Astronomy; course_number: ASTR 250; prerequisites: ['ASTR 180', 'ASTR 181', 'MATH 241', 'PHYS 272']"
ASTR,260,Computational Physics &amp; Astron,"Computational techniques in physics and astronomy, with an emphasis on fundamental algorithms and development of code in high-level languages. Topics include least squares, interpolation, random number generators and numerical integration of differential equations.",3,Astronomy,141565,"Cross-listing: PHYS 260; Prerequisites: DATA 172 and MATH 242, PHYS 272 (may be taken concurrently)"
ASTR,275,Akamai Internship,"Uses data collection and analysis techniques to articulate foundational principles behind Hawaiʻi observatory operations and remote-sensing based technologies. Create and communicate engineering solutions to Hawaiʻi observatory and tech industry use cases. Includes laboratory exercises and inquiries to build teamwork, presentation skills and practical experiences of the technical workplace. Utilizes technologies and analysis techniques relevant to the Hawaiʻi high-tech industry. Summers only. Offered on a CR/NC basis only.",1–3,Astronomy,141565,"attributes: ALEX; prerequisites: Instructor Consent, Repeatable up to 3 times"
ASTR,350,Stellar Astrophysics,"An introduction to the physical processes in the formation, structure, and evolution of stars, and the interstellar medium. Astrophysical concepts and observational data are combined to provide a unified treatment of stellar astrophysics. Concepts of Jeans instabilities, hydrostatic equilibrium, radiative transfer in stars, stellar atmospheres, stellar nucleosynthesis, and stellar remnants are covered.",3,Astronomy,141565,"concurrent_prerequisite: PHYS 341; course_name: Stellar Astrophysics; course_number: ASTR 350; prerequisites: ['ASTR 181', 'PHYS 274', 'PHYS 341', 'DATA 172']"
ASTR,351,Galactic &amp; Extragal Astrophys,"A course in extragalactic astronomy and cosmology, covering topics on the structure and formation of the Milky Way, normal galaxies, active galactic nuclei, clusters, interstellar and intergalactic media, large scale structure, cosmological models, and spacetime metrics.",3,Astronomy,141565,"course_code: ASTR 351; course_name: Galactic & Extragalactic Astrophys; prerequisites: ['ASTR 181', 'ASTR 350', 'PHYS 274', 'CS 150', 'DATA 172', 'ASTR/PHYS 260', 'ASTR/PHYS 260L']"
ASTR,352,Planets and Exoplanets,"Study of the geology and geophysics of Earth-like planets and satellites in the Solar System, with emphasis on understanding terrestrial geology in a border, astronomical context and applications to exoplanet research. Study of the atmospheres of Solar System planets and satellites, and also the formation and evolution of the Solar System and extrasolar planetary systems.",3,Astronomy,141565,"Crosslisted: ['GEOL 352']; Prerequisites: ['GEOL 111', 'ASTR 180', 'PHYS 151', 'PHYS 170']"
ASTR,385,Software Systems for Astronomy,"The course provides basic instruction in the design and implementation of software for telescope control systems, instrument control systems (cameras and spectrographs); as well as the web-based tools used to plan observations. The course also covers the analysis and archiving of astronomical data. Students learn about existing software tools and packages, develop their own software tools, and analyze datasets from today's leading observatories. The course is open to both astronomy students with a strong interest in computer science, and to computer science students with a strong interest in astronomy. (Same as CS 385).",3,Astronomy,141565,attributes: GCC; prerequisites: ASTR  110 or ASTR  180 and CS  150 or DATA  172; or instructor's consent
ASTR,400,Observatory Internship,"Cooperative education experience with student employed in an astronomical observatory or research facility on the Island of Hawaiʻi. One credit is granted for each full-time working month, or equivalent thereof, to a limit of 6 credits (such credits may not be counted as upper-division astronomy electives for the purpose of fulfilling that requirement for the B.S. degree in Astronomy).",1–6,Astronomy,141565,attributes: ALEX; prerequisites: consent of Department
ASTR,450,Instruments &amp; Techniques,"A course in current astronomy observational instruments and techniques, with emphasis on “hands-on” use of instruments to acquire data with research telescopes on Mauna Kea. Topics covered include optical and infrared photometric instruments, CCD and IRCCD cameras, astronomical spectrographs and interferometers, advanced data analysis.",3,Astronomy,141565,"Course Number: ASTR 450; Course Title: Instruments & Techniques; Prerequisites: ['ASTR 250', 'PHYS 331', 'PHYS/ASTR 260']"
ASTR,460,Gravitation &amp; Cosmology,"An introduction to Einstein's General Theory of Relativity, with emphasis on astronomical applications: the curvature of space-time and the principle of equivalence; gravitational collapse and black holes; the large-scale structure of the Universe; modern cosmology.",3,Astronomy,141565,"Prerequisites: PHYS 274, MATH 244"
ASTR,496,Space Studies Seminar,"Seminar presentations of topics related to space exploration by invited speakers, faculty, and enrolled students. Students are required to prepare and submit reaction papers/essays.",1,Astronomy,141565,course_code: ASTR 496; course_name: Space Studies Seminar
BIOL,101,General Biology,A one-semester introductory biology course for non-majors.,3,Biology,141565,attributes: ['DB']; course_name: General Biology; course_number: BIOL 101; semester_length: one-semester; target_audience: non-majors
BIOL,125,Intro Cell &amp; Molecular Biol,"Introduction to cell and molecular biology for majors in the natural and health sciences. Cell structure and function, the molecular basis of life, metabolic pathways, classical and molecular genetics, the molecular and biological evolution of the universe.",3,Biology,141565,"Course Number: BIOL 125; Course Title: Intro Cell & Molecular Biol; Prerequisites: ['high school biology (or BIOL 101)', 'high school chemistry (or CHEM 151)']"
BIOL,156,Nat Hist &amp; Conservatn Hawn Isl,"The formation of the Hawaiian Islands, establishment of their native terrestrial and marine flora and fauna, and human impacts and conservation.",3,Biology,141565,"attributes: ['DB', 'GAHP', 'HPP']; course_name: Nat Hist & Conservatn Hawn Isl; course_number: BIOL 156; cross_listing: MARE 156"
BIOL,171,Introductory Biology I,"Principles of cell structure, replication, and metabolism. Classical and molecular genetics, and evolution. Biodiversity of prokaryotes, viruses, fungi, and plants. Plant structure and function.",3,Biology,141565,course_name: Introductory Biology I; course_number: BIOL 171; enrollment_restrictions: students may enroll in either (but not both) during the fall or spring semester; previous_course_number: BIOL 175; semester_offerings: both semesters
BIOL,172,Introductory Biology II,"Principles of natural selection and evolution. Explore a range of animal biodiversity including sponges, flatworms, reptiles, and mammals. Basic vertebrate anatomy and physiology. Essentials of ecology, conservation biology, and climate change.",3,Biology,141565,course_number: BIOL 172; course_title: Introductory Biology II; prerequisites: BIOL 171; previous_course_number: BIOL 176; semester_offerings: fall or spring semester
BIOL,190,Hawn Marine Field Experience,Provides a unique opportunity for students to experience the marine environment of the Big Island. Course consists of field trips to coastal and underwater sites around the island.  Some swimming and snorkeling involved but not required.,2,Biology,141565,attributes: GAHP; course_name: Hawn Marine Field Experience; course_number: BIOL 190; cross_listing: MARE 190
BIOL,195,Becoming a Biologist,"Introduction to faculty research, resources available at UH Hilo, expectations and opportunities of being a Biology major, and advantages and responsibilities of learning biology on the natural laboratory of Hawaiʻi Island.",3,Biology,141565,course_name: Becoming a Biologist; course_number: BIOL 195; target_audience: introductory biology and transfer students
BIOL,205,Gen Entomology,"Structure, classification and identification of insects.",3,Biology,141565,Cross-listed: ENTO 304; Prerequisites: BIOL 171 or 172 or consent of instructor
BIOL,243,Human Anatomy &amp; Physiology I,"Basic structure and function of human tissue and organ systems, including cellular biology, histology, and the integumentary, skeletal, muscular, and nervous systems.",3,Biology,141565,Course: BIOL 243; Course Title: Human Anatomy & Physiology I
BIOL,244,Human Anatomy &amp; Physiology II,"Basic structure and function of human tissue and organ systems, including the endocrine, cardiovascular, lymphatic, respiratory, urinary, and reproductive systems.",3,Biology,141565,"Course Number: BIOL 244; Course Title: Human Anatomy & Physiology II; Prerequisites: BIOL 243 or equivalent, or instructor's consent"
BIOL,254,Fundamentals of Nutrition,"Comparative animal digestive systems and metabolism. Essential nutrients, their functions, mechanisms of action and interrelationships.",3,Biology,141565,"attributes: ['DB', 'GCC']; course_number: BIOL 254; course_title: Fundamentals of Nutrition; cross_listing: ANSC 254"
BIOL,270,Intermed Cell &amp; Molecular Biol,Integrated cell and molecular biology for the science majors. Modern advances in recombinant DNA technology.,3,Biology,141565,"prerequisites: BIOL  171, BIOL  172, and CHEM  162 or instructor's consent; recommended_preparation: CHEM  273 which may be taken concurrently"
BIOL,275,Fund Microbiology,"A survey or microbiology with emphasis on bacteria, viruses, infectious diseases and their control.",3,Biology,141565,"attributes: ALEX, DB, GCC; prerequisites: one semester of college chemistry; recommended_preparation: at least one semester of BIOL  101, BIOL  171 or BIOL  172"
BIOL,280,Biostatistics,"Statistical analysis as applied to research in the Biological Sciences.  Theory and applications of statistics; experimental design; basic statistical concepts; hypothesis testing; parametric and non-parametric analyses.  Group and independent projects, computer analysis of data.",3,Biology,141565,Course: BIOL 280; Course Title: Biostatistics
BIOL,281,General Ecology,General ecological and evolutionary principles. Relationship of plants and animals to their environments. Processes regulating growth and evolution of populations. Community structure and ecosystem function.,3,Biology,141565,"prerequisites: BIOL  171 or BIOL  172; recommended_preparation: Completion of both BIOL  171 and BIOL  172, and high school algebra or equivalent"
BIOL,309,Biogeography,"Basic evolutionary and ecological principles underlying the dynamics of plant and animal populations. Mechanisms of isolation, speciation, dispersal, migration, and competition as they affect past and present world distribution patterns. Island biogeography. (Same as GEOG 309).",3,Biology,141565,attributes: GAHP; prerequisites: ENSC  100 or GEOG  101 or BIOL  101 or BIOL  171 or BIOL  172; or consent of instructor
BIOL,323,Mammal Physiology,"Structure and function of the animal body. A general study of anatomy, but emphasis placed on understanding the physiology.",3,Biology,141565,course_name: Mammal Physiology; course_number: BIOL 323; equivalent_course: ANSC 350
BIOL,340,Cellular Neurobiology,"Cellular and molecular mechanisms in the form and function of the nervous system. Topics include electrophysiology, synaptic integration and plasticity, sensory and motor systems, neuromodulation, and molecular neuropathology.",3,Biology,141565,"course_name: Cellular Neurobiology; course_number: BIOL 340; prerequisite: BIOL 270, equivalent, or instructor permission"
BIOL,357,Evolution,"Organic evolution as a unifying theory of biology. Topics include the history of ideas of evolution, adaptation of populations, genetic drift, molecular evolution and the neutral theory, quantitative genetics, speciation and phylogeny, biogeography and macro-evolutionary trends, and mass extinctions.",3,Biology,141565,"course_id: BIOL 357; course_name: Evolution; prerequisites: ['BIOL 125', 'BIOL 171', 'BIOL 172']"
BIOL,360,Marine Resources,"A survey of human use of the marine environment including physical and biological resources.  Topics covered include:  fisheries, mariculture, marine mineral and energy resources, chemical resources of sea water, the use of coastal lands and waste disposal in the sea.",3,Biology,141565,"Cross-listing: MARE 360; Prerequisites: MARE 201 or BIOL/MARE 171, or consent of instructor"
BIOL,366,Trop Marine Rsrch Investigatn,"Research projects on marine-related problems. Students will do a literature search; develop experimental design; collect, reduce and analyze data; do a written final report; and present findings at a symposium. Projects will be selected from a list of topics or can be original with the consent of the instructor.",3,Biology,141565,course_name: Trop Marine Rsrch Investigatn; course_number: BIOL 366; cross_listing: MARE 366; prerequisites: consent of instructor
BIOL,371,Biology Of Marine Invertebrate,"A survey of the major groups of invertebrates focusing on those dominant in the marine environment. Students will learn methods used to identify and classify invertebrates and will survey the anatomy, physiology, and natural history of the major groups.",3,Biology,141565,Corequisites: BIOL/MARE 371L; Cross-listing: MARE 371; Prerequisites: MARE 265 or BIOL 172 or their equivalent
BIOL,375,Biology of Microorganisms,"Fundamental principles of microbiology combined with recent developments in and applications to microbial evolution, ecology, molecular genetics and immunology.",3,Biology,141565,Prerequisites: BIOL 270 and 270L
BIOL,376,Genetics,"Classical, molecular, and population genetics.",3,Biology,141565,Course Number: BIOL 376; Course Title: Genetics; Prerequisites: BIOL 270
BIOL,381,Conservation Biology,"Principles of conservation biology and their applications to the maintenance and enhancement of biodiversity. Philosophical basis for conservation, scientific theories and research methods used by conservation biologists, and case studies of studies of scientific and socio-political interactions in conservation problems.",3,Biology,141565,course_name: Conservation Biology; course_number: BIOL 381; prerequisites: BIOL 281 or MARE 265 or instructor's consent
BIOL,384,Primatology,Evolutionary approach to the nonhuman primates. Biological and behavioral adaptations of primates to their ecological setting. Implications of primate adaptations for understanding human biology and behavior.,3,Biology,141565,"course_name: Primatology; course_number: BIOL 384; cross_listings: ['ANTH 384', 'ENSC 384']; prerequisites: ANTH 215 or BIOL 172"
BIOL,392,Biology &amp; Philosophy,"Philosophical examination of the implications of modern biology for how we understand ourselves and our relations to the natural world.  Evolutionary, genetic, developmental, and ecological topics will be discussed.",3,Biology,141565,"Cross-listing: PHIL 392; Prerequisites: previous work in Philosophy or Biology, or consent of instructor"
BIOL,410,Biochemistry,"Basic compositions and functions of biological matter, metabolic interconversions and transformations; the bioenergetics involved and the levels of control over these processes.",3,Biology,141565,Prerequisites: BIOL 270 and CHEM 273
BIOL,415,Cell Biology,"Structure, function and behavior of cells, including gene expression, cellular transport, cell signaling, cytoskeleton and cell cycle.",3,Biology,141565,"Course Number: BIOL 415; Course Title: Cell Biology; Prerequisites: ['BIOL 270', 'BIOL 410']"
BIOL,437,Marine Mammal Behavior,"An introduction to marine mammals with emphasis on the behavior of marine mammals. Special attention given to those species found in Hawaiian waters. Individual species are examined within a comparative framework. Topics include: behavioral ecology, social behavior, cetacean societies, mating systems, communication, sensory perception, and cognition.",3,Biology,141565,"course_name: Marine Mammal Behavior; course_number: BIOL 437; cross_listing: PSY 437; prerequisites: PSY 213, PSY 214, and PSY 314 or PSY 435 or instructor's consent"
BIOL,442,Comm. Science in K-12 Settings,For undergraduate students interested in improving their ability to communicate their scientific knowledge to K-12 learners. The course combines inquiry-based science education methods with teaching experience in a local school classroom or community event.,2,Biology,141565,Crosslistings: CBES 642; Prerequisites: At least 6 credits of 100 level science courses or instructor consent
BIOL,443,Ecological Animal Physiology,"Study of the physiological adaptations of animals to environmental variation.  The focus will be on how physiological responses to environmental factors determine the geographic distribution of animals.  The course will cover the physiological and biochemical mechanisms that permit animals to adapt to potentially stressful environmental conditions, and topics will include food acquisition and digestion, energy allocation, thermal energetics, respiratory gas exchange, activity metabolism, and osmoregulation.",3,Biology,141565,"course_name: Ecological Animal Physiology; course_number: BIOL 443; prerequisites: course in basic cell biology: BIOL  125, BIOL  270, or MARE  172; or consent of instructor"
BIOL,445,Behavioral Ecology &amp; Evolution,"Principles of behavioral ecology and evolution with a focus on conservation biology. Research techniques in behavioral ecology related to analyzing populations in geographically and age-structured populations. The importance of reproductive strategies, habitat selection, foraging behavior, parental care, social organizations, and the importance of migration and movement patterns on the regulation of population sizes and evolution. Population and quantitative genetics as it relates to evolution, speciation, and biodiversity.",3,Biology,141565,course_name: Behavioral Ecology & Evolution; course_number: BIOL 445; prerequisites: BIOL 281 and BIOL 357 or permission of instructor
BIOL,450,Physiology Reproduction,Livestock reproductive anatomy and physiology.,3,Biology,141565,prerequisites: ANSC  141; recommended_preparation: ANSC  350
BIOL,455,Plant Ecology,"Interactions between plants and the environment at the physiological, population, community, ecosystem scales. Discussion of factors affecting plant distribution and abundance from local to global scales. Plant and people interactions will be noted in the context of our changing planet. Key theories, quantitative measurements, experimentation, and critical analysis will be emphasized through a discussion of primary scientific literature.",3,Biology,141565,course_name: Plant Ecology; course_number: BIOL 455; prerequisites: BIOL 281 or permission of instructor
BIOL,457,Vegetation of the Hawaiian Isl,This course explores the major types of vegetation in Hawaiʻi with respect to physical environments and important species. Basic concepts in plant taxonomy and identification are emphasized. Coursework includes field excursions at various sites around the island of Hawaiʻi to develop methods in surveying and monitoring vegetation. This course also examines major human impacts and conservation challenges.,3,Biology,141565,"crosslistings: ['ENSC 457', 'GEOG CBES 657']; prerequisites: BIOL 156 or BIOL 281"
BIOL,460,Plant Diversity &amp; Evolution,"The evolution of land plants from mosses to flowering plants in the context of broad-scale environmental changes since the Silurian Period.  Origins and diversification of the major lineages of extant and fossil land plants, including transitions in morphology, physiology, and life-cycles associated with adaptive radiations.  Hawaii's spectacular plant radiations, and molecular and phylogenetic methods used in reconstructing the evolutionary history of land plants emphasized.",3,Biology,141565,course_name: Plant Diversity & Evolution; course_number: BIOL 460; prerequisites: BIOL 357 or permission of instructor
BIOL,461,Immunology,"The innate and adaptive immunity, structure and function of antibodies and antigens, synthesis of B and T lymphocytes, and the role immunology plays in the biological and medical sciences.",3,Biology,141565,prerequisites: BIOL  375 or BIOL  172 or instructor's consent; recommended_preparation: BIOL  270
BIOL,465,Extreme Biology,"The goal of this course is to explore some of the more extreme edges of known biology. Among the topics that will be covered are surveying organisms that survive and thrive in exceptional environmental conditions, various forms of pathology associated with death and disease, the effects of various drugs of abuse, animal behaviors including sex and violence, and environmental challenges now and in the future.",3,Biology,141565,prerequisites: BIOL  270 and CHEM  273; recommended_preparation: BIOL  275 or BIOL  375 and BIOL  281
BIOL,467,Ecological Genetics,The class focuses on the genetics of whole populations and species.  We will examine barriers to gene flow that influence the population structure and distribution of species. The goal of the class is to investigate how genetics informs understanding of the evolution of ecosystems and the dynamics of genetic interactions.,3,Biology,141565,course_name: Ecological Genetics; course_number: BIOL 467; prerequisites: BIOL 376
BIOL,470,Senior Thesis Research,"A capstone course that will give students experience in designing and carrying out an independent research project in any field of Biology. Students will collect and analyze data, and present their findings at the end of the semester as an oral presentation.",3,Biology,141565,course_name: Senior Thesis Research; course_number: BIOL 470
BIOL,477,Avian Biology,"The biology of birds, including evolution, diversity, systematics, morphology, physiology, behavior, and ecology. This course has a global perspective, but uses examples from Hawaiʻi wherever appropriate.",3,Biology,141565,course_name: Avian Biology; course_number: BIOL 477; prerequisites: BIOL 281 or instructor's consent
BIOL,477L,Field Ornithology,"This course covers a range of topics and techniques, including: mist-netting, distance sampling, bioacaustic recording, and habitat sampling. It uses birds as a model organism to familiarize students with methods that are important to the field ecologist. This course is highly relevant to students that plan to pursue ecology at the graduate level, and who are intersted in careers in wildlife conservation and management.",2,Biology,141565,prerequisites: BIOL  280; recommended_preparation: completion of BIOL  477
BIOL,481,Trop Island Ecology &amp; Evol,"The major subdisciplines of ecology and evolutionary biology, with emphasis on the models and methodologies in areas of active research, especially as they relate to tropical islands. Taught using examples of published research.",3,Biology,141565,"course_name: Trop Island Ecology & Evol; course_number: BIOL 481; prerequisites: ['BIOL 280', 'BIOL 281-281L', 'BIOL 357']"
BIOL,482H,Honors Appl Of Ecol &amp; Evol,"Practical experience in performing research projects in Ecology, Evolution and Conservation Biology. Students will submit project proposals for evaluation and approval, do a thorough literature review, develop an experimental design, and collect and analyze data. Students will also prepare a final written report and give a 15-minute seminar presentation on their projects.",3,Biology,141565,"course_name: Honors Appl Of Ecol & Evol; course_number: BIOL 482H; prerequisites: BIOL 443L, BIOL 481 and 481L; 3.5 GPA or consent of instructor with departmental approval"
BIOL,484,Biology Of Fishes,"The biology of marine and freshwater fishes. Topics covered include: general anatomy, locomotion, respiration, osmoregulation, sensory systems, reproduction, electrosensitive and electrogenic fishes, coloration and bioluminescence in fishes, genetic interrelationships. Students are encouraged to enroll in MARE/BIOL  484L, the corresponding lab course when offered.",3,Biology,141565,course_name: Biology Of Fishes; course_number: BIOL 484; cross_listing: MARE 484; prerequisites: C- or better in MARE  171 or BIOL  172 or their equivalent; C- or better in MARE  265 or equivalent; or instructor's consent; recommended_course: MARE/BIOL 484L
BIOL,490,Senior Thesis Report,Practical experience in designing and communicating a biology-related project. Support from faculty and peers to develop a submission-ready manuscript and prepare for a public poster and or conference presentation.,1,Biology,141565,"course_name: Senior Thesis Report; course_number: BIOL 490; grading: Course is offered Credit, No Credit only; repeatability: Course may be repeated one time for a total of 2 credits"
BIOL,495,Biology Seminar,"Practice of research and scientific communication skills, focusing on oral presentations and peer review; professional development activities focusing on preparation for post-graduate study or careers.",3,Biology,141565,course_code: BIOL 495; course_name: Biology Seminar
BUS,100,Intro To Business,"A study of business functions, methods of business operation, types of business ownership, and the role of business organizations in contemporary society.",3,Business,141565,attributes: DS; course_name: Intro To Business; course_number: BUS 100
BUS,200,Business Internship,"Supervised on-the-job experience in the business community Comprehensive report by students, meeting with faculty advisor, and performance evaluation from employer required.",3,Business,141565,attributes: GCC; prerequisites: Instructor's Consent (Attributes: GCC)
BUS,240,Business Law,"The law of contracts, agency and employment, and the elements of property and government regulation. Law of business organizations, with emphasis on partnerships and corporations and law of sales and commercial paper.",3,Business,141565,course_name: Business Law; course_number: BUS 240
BUS,290,Critical Thinking,"This course guides students in thinking more clearly, insightfully and effectively. Concrete examples from students' experience and contemporary issues drawn from forums like YouTube, TV, popular magazines, court cases, the internet, political speeches, etc. help students develop the abilities to solve problems, analyze issues, and make informed decisions in their academic, career, and personal lives. Attention is given to the identification and management of the perception process, use of evidence, use of assumptions, emotional influences, and language in various forms of business and social communication.",3,Business,141565,course_number: BUS 290; course_title: Critical Thinking; prerequisites: 15 or more college credits
BUS,400,Internship,"Supervised, substantive, on-the-job experience in the business community. Comprehensive report by students, meeting with faculty advisor, and performance evaluation from employer required. 00; compatibility with career interests; pre-approved job placement and internship contract and instructor's consent. This course is repeatable 3 times for a maximum of 9 credits.",3,Business,141565,"attributes: ALEX, GCC; prerequisites: Minimum cumulative GPA of 3"
CBES,600,Conservatn Biol &amp; Environ Sci,"Fundamental principles of ecology, evolution, and environmental sciences, with an emphasis on the conservation, management and restoration of organisms and ecosystems. Discussion will include the physical and biological factors that affect and shape tropical organisms and ecosystems: biodiversity, biogeography, climate, genetics, nutrient cycling, population viability, reproductive systems and topography. Tropical organisms and ecosystems world-wide will be compared with an emphasis on Hawaiʻi.",3,Tropical Conservation and Environmental Science,141565,Course: CBES 600; Course Title: Conservatn Biol & Environ Sci
CBES,601,CBES Field &amp; Laboratory Method,"A practical course in laboratory and field methods and techniques in conservation biology and environmental sciences. Students will be introduced to methods used for studying, monitoring and experimenting upon animals and plants in a diversity of habitats. Emphasis is placed on the choice of techniques for data collection, followed by rigorous analysis of results with the application of appropriate statistical analyses. Students will also become familiar with the biological and environmental diversity of the Island of Hawaiʻi.",4,Tropical Conservation and Environmental Science,141565,course_code: CBES 601; course_name: CBES Field & Laboratory Method
CBES,604,Tropical Plant Pathology,"Principles of plant pathology including major plant diseases in the tropics caused by fungi, bacteria, nematodes, and viruses; their nature, diagnosis and control.",3,Tropical Conservation and Environmental Science,141565,course_name: Tropical Plant Pathology; course_number: CBES 604; dual_listed_with: PPTH 404
CBES,610,Environmental Chem Analysis,"Basic concepts of chemical measurements in environmental media. Analysis in environmental matrices with emphasis on water, soil, air and tissue. Topics include basics of calibration and measurement, sample collection, sample lability, chemical interferences, matrix effects and reporting analyses of chemicals in the environment.",3,Tropical Conservation and Environmental Science,141565,"prerequisites: CHEM  161, 161L, 162, 162L, 241, 330, 330L; recommended_preparation: CHEM  331"
CBES,615,Global Environmental Change,"Discusses the natural and anthropogenic processes regulating the function of the Earth system.  The history and  mechanisms of global change processes and the means by which human activities alter Earth system function at local to global scales will be examined, along with potential consequences of and solutions to global change.  Focuses on interrelationships of the atmosphere, hydrosphere, geosphere and biosphere.  Provides students with an understanding of the role that multidisciplinary science and technology have on research of the Earth system.",3,Tropical Conservation and Environmental Science,141565,course_name: Global Environmental Change; course_number: CBES 615
CBES,623,Marine Policy,"Introduction to marine policy, law, and environmental regulations. Topics include protected species, fisheries, clean water, clean air, coastal wetlands, pollution, marine protected areas, climate change.",3,Tropical Conservation and Environmental Science,141565,cross_listing: MARE 423; prerequisites: Instructor's consent
CBES,627,Environmental History--Pacific,"Environmental history of the Pacific, including history of Oceania, environmental change effects on the daily lives of Pacific peoples, and how the actions of people affected environmental change.",3,Tropical Conservation and Environmental Science,141565,course_name: Environmental History--Pacific; course_number: CBES 627; cross_listing: HIST 427
CBES,631,Pono Science,"Seminar will support student dialogue on the foundations of pono science. Through discussions and structured guidance, students will explore Hawaiian ethics, implications of research, and decolonizing methodology.",1,Tropical Conservation and Environmental Science,141565,course_name: Pono Science; course_number: CBES 631
CBES,634,Extinction,This graduate seminar course is designed to examine the patterns and drivers of extinction in the modern and in the fossil record. The readings will serve as the foundation for short presentations and as discussion starters on the weekly topics.,3,Tropical Conservation and Environmental Science,141565,course_code: CBES 634; course_title: Extinction; level: graduate seminar
CBES,635,Physical Environment of Ecosys,"Examination of the influences of climate, hydrology, geology and soils on terrestrial and aquatic ecosystems. Emphasis on mechanisms of change, anthropogenic impacts and monitoring networks.",3,Tropical Conservation and Environmental Science,141565,"Course Number: CBES 635; Course Title: Physical Environment of Ecosys; Prerequisites: ['GEOL 100', 'GEOL 111', 'GEOG 101', 'BIOL 281', 'GEOG 309', ""or instructor's consent""]"
CBES,640,Adv Remote Sensing of Env.,"Digital image processing of remotely sensed data for environmental analysis and applications. Specific techniques include image classification, post classification analysis, and multi-temporal analysis for land cover change detection. Additional assigned readings from contemporary remote sensing literature.",3,Tropical Conservation and Environmental Science,141565,course_name: Adv Remote Sensing of Env.; course_number: CBES 640; dual_listed_with: GEOG 470
CBES,642,Comm Sci in HI Island Schools,For graduate students interested in improving their ability to communicate their scientific knowledge and research by designing activities and teaching in local schools or community events.  The course combines inquiry-based science teaching methods with teaching experience in a local school classroom or community event.,3,Tropical Conservation and Environmental Science,141565,Cross-listing: ED 442; Prerequisites: Acceptance in TCBES Program
CBES,644,"Law, Property, and Nature","Examines the relationship between nature, property, and legal regulation. Topics will include takings jurisprudence, land use management and ownership, riparian rights, air rights, public spaces, and the evolving relationship between culture, law, and the environment.",3,Tropical Conservation and Environmental Science,141565,"course_name: Law, Property, and Nature; course_number: CBES 644; cross_listing: POLS 444"
CBES,645,Human Dimensions &amp; Environ Sci,"This course introduces students to key social science methods used in place-based research applicable to conservation management and environmental science. Students develop knowledge of ethical research practices rooted in place and community reciprocity. From this ethical grounding, students learn about a range of social science research methods, for example Indigenous Local Knowledge (ILK), in-depth interviewing, “talk story,” survey methods, textual and visual analysis, and ethnography, drawing from western and Indigenous research practices to encourage a diverse knowledge base for conservation practitioners.",3,Tropical Conservation and Environmental Science,141565,course_name: Human Dimensions & Environ Sci; course_number: CBES 645; prerequisites: Enrollment in TCBES program or Instructor’s Consent
CBES,648,Hawaiʻi Island to 1850,"Place-based learning and research, through moʻolelo &amp; kaʻao; developing connections to place; community outreach and leadership to youth; service-learning and more; all in the context of Hawaiʻi Island history pre-1850.",3,Tropical Conservation and Environmental Science,141565,course_number: CBES 648; course_title: Hawaiʻi Island to 1850; cross_listing: HIST 448
CBES,649,Hawaiʻi Island since 1850,"A combination of place-based learning and research, through moʻolelo, 19th and 20th century histories; developing connections to place; community outreach and leadership to youth; service learning and more; all in the context of Hawaiʻi Island history.",3,Tropical Conservation and Environmental Science,141565,course_name: Hawaiʻi Island since 1850; course_number: CBES 649; dual_listed_with: HIST 449
CBES,655,Ecological Physiology,"Physiological adaptations to environmental variation including physiological and biochemical mechanisms for food acquisition and digestion, thermal energetics, respiratory gas exchange, activity metabolism and osmoregulation.",3,Tropical Conservation and Environmental Science,141565,course_name: Ecological Physiology; course_number: CBES 655; cross_listing: BIOL 443
CBES,657,Vegetation of the Hawaiian Isl,"Develops a methodology for understanding processes shaping major types of vegetation in Hawaiʻi. Intensive plant taxonomy and identification, field methods in surveying and monitoring vegetation, and application of these to overall research design.",3,Tropical Conservation and Environmental Science,141565,"course_name: Vegetation of the Hawaiian Isl; course_number: CBES 657; cross_listed: ['BIOL 457', 'ENVS 457']"
CBES,658,Insect Systematics and Ecology,"Gain an appreciation and understanding of insect diversity, taxonomy, evolution, and ecology of major endemic Hawaiian lineages of insects and introduced insects. Identify insect orders and families present in Hawai‘i, and the roles insects play as threats and beneficial organisms across all ecosystems. Applied management of insect issues will be emphasized.",3,Tropical Conservation and Environmental Science,141565,course_name: Insect Systematics and Ecology; course_number: CBES 658; cross_listing: BIOL 458
CBES,663,Fisheries Ecology,"Case studies, lectures, and class discussions provide an interactive exploration of the ecology of fishes related to management and conservation. Topics include: predator-prey theory, reproduction and early life- history, habitat selection, fish biodiversity, and response to anthropogenic climate change.",3,Tropical Conservation and Environmental Science,141565,"cross_listing: MARE  463; prerequisites: MARE  265, BIOL  281, or instructor's consent"
CBES,664,Environmental Microbiology,"Role of microorganisms in environmental science. Topics include microbial diversity, environmental applications, bioremediation, antibiotic resistance, and biogeochemical cycling. The course will be discussion based with readings from textbooks and primary literature.",3,Tropical Conservation and Environmental Science,141565,course_code: CBES 664; course_name: Environmental Microbiology
CBES,665,Environmental Toxicology,Biochemical basis for toxicity. Chemical distribution and fate in the body; molecular mechanisms and effects of toxic action. Emphasis on environmental toxicants.,3,Tropical Conservation and Environmental Science,141565,"course_name: Environmental Toxicology; course_number: CBES 665; prerequisites: Upper division courses in biochemistry and physiology, or instructor's consent"
CBES,674,Applied Informatics,"Examines the theory and application of several informatics and analytics tools used in the natural sciences. Covers fundamentals of data management, data analytics, ecoinformatics, bioinformatics, and data visualization.",3,Tropical Conservation and Environmental Science,141565,"course_name: Applied Informatics; course_number: CBES 674; cross_listings: ['MARE 474', 'DATA 474']"
CBES,675,Conservation Genetics,"Basic concepts of population genetics and molecular evolution as it applies to conservation biology.  Specific topics include population dynamics and inbreeding depression, and population genetic structure related to ecological parameters and requirements of an organism.",3,Tropical Conservation and Environmental Science,141565,course_name: Conservation Genetics; course_number: CBES 675
CBES,677,Quantitative Ecology,"This course will consist of weekly lectures and computer-based in-class exercises.  It will explore multiple regression, General Linear Models including Logistic and Poisson regression, Mixed effects models, and various other analysis of variance approaches, including repeated measures designs.  Diagnostics and model selection procedures such as Akaike's Information Criteria (AIC) will be strongly emphasized.  By the end of the course, students should have a good general understanding of the ways to design, analyze, and model many types of biological datasets.",3,Tropical Conservation and Environmental Science,141565,course_code: CBES 677; course_title: Quantitative Ecology
CBES,680,Adv Stats Analysis &amp; Rsrch Des,"An advanced examination of statistics and research design in conservation biology and environmental science. Emphasis on specific applications and underlying assumptions, design of experiments, and observational schemes for research project. Extensive computer analysis is employed, including the use of R statistical software.",3,Tropical Conservation and Environmental Science,141565,course_name: Adv Stats Analysis & Rsch Des; course_number: CBES 680; prerequisites: CBES 677 or instructor's consent
CBES,682,Natural Resource Env Econ,"An analytical framework for examining the relationships among environmental quality, natural resource use, and economic and political systems; analysis of circumstances that give rise to environmental problems, resource use conflicts, and possible policy solutions to these problems and conflicts. The course will emphasize issues pertaining conflicts. The course will emphasize issues pertaining climate change.",3,Tropical Conservation and Environmental Science,141565,course_name: Natural Resource Env Econ; course_number: CBES 682; cross_listing: ECON 482
CBES,684,ConservEthics &amp; EnvironJustice,"A study of a range of environmental ethical theories, conservation ethics and environmental justice paradigms. An examination of the historical, political, and social context in conservation management: the problem of wilderness, biocultural frameworks, and the ethics of invasive species.",3,Tropical Conservation and Environmental Science,141565,course_name: ConservEthics & EnvironJustice; course_number: CBES 684; cross_listing: PHIL 484
CBES,685,Behavioral Ecol &amp; Evol Analyse,"Principles of behavioral ecology and evolution with a focus on conservation biology. Research techniques in behavioral ecology related to analyzing populations in geographically and age-structured populations. The importance of reproductive strategies, habitat selection, foraging behavior, parental care, social organizations, and the importance of migration and movement patterns on the regulation of population sizes and evolution. Population, quantitative and species genetics as it relates to evolution, speciation, and biodiversity.",3,Tropical Conservation and Environmental Science,141565,course_name: Behavioral Ecol & Evol Analyse; course_number: CBES 685; prerequisites: CBES 610 or consent of instructor
CBES,687,Speciation,This graduate seminar course is designed to examine the processes of speciation and adaptive radiation. Emphasis on the historical context of Darwin’s work and what has (and has not) changed in the ~160 years since his seminal work. We will also place emphasis on where the field is currently going and what are likely to be hot areas of research in coming years in speciation and adaptive radiation research. Students will be active learners and participants in all activities and will present to the class on selected topics. This course is designed as an advanced course for students interested in speciation.,3,Tropical Conservation and Environmental Science,141565,course_code: CBES 687; course_name: Speciation; level: graduate seminar; recommended_preparation: general courses in ecology and evolution
CBES,689,Organiz Mgmt &amp; Logistics,"This course covers topics related to working within a natural resource management field, whether as an individual consultant, a researcher, or a manager working within a government agency, a non-government organization (NGO), or other entity. Focus will be on business acumen in terms of budgeting, marketing, and human resources; on project and organizational management in terms of scheduling, seeking funding, inter-agency communication; on legality in terms of permitting, and understanding state and federal laws regarding environmental conservation; and on communication in terms of public outreach.",3,Tropical Conservation and Environmental Science,141565,Prerequisites: Enrollment in TCBES Program or Instructor's Consent
CBES,691,Becoming Environmental Leader,Explores fundamentals of effective conservation leadership and development of personal and professional skills needed by natural resource scientists and managers to contribute to the greater good as authentic agents of positive change.,2,Tropical Conservation and Environmental Science,141565,course_code: CBES 691; course_title: Becoming Environmental Leader
CE,270,Applied Mechanics I,"Forces, resultants, and equilibrium; analysis of trusses, frames, and machines; centroids, moments of inertia; friction.",3,Civil Engineering,141565,"course_name: Applied Mechanics I; course_number: CE 270; grading_scale: A-F only; prerequisites: {'courses': [{'course_number': 'PHYS 170', 'grade': 'C or better'}, {'course_number': 'MATH 242', 'grade': 'C or better'}, {'course_number': 'MATH 243', 'grade': 'C or better'}], 'concurrent': True}"
CE,271,Applied Mechanics II,Dynamics of particles and rigid bodies: force- acceleration; impulse-momentum; work-energy.,3,Civil Engineering,141565,course_name: Applied Mechanics II; course_number: CE 271; grading_scale: A-F only; prerequisites: C or better in CE 270; MATH 244 (or concurrent)
CHEM,100,Chemistry and Society,Introductory lecture on chemistry for non-science majors. A basic principles course designed for students in the humanities and social sciences. Current issues and the factors affecting them are presented from a simplified chemical viewpoint.,3,Chemistry,141565,"attributes: ['ALEX', 'DP', 'GCC', 'GQ']; course_name: Chemistry and Society; course_number: CHEM 100; previous_course_number: CHEM 111; repeatability: Not repeatable for credit"
CHEM,141,Surv Organ Chem &amp; Biochem,Brief introduction to organic chemistry and selected topics in biochemistry. Designed for pre-nursing majors; adapted to suit agriculture and other sciences. Provides a chemical viewpoint for understanding biological processes.,3,Chemistry,141565,"attributes: ['DP']; course_name: Surv Organ Chem & Biochem; course_number: CHEM 141; intended_audience: ['pre-nursing majors', 'agriculture and other sciences']"
CHEM,151,Elementary Survey of Chemistry,"Introduction to basic chemical principles associated with elements, molecules, energy, chemical reactions, and chemical bonding.",3,Chemistry,141565,attributes: DP; prerequisites: Competence in high school algebra; previously_offered_as: CHEM 114
CHEM,161,General Chemistry I,"A mathematically rigorous introduction to chemistry designed for majors in the natural sciences. Topics covered include measurement and problem solving, structure of atoms, molecules, and compounds; chemical equations, chemical quantities and aqueous reactions; behavior of gases; thermochemistry; quantum-mechanical model of the atom; periodic property of the elements; chemical bonding. (Previously Offered as CHEM 124).",3,Chemistry,141565,"attributes: DP; prerequisites: Placement into MATH  140 or higher based on the Math Placement Test, or a C or better in MATH  125 or higher excluding MATH  271, MATH X99, and MATH  496"
CHEM,162,General Chemistry II,"A mathematically rigorous continuation of CHEM 161. Topics covered include liquids, solids and intermolecular forces; properties of solutions; chemical kinetics and equilibrium; acids and bases; aqueous ionic equilibrium; free energy and thermodynamics; electrochemistry. Previously offered as CHEM 125.",3,Chemistry,141565,"attributes: DP; prerequisites: a grade of ""C"" (not ""C-"") or better in CHEM  161"
CHEM,272,Organic Chem I,"The study of carbon compounds. Topics include molecular structure, stereochemistry, molecular spectroscopy, reactions and methods of preparation of principal classes of organic compounds. Reaction mechanisms.",3,Chemistry,141565,Prerequisites: C (not C-) or better in CHEM 162 and 162L or instructor's consent; Previous Course Number: CHEM 241
CHEM,273,Organic Chem II,"The study of carbon compounds. Topics include molecular structure, stereochemistry, molecular spectroscopy, reactions and methods of preparation of principal classes of organic compounds. Reaction mechanisms.",3,Chemistry,141565,course_name: Organic Chem II; course_number: CHEM 273; prerequisites: C (not C-) or better in CHEM 272 and 272L or instructor's consent; previously_offered_as: CHEM 242
CHEM,274,Principles of Analytical Chem,"Principles of data analysis and calibration of electroanalytical, spectroscopic, chromatographic, gravimetric, and volumetric methods.",3,Chemistry,141565,attributes: GQ; prerequisites: C or better in CHEM  162 and 162L
CHEM,304,Research Laboratory Safety,"This course will provide students with the essential knowledge and skills necessary for maintaining a safe laboratory environment. It will cover a range of topics including chemical safety, biological safety and emergency procedures in research laboratories. The curriculum will emphasize compliance with OSHA and NIH guidelines and promote a culture of safety in chemical, biological and biomedical research.",3,Chemistry,141565,"course_name: Research Laboratory Safety; course_number: CHEM 304; prerequisites: C or Better (not C-) in CHEM  162, CHEM  162L, BIOL  171, BIOL  171L, BIOL  172, and BIOL  172L or Instructorʻs Consent"
CHEM,320,Descriptive Inorganic Chem,"The classification of inorganic compounds, their properties and fundamental theories.",3,Chemistry,141565,"course_name: Descriptive Inorganic Chem; course_number: CHEM 320; follow_up_course: CHEM 421; prerequisites: ['CHEM 161', 'CHEM 162']"
CHEM,341,Qualitative Org Analysis,Identification and characterization of organic compounds and mixtures by chemical and spectroscopic techniques.,2,Chemistry,141565,Prerequisites: CHEM 273 and 273L or instructor's consent
CHEM,350,Phys Chem for Life Sci,Principles and theories of Physical Chemistry as applied to the life sciences.,3,Chemistry,141565,course_name: Phys Chem for Life Sci; course_number: CHEM 350; intended_audience: chemistry majors and other natural science majors; prerequisites: CHEM 273 and MATH 241 or consent of instructor
CHEM,351,Physical Chemistry I,"Principles and theories of physical chemistry at the macroscopic level such as thermodynamics, equilibria, states of matter and kinetic and molecular theory. For chemistry majors and other physical science majors.",3,Chemistry,141565,"course_name: Physical Chemistry I; course_number: CHEM 351; prerequisites: ['CHEM 273', 'MATH 243', 'PHYS 170']; suggested_order: May be taken before or after CHEM 352"
CHEM,352,Physical Chemistry II,Principles and theories of physical chemistry at the microscopic level such as kinetics and quantum mechanics; intended primarily for chemistry majors.,3,Chemistry,141565,"course_name: Physical Chemistry II; course_number: CHEM 352; prerequisites: ['CHEM 273', 'PHYS 272', 'MATH 243']; suggestion: May be taken before or after CHEM 351"
CHEM,360,Environmental Chemistry,"Will include the use of chemical concepts and principles to explore and understand the environment.  Natural and anthropogenic aspects of environmental chemistry will be addressed including chemical cycles and systems, pollution, 'green chemistry', and how chemical events can affect local and global processes.",3,Chemistry,141565,course_name: Environmental Chemistry; course_number: CHEM 360; prerequisites: CHEM 162 with C or better grade
CHEM,415,Chemistry of Biotechnology,This course will focus on the fundamentals of biotechnology beginning with the history and foundation of the field followed by detailed chemical and biochemical basis of well established applications of biotechnology in agriculture and the manufacture of pharmaceuticals.,3,Chemistry,141565,course_name: Chemistry of Biotechnology; course_number: CHEM 415; prerequisites: BIOL 410
CHEM,421,Inter Inorganic Chem,"The classification of inorganic compounds, description and fundamental theories. Course includes molecular orbital consideration.",3,Chemistry,141565,"prerequisites: CHEM  352, which may be taken concurrently; recommended_preparation: MATH  242"
CHEM,431,Instrumental Analysis,Introductory instrumental analysis for chemistry majors but recommended for other natural science majors.,2,Chemistry,141565,"Prerequisites: CHEM 274 with C or better grade, or instructor's consent"
CHEM,441,Inter Organic Chem,"The study of more advanced topics in organic chemistry, such as physical organic chemistry, natural products, advanced synthesis, macromolecules, and molecular spectroscopy.",3,Chemistry,141565,course_name: Inter Organic Chem; course_number: CHEM 441; prerequisites: CHEM 273
CHEM,445,Research Methods in Chemistry,"Introduction to multi-step synthesis and instruments/analytical and computer modelling techniques used to characterize organic compounds. Molecules chosen for study will be of biological or environmental significance. Theory of (optical methods, NMR), mass spectrometry. Chromatography (GC, HPLC) and coupled techniques (GCMS, LCMS). Introduction to computer modeling of structure and spectra with SPARTAN Student and other software.",3,Chemistry,141565,"course_name: Research Methods in Chemistry; course_number: CHEM 445; prerequisites: CHEM 273 with a grade of C (not C-) or better, or Instructorʻs Consent; restrictions: Open to CHEM majors and by permission of the instructor"
CHEM,451,Inter Physical Chem,"Advanced topics in Physical Chemistry such as chemical kinetics, molecular spectroscopy, electrochemistry, thermodynamics and statistical thermodynamics, surface chemistry, and crystallography.",3,Chemistry,141565,course_name: Inter Physical Chem; course_number: CHEM 451; prerequisites: CHEM 352 or instructor's consent
CHEM,487,Environmental Toxicology,Biochemical basis for toxicity. Chemical distribution and fate in the body; molecular mechanisms and effects of toxic action. Emphasis on environmental toxicants.,3,Chemistry,141565,course_name: Environmental Toxicology; course_number: CHEM 487; prerequisites: upper-division courses in biochemistry and physiology or instructor's consent
CHNS,100,Easy Chinese for Everyone,1-credit course designed for anyone who wants to learn some basic (“simple yet practical and interesting”) Chinese with an easy approach. It introduces most useful expressions and some key patterns for common situational conversations related to daily life in Hawaiʻi or elsewhere in general.,1,Chinese,141565,"attributes: ['DH', 'GL']; course_code: CHNS 100; course_name: Easy Chinese for Everyone; credits: 1-credit"
CHNS,101,Elementary Chinese I,"Development of listening, speaking, reading and writing Mandarin Chinese. Structural points introduced inductively. Laboratory drill.",4,Chinese,141565,"attributes: ['DH', 'GAHP', 'GL', 'HPP']; course_code: CHNS 101; course_name: Elementary Chinese I"
CHNS,102,Elementary Chinese II,"Development of listening, speaking, reading and writing Mandarin Chinese. Structural points introduced inductively. Laboratory drill.",4,Chinese,141565,"attributes: DH, GAHP, GL, HPP; prerequisites: CHNS  101 or equivalent"
CHNS,107,Accelerated Elementary Chinese,"Development of four skills - speaking, listening, reading and writing - and an adequate knowledge at the beginning level of Chinese language. A variety of classroom activities: dialogues, role plays, individual and group presentations, grammar exercises, individualized laboratory work and A/V-aided activities, and reading and writing practice in the basic scripts (“pinyin” and “hanzi” characters).",8,Chinese,141565,"attributes: ['DH', 'GAHP', 'GL']; class_hours: two hours daily, Monday through Friday; content_coverage: Contents of CHNS 101-102 covered in one semester; course_number: CHNS 107; course_title: Accelerated Elementary Chinese; lab_requirement: Language laboratory required"
CHNS,200,Conversational CHNS Business,"This course is intended for students who have gained some basic knowledge of Chinese language but would like to improve their fluency, especially for business situations. Over this course, students practice conversational skill through a variety of topics, such as greetings and self- introduction, formal meetings, business negotiations, trade or financial transactions, and in any other situations that may be appropriate for an international business situation.",3,Chinese,141565,"attributes: DH, GL, HPP; prerequisites: CHNS  102 or 107"
CHNS,201,Intermediate Chinese I,"Second-level training in listening, speaking, reading and writing skills.",4,Chinese,141565,"attributes: DH, GAHP, GL, HPP; prerequisites: CHNS  102 or equivalent"
CHNS,202,Intermediate Chinese II,"Second-level training in listening, speaking, reading and writing skills.",4,Chinese,141565,"attributes: DH, GAHP, GL, HPP; prerequisites: CHNS  201 or equivalent"
CHNS,240,CHN Culture in Sports Pastimes,"This course introduces traditional Chinese culture embedded in the sports, recreation, and pastimes. Each week the class will look at 1-2 particular kinds of sports, exercises and recreational activities that Chinese people performed in pastimes, such as Taiji boxing, martial arts, wresting, polo, kickball, shuttlecock kicking, archery, diabolo, pitch pot, juggling, dragon boat races, kites, chesses, mahjong, etc. Students will learn the origins and socio-cultural factors of these activities, including how they shaped Chinese views of the universe, nature, life, and health as well as unique ways of rebalancing life in their pursuit of happiness.",1,Chinese,141565,"attributes: ['DH', 'HPP']; course_code: CHNS 240; course_name: CHN Culture in Sports Pastimes"
CHNS,280,Introduction to CHNS Culture,"A general introduction to traditional Chinese culture through various topics, including its early civilization, cosmology, philosophy, religions, language, literature, art, music, dramas, scientific and technological inventions, medicines, martial arts, fengshui, and folk customs. Prominent historical figures (e.g. philosophers, writers, artists, scientists) and their contributions to Chinese civilization are discussed. Through a broad survey of essential aspects of Chinese culture, this multidisciplinary course lays a foundation for Chinese studies.",3,Chinese,141565,"attributes: ['DH', 'HPP']; course_name: Introduction to CHNS Culture; course_number: CHNS 280"
CHNS,320,CHNS Festivals &amp; Food Culture,"This course discusses traditional Chinese festivals and food as important aspects of Chinese culture. It investigates the most important festivals and related customs, what food people cook and eat during the festivals, and why. It also explores popular styles of cooking in different areas and how they have shaped the diversity of Chinese people. Students will interact with local Chinese restaurants or families for the cultural tradition of Chinese cuisine.",3,Chinese,141565,"attributes: ['DH', 'GCC', 'HPP']; course_name: CHNS Festivals & Food Culture; course_number: CHNS 320"
CHNS,330,CH Culture via Classical Music,"This course introduces classical Chinese music as an essential part of Chinese cultural heritage. It reviews ten most famous pieces of classical Chinese music in the history and explores their significant social and cultural connotations. Students will learn how to appreciate classical Chinese music in connection with ancient Chinese aesthetics and perceptions of history, society, heroes, nobility, joy and bitterness, nature, and life.",3,Chinese,141565,"attributes: ['DH', 'HPP']; course_name: CH Culture via Classical Music; course_number: CHNS 330"
CHNS,350,Chinese Folklore and Symbolism,"This course explores ancient Chinese folktales and symbolism that are significantly connected with Chinese cultural tradition, social life and customs, as well as distinctive aesthetics. Interesting and important stories are selected from mythology, legends, and fables, covering various themes such as the creation of the universe, enlightenment of virtues and ethics, philosophy of life, tragedies and praises for loyal love, as well as women heroes. Moreover, auspicious symbols in Chinese life are discussed in their historical and cultural context and with regard to their impact on Chinese society, customs, and aesthetics.",3,Chinese,141565,"attributes: ['DH', 'HPP']; course_name: Chinese Folklore and Symbolism; course_number: CHNS 350"
CHNS,360,Chinese Culture through Film,"This course introduces Chinese culture, history, society, people, customs, and major civilizations through a selection of 14 films. Students need to respond to some specific questions after watching each film and participate in the online forum on Laulima. Knowledge of Chinese language is not needed.",3,Chinese,141565,"attributes: ['DH', 'HPP']; course_number: CHNS 360; course_title: Chinese Culture through Film; number_of_films: 14"
CHNS,364,Chns Lit in Eng-Modern,Survey of major Chinese writings from 1919 to the present. Knowledge of Chinese is not required.,3,Chinese,141565,course_name: Chns Lit in Eng-Modern; course_number: CHNS 364; equivalent_course: ENG 364
CHNS,381,Chns Cult thru Arch &amp; Garden,"This course introduces Chinese architecture and gardens as an important part of traditional Chinese culture. It emphasizes distinctive cultural implications in the architecture and its decorative arts, especially symbolism of architectural design (such as layout, size, form, elements, color). It also explores the artistic theories and cultural factors in the craft of imperial and private gardens.",3,Chinese,141565,"attributes: ['DH', 'HPP']; course_code: CHNS 381; course_name: Chns Cult thru Arch & Garden"
CHNS,385,Chinese Archaeology,"This course adopts an archaeological approach to explore Chinese civilization in ancient times. Archaeological findings, including various cultural remains and unearthed cultural relics, are used as powerful physical evidence and study materials of the evolution of Chinese civilization from the Neolithic times to the late imperial periods. Students will learn how to employ and scrutinize archaeological data effectively in studying ancient Chinese society, culture, and people.",3,Chinese,141565,"attributes: ['DH', 'HPP']; course_name: Chinese Archaeology; course_number: CHNS 385"
CHNS,387,CHNS Zen Temple Gardens in JPN,"This course discusses cultural exchange between ancient China and Japan from a perspective of religious, artistic, and architectural traditions in Zen temples and gardens. It introduces how Chinese Zen temple tradition was transmitted into Japan around Kamakura period (12th-14th centuries) and influenced the creative design of Japanese Zen temples and gardens that represented Japanese cultural identity. It also explores the intriguing cultural interactions of Chinese-style Zen temples in the 17th- century Japan.",3,Chinese,141565,"Attributes: ['DH', 'HPP']; Course: CHNS 387; Course Title: CHNS Zen Temple Gardens in JPN"
CHNS,410,History of Chinese Characters,This course introduces Chinese civilization and history through an investigation of the evolution of Chinese script and the socio-cultural factors related to it. Archaeological and historical materials are used in introducing its various forms in history: from tortoise shell script to seal and clerical scripts as well as regular script. Historical and cultural setting of creating and using the specific script are examined. The transformation of Chinese script into Japanese “kanji” and cultural exchange between Asian countries are also discussed. (Same as LANG/JPST 410).,3,Chinese,141565,"attributes: GAHP; prerequisites: one of the following: CHNS  101, CHNS  107, JPNS  101, JPNS  101S, or JPNS  107"
CHNS,430,Cultural Exchange on Silk Road,"This course is focused on the cultural exchanges on the ancient Silk Road, which connected the East and the West from the second century BCE to the eighteenth century. It explores the essential role of the Silk Road, both the land route and the maritime route, in the economic, political, religious, and cultural interactions between China and Japan, Korea, Southeast Asia, South Asia, West Asia (Persia, the Arabian Peninsula), East Africa, and Southern Europe during the above historical times. Through a series of thematic topics, this course is aimed at an understanding of the diversity of Asian culture and its important contributions to the world civilization.",3,Chinese,141565,"Attributes: ['DH', 'HPP']; Course: CHNS 430; Title: Cultural Exchange on Silk Road"
CHNS,440,Asian Architecture and Culture,"This course explores traditional Asian culture through its architectural heritage in various areas, especially in East Asia, South Asia, and Southeast Asia. Focused on the architectural traditions of China, Japan, Korea, India, Cambodia, Indonesia, Myanmar, and Thailand, it discusses the major artistic characteristics of their classical architecture in close connection with their social and cultural contexts. It also analyzes the distinctive cultural factors that contributed to the making of a diverse architectural tradition across Asia.",3,Chinese,141565,"attributes: ['DH', 'HPP']; course_name: Asian Architecture and Culture; course_number: CHNS 440"
COM,100,Human Comm in Diverse Society,"The role of human communication in meeting the task and social needs of a multicultural society.  Emphasis on communication concepts, principles, and cultural issues in interpersonal, small group, organizational, public, mediated, and global contexts.",3,Communication,141565,attributes: ['DH']; course_code: COM 100; course_name: Human Comm in Diverse Society
COM,200,Interpersonal Comm,The fundamental concepts of interpersonal communication: verbal and nonverbal communication in face-to-face encounters.,3,Communication,141565,
COM,207,Gender and Communication,"This course is an introduction to gender research in communication, studying ways in which language, interpersonal communication, the media, and various social institutions influence conceptions of gender.",3,Communication,141565,course_name: Gender and Communication; course_number: COM 207; cross_listing: WS 210
COM,240,Professional Communication,"An overview of the various approaches to organizations, communication, public relations, leadership, and interviewing.  Professional presentation, writing, small group problem solving and consulting skills are developed. Also addressed are diversity, technology, and globalization issues.",3,Communication,141565,course_name: Professional Communication; course_number: COM 240
COM,241,"Health, Culture and Diversity","This course is an overview of the study of health communication.  It is aimed to provide exposure to concepts and principles in the field, focusing on advocacy and individual awareness in current events.  Topics will include the dynamics shared between health care providers and patients, the role of mass media, promotion of public health campaigns and culturally diverse approaches to health care.",3,Communication,141565,"course_code: COM 241; course_title: Health, Culture and Diversity"
COM,251,Public Speaking,"Analysis, preparation and delivery of speeches. Emphasis on content, organization and style.",3,Communication,141565,Course: COM 251; Course Title: Public Speaking
COM,260,Media and Culture,"Historical and contemporary overview of television, radio, film, and the press in American culture.",3,Communication,141565,course_name: Media and Culture; course_number: COM 260
COM,270,Intro to Theories of Human Com,"Examination of the theoretical foundations of the human communication discipline.  Coverage of traditional and contemporary theories in such areas as interpersonal, small group, organizational, intercultural, public and mass communication.",3,Communication,141565,"attributes: ['DS', 'GL']; course_name: Intro to Theories of Human Com; course_number: COM 270"
COM,273,Radio Drama,A survey and production course in Radio Drama with emphasis on the actual production of radio drama(s) for public broadcast.,3,Communication,141565,"course_name: Radio Drama; course_number: COM 273; cross_listing: DRAM 273; prerequisites: DRAM 170, COM260 or instructor's consent"
COM,285,Introduction to Media Writing,"An introductory media writing class with a focus on preparing students to write effectively for news media. Integrates skills of research, inquiry, interviews, and media and information literacy, to writing news, culture and feature articles, and other assignments. (Same as ENG 285).",3,Communication,141565,"attributes: DH, GL; prerequisites: ENG  100, ENG  100T, ESL  100, or ESL  100T"
COM,325,Mindful Communicating,"Mindfulness is the practice of learning to be present with undivided attention, and minimizing premature mental judgment. We explore the intersection of mindfulness practice and everyday human communication.",3,Communication,141565,course_name: Mindful Communicating; course_number: COM 325
COM,340,Interviewing,"This course focuses on the interview process as a collaborative dialogue.  Emphasis is placed on framing the interview, listening ethics, cultural diversity, and the development of interviewing skills.",3,Communication,141565,Course Number: COM 340; Course Title: Interviewing; Prerequisites: COM 200 or consent of instructor
COM,341,Communication and Aging,"Provides a conceptual overview of the study of communication and aging addressing both theory and application. Topics include stereotypes of aging, patient- provider communication in older adulthood, end of life care, culture and aging, and the role of communication in intergenerational relationships. Advocacy and current events in communication and aging are also addressed.",3,Communication,141565,course_name: Communication and Aging; course_number: COM 341
COM,350,Intro Human Commun Research,"An introduction to basic communication research approaches, reviewing the literature, and reporting research.",3,Communication,141565,course_code: COM 350; course_name: Intro Human Commun Research
COM,351,Com in Multicultural Workplace,"This course provides intercultural insights into organizational communication and addresses leadership and membership, decision-making and conflict resolution in the multicultural workplace.",3,Communication,141565,
COM,352,Comm in Small Groups,"Discussion processes in small groups. Effects of variables such as group organization, leadership, membership, goals on how a group attempts to achieve its purpose.",3,Communication,141565,course_name: Comm in Small Groups; course_number: COM 352
COM,354,Comm in Innovation,The role of communication as a change agent in society. Communication strategies in diffusion of information.,3,Communication,141565,course_name: Comm in Innovation; course_number: COM 354
COM,358,International Communication,"This course surveys major topics in international communication, international and national policies on media, comparative media systems, and issues of development.",3,Communication,141565,course_code: COM 358; course_name: International Communication
COM,359,Intercultural Communication,Linguistics and nonverbal variables that influence the effectiveness of cross-cultural communication.,3,Communication,141565,"attributes: ['ALEX', 'GAHP', 'GCC', 'HPP']; course_name: Intercultural Communication; course_number: COM 359"
COM,360,Impact Of Mass Media,Analysis of some of the major effects of the mass media on the individual and society.,3,Communication,141565,course_code: COM 360; course_name: Impact Of Mass Media
COM,361,Media Ethics and Law,Media Ethics and Law is an introduction to the ethical and legal issues related to communication and speech.  It also gives students a better understanding of the U.S. Constitution and its role in our legal system.  Students are provided tangible guidelines within which to communicate. They will understand how and why speech is protected and when that speech crosses the line into becoming unprotected speech.,3,Communication,141565,course_name: Media Ethics and Law; course_number: COM 361
COM,365,Modern American Cinema,"The study of American film since WWII, drawing from such film genres as the detective-hero, the musical, the western, comedy, social realism, and melodrama.",3,Communication,141565,Course: COM 365; Title: Modern American Cinema
COM,366,Asian Cinema and Television,"Examines Asian film and television industries. It surveys the production, distribution, and consumption process of television programs and movies in China, Hong Kong, India, Japan, South Korea, Taiwan, and the Middle East.",3,Communication,141565,course_name: Asian Cinema and Television; course_number: COM 366
COM,368,Communication &amp; Social Change,"This course introduces students to theories and practices of social change from a communication perspective and explores the historic and contemporary role of communication in local, national, and international social movements.",3,Communication,141565,course_code: COM 368; course_name: Communication & Social Change
COM,370,Persuasion,Inquiry into the nature of persuasion or attitude change with focus on the message as a major determinant of the effects of persuasion on receivers.,3,Communication,141565,course_name: Persuasion; course_number: COM 370
COM,371,Communication Ethics,This course examines ethical standards in evaluating communication acts and events and discusses ethical issues and challenges in communicating in different contexts,3,Communication,141565,course_code: COM 371; course_name: Communication Ethics
COM,375,Nonverbal Communication,The nonverbal dimensions of human communication.,3,Communication,141565,
COM,381,Communication in Death &amp; Dying,"Overview of the study of death and dying, addressing both theory and application. Topics include end-of-life communication from interpersonal (difficult conversations, coping, support, and bereavement), mediated (representation in films and music), cultural (funeral rituals), and legal and ethical (advanced-care directives) perspectives. Advocacy in end-of-life stage is also addressed.",3,Communication,141565,course_code: COM 381; course_name: Communication in Death & Dying
COM,387,Performance Education,"In this course, students are guided through the process of researching, writing, rehearsing and performing a series of educational and entertaining presentations that deal with science and Hawaiian culture. Presentations will be shared with the general public in a museum theater setting at Imiloa Astronomy Center of Hawaiʻi. Course may be repeated once for credit. (Same as DRAM 387).",3,Communication,141565,"attributes: GCC, HPP; prerequisites: COM  251 or DRAM  171 or DRAM  221 or instructor's consent"
COM,390,Internship,"This internship is intended to use the application of communication knowledge and skills in a public, private, or government agency/setting. May be repeated once for a total of six (6) credits.",3,Communication,141565,attributes: GCC; prerequisites: instructor’s consent and pre-approved placement
COM,391,General Semantics,"Understanding language, verbal meaning and implication, roles of perception and assumption (inference and judgment) in human relationships.",3,Communication,141565,
COM,400,The Art of Mindful Dialogue,"An exploration of the writings of those who contemplate “dialogue,” generally considered to be the highest quality form of human communication.",3,Communication,141565,course_code: COM 400; course_title: The Art of Mindful Dialogue
COM,411,"Media, Apocalypse, the Undead","Zombies, aliens, biochemical causes, etc., media is obsessed with human collapse. This course explores how current social and political issues ranging from race, gender, power, ableism, neurodivergence, illness, mental health, and global warming are depicted and defined in post-apocalyptic media, and what it means to be “human” at the end of the world.",3,Communication,141565,"course_code: COM 411; course_title: Media, Apocalypse, the Undead"
COM,420,Family Communication,"Foundational concepts and theories are introduced. Communication dynamics within families are explored. Narrative, functional, interpretive, and systems approaches to family communication are included.  Cultural influences are examined.  Conditions necessary for optimal family functioning are addressed.",3,Communication,141565,course_name: Family Communication; course_number: COM 420; cross_listing: WS 420
COM,430,Health Communication,"Survey of health communication research including doctor- patient interactions, social support, culture and diversity issues in healthcare, and public health campaigns. Special attention will be given to the role of technology in health communication. Cultural influences on health beliefs and practices are examined.",3,Communication,141565,course_name: Health Communication; course_number: COM 430
COM,440,Organizational Communication,Organizational communication is an intensive consideration of the role of human communication in organizational effectiveness.  The course emphasizes both theory and practice and focuses on historical and contemporary trends affecting organizations.,3,Communication,141565,Prerequisites: COM 200 and 251 or instructor's consent
COM,441,Leadership &amp; Communication,"Relationships between communication and leadership including a consideration of relevant theories, concepts, tools, and skills.  Leadership and communication are examined in relation to organizational culture, change, diversity, technology, and decision making.",3,Communication,141565,Prerequisites: COM 200 and 251 or instructor's consent
COM,442,Communication &amp; Conflict,"Relationship between human communication and conflict.  The relationship among personal history, culture, gender, power, communication, and conflict is considered.  Students gain experience in assessing and intervening in conflict situations in both professional and personal contexts. Western, Eastern, and Hawaiian approaches to conflict management are included.",3,Communication,141565,course_name: Communication & Conflict; course_number: COM 442; prerequisites: COM 251 or instructor's consent
COM,444,Public Relations,"An overview of the practice of public relations in business, educational institutions, non-profit organizations, and government. Students will learn how to interact with public relations professionals, the media, write press releases, and design and evaluate campaigns.",3,Communication,141565,Prerequisites: COM 251 or instructor's consent
COM,450,Human Communication Theory,Examination of traditional and contemporary theories in the study of human communication.,3,Communication,141565,Course: COM 450; Course Title: Human Communication Theory
COM,451,Communication and Ethnography,"Study of ethnography as a qualitative research method. Opportunities to collect data in the field by participating and observing (writing field notes, videotaping, and/or audio taping), interviewing (videotaping or audio taping), and investigating texts (documents, diaries, photographs, films, etc.) are provided.  New ethnographic form such as autoethnography, co-constructive narrative, interactive interviewing, creative non-fiction, poetry, fiction and performance are introduced.",3,Communication,141565,course_name: Communication and Ethnography; course_number: COM 451
COM,455,Com &amp; Culture Asian Americans,"Examination of communication patterns of the major Asian American ethnic groups.  Particular emphasis will be placed on the influence of ethnic-cultural identities, cultural variability, immigration patterns, and other relevant issues on the communication behavior of Asian Americans.",3,Communication,141565,course_code: COM 455; course_name: Com & Culture Asian Americans
COM,456,Asian Perspectives on Commun,This course surveys indigenous concepts and theories of Asian cultures and communication and compares Eastern and Western perspectives on humans communicating.,3,Communication,141565,attributes: ['GAHP']; course_code: COM 456; course_name: Asian Perspectives on Commun
COM,457,Japanese Culture &amp; Commun,This course explores aspects of Japanese communication from cross-cultural perspectives and examines problems in intercultural interactions between Japanese and non-Japanese.,3,Communication,141565,attributes: GAHP; course_name: Japanese Culture & Commun; course_number: COM 457; cross_listing: JPST 457
COM,460,Mass Media Analysis,"Advanced study in mass communication theory, analysis, and criticism, with emphasis upon the electronic mass media.",3,Communication,141565,course_name: Mass Media Analysis; course_number: COM 460; prerequisites: Com 260 or 360 recommended
COM,461,Race and Gender in Media,"This course explores the dynamic interactions between race, gender and the mass media. Specifically, it examines media representations of race and gender and their cultural, sociological, and psychological effects in the society. (Same as WS 461).",3,Communication,141565,"attributes: GCC; prerequisites: COM  260, 360 or instructor's consent"
COM,465,Comm and Popular Culture,"Popular culture influences identity, interpersonal relationships, and worldview perspectives. This course helps to understand popular culture’s influence on society. Three approaches of popular culture are focused on: production and industry practices; evaluating texts; and audience reception of popular culture.",3,Communication,141565,course_name: Comm and Popular Culture; course_number: COM 465; equivalent_course: WS 465
COM,470,Dark Side of Communication,"Using the “dark side” metaphor, this course investigates important, yet neglected, issues of personal relationships. The class has two goals—(1) understanding the influence communication has on personal relationships, and (2) how contexts and relational challenges influence personal relationships.",3,Communication,141565,"attributes: ['DS', 'GCC']; course_name: Dark Side of Communication; course_number: COM 470; cross_listing: WS 470"
COM,485,Communication and Love,"Theory, practice, and interrelationship of the arts of communication and love.",3,Communication,141565,course_name: Communication and Love; course_number: COM 485
COM,488,Seminar in Social Media,"Research seminar examining the effects of social media on identity, relationships, information seeking, communities, news production, and civic engagement. Social media analytics tools are introduced.",3,Communication,141565,course_name: Seminar in Social Media; course_number: COM 488
CS,100,Prin Of Computer Sci,"General survey of the entire field of computer science. Principles of machine architecture, human/machine interface, data organization, and their interrelationship.",3,Computer Science,141565,attributes: ['GQ']; course_number: CS 100; course_title: Prin Of Computer Sci
CS,101,Digital Tools for Info World,"Hands-on computer class with emphasis on producing professional-level documents, spreadsheets, presentations. Also involves data organization and filtering, rational databases and web page development for problem-solving. Includes mathematical, logical, statistical and financial analysis calculation concepts.",3,Computer Science,141565,attributes: ['GQ']; course_name: Digital Tools for Info World; course_number: CS 101
CS,130,"Beg Graphics, Game Programg","Introduction to two-dimensional graphics and game programming: graphic elements, layers and simple animation; principles of game design and implementation; emphasis on Flash and Action Script programming; game physics; simple AI techniques.",3,Computer Science,141565,"attributes: ['GQ']; course_name: Beg Graphics, Game Programg; course_number: CS 130; prerequisites: Previous programming experience helpful but not required"
CS,132,Intro to Health Informatics,This introductory course will cover a broad range of topics relating to the area of health informatics and health care technology with a focus on standard and current software tools.,3,Computer Science,141565,course_code: CS 132; course_name: Intro to Health Informatics
CS,135,Animation Programming,A gentle introduction to programming with user-friendly software. Students will use storyboarding design strategies to create animations and designs with objects in virtual worlds. These animations and designs promote an understanding of basic programming constructs including control structures and object-oriented programming. Projects based on Hawaiian and Pacific themes will be emphasized.,3,Computer Science,141565,"attributes: ['GQ', 'HPP']; course_number: CS 135; course_title: Animation Programming; target_audience: Open to all students; especially intended for those with no programming experience. Computer science majors may take this course to prepare for CS 150."
CS,138,Intro to Computing with Robots,"A gentle introduction to computer programming using robot kits and a high level programming language. Students will learn how to control and communicate with robots and at the same time gain an understanding of basic programming constructs, including control structures and object-oriented programming.  Student projects will include use of robots to simulate space exploration as well as other tasks suited to robots.",3,Computer Science,141565,attributes: ['GQ']; course_number: CS 138; course_title: Intro to Computing with Robots; notes: Computer science majors may take this course to prepare for CS 150.
CS,140,Multimedia Programming,"An introduction to computer programming in the context of multimedia.  Introduces students to some of the principles of computer science.  Students will learn how to write computer programs (in Python) for creating and manipulating three types of media:  pictures, sounds, and movies.",3,Computer Science,141565,course_number: CS 140; course_title: Multimedia Programming; programming_language: Python; suggested_next_course: CS 150
CS,141,Discrete Math for Comp Sci I,"Includes logic, sets, functions, matrices, algorithmic concepts, mathematical reasoning, recursion, counting techniques, probability theory.",3,Computer Science,141565,Exclusion: Not open to students with credit in Math 310; Prerequisites: MATH 140 or MATH 140X or placement into MATH 241 or higher
CS,150,Intro To Computer Science I,"Intended for Computer Science majors and all others interested in the first course in programming. An overview of the fundamentals of computer science emphasizing problem solving, algorithm development, implementation, and debugging/testing using an object-oriented programming language.",3,Computer Science,141565,"attributes: GQ; prerequisites: MATH  135T or higher, or placement into MATH  135 or higher"
CS,151,Intro to Computer Sci II,"Reinforces and strengthens problem solving skills using more advanced features of programming languages and algorithms such as recursion, pointers, and memory management.  Emphasizes the use of data structures such as arrays, lists, stacks, and queues.",3,Computer Science,141565,course_name: Intro to Computer Sci II; course_number: CS 151; prerequisites: CS 150
CS,200,Web Technology I,"Introductory web page authoring. Creation of client-side web pages using web authoring language and style sheets. Consideration of graphical design elements, validation, browser compatibility, and accessibility. Use of scripting language to add dynamic elements to web pages.",3,Computer Science,141565,attributes: ['GL']; course_name: Web Technology I; course_number: CS 200
CS,201,Web Technology II,"Intermediate web page authoring. Creation of web pages that present data from XML sources and use XSLT transformations. Development of an e-commerce web site that uses a standard browser to accept user input, processes the user input with business logic, and connects to a back-end SQL database. Publication of web site to a web server.",3,Computer Science,141565,course_number: CS 201; course_title: Web Technology II; prerequisites: CS 200 or instructor's consent
CS,205,PC Hardware,An introduction to the hardware components and assembly of personal computers and their connectivity to networks. Includes laboratory and hands-on assembly.,3,Computer Science,141565,Course: CS 205; Course Title: PC Hardware
CS,235,Comp Forensic &amp; Investigation,"Students will learn how to examine digital devices in a forensically professional manner with the aim of identifying, preserving, recovering, analyzing and presenting facts and opinions about the digital information in the courtroom. Students will learn the basic artifacts of operating systems, file systems, recovery process of deleted data, Cybersecurity attacks, email tracking, mobile forensics, image file forensics, etc.",3,Computer Science,141565,course_name: Comp Forensic & Investigation; course_number: CS 235
CS,241,Discrete Math for Comp Sci II,"Includes functions, matrices, graph theory, trees and their applications, Boolean algebra, introduction to formal languages and automata theory.",3,Computer Science,141565,Course Number: CS 241; Course Title: Discrete Math for Comp Sci II; Prerequisites: CS 141 and MATH 241
CS,266,Comp Org &amp; Assembly Lang,Organization of computers; assembly language; instruction sets: CPU; memory; input/output; interrupts; DMA.,3,Computer Science,141565,Prerequisites: CS 150
CS,282,Practical Comp for Sci &amp; Engg,"Create scientific and engineering computation spreadsheets emphasizing equations, references, mathematical functions, and charts. Use MS Excel to show trends, solve what if scenarios, filter information, and summarize information. Design and create MS Access tables, relationships, forms, queries, and reports to analyze scientific data. This class primarily focuses on advanced features and functions of MS Excel and MS Access and creates applications to solve scientific and engineering problems.",3,Computer Science,141565,attributes: GQ; prerequisites: MATH  140X (may be taken concurrently)
CS,300,Web Site Management,"Advanced topics in web site administration. Issues covered include: site management (operating system, web server and database installation and administration); security (cryptography, authentication, digital certificates); and content (site design, ethical and business considerations).",3,Computer Science,141565,course_name: Web Site Management; course_number: CS 300; prerequisites: CS 200 or instructor's consent
CS,315,Board Game Analysis &amp; Design,"This course focuses on the design and analysis of modern board games, card games, and other table-top games. Through game play, design, and writing assignments, students will develop critical thinking, problem solving, research and technical writing skills.",3,Computer Science,141565,course_name: Board Game Analysis & Design; course_number: CS 315
CS,321,Data Structures,"Basic concepts of space/time efficiencies Algorithms and data structures for searching (binary search trees, AVL trees, hash tables) and sorting. Graph algorithms. Data compression using Huffman codes.",3,Computer Science,141565,"course_name: Data Structures; course_number: CS 321; prerequisites: CS 151 and 241, or instructor's consent"
CS,340,Graphical User Interfaces,"Study of the graphical user interface as applied to computer software. Examination of history, human factors, design, technology and implementation of graphical user interfaces.",3,Computer Science,141565,course_name: Graphical User Interfaces; course_number: CS 340; prerequisites: CS 151
CS,350,Systems Programming,"Introduction to systems programming in the UNIX environment. Topics include the UNIX command shells and scripting, the C programming language, UNIX programming tools and system calls, processes and process management, file and console I/O, and other selected topics. Designed for students interested in scientific, engineering or systems programming, systems administration or graduate education in computer science.",3,Computer Science,141565,course_name: Systems Programming; course_number: CS 350; prerequisites: CS 151 or DATA 272
CS,407,Intro To Numerical Analysis I,"Solutions of equations in one variable, direct and iterative methods for systems of linear equations, the algebraic eigenvalue problem, interpolation and polynomial approximation, error analysis and convergence for specific methods.",3,Computer Science,141565,"course_name: Intro To Numerical Analysis I; course_number: CS 407; cross_listing: ['MATH 407']; prerequisites: ['C in MATH 242', 'C in MATH 211', 'programming experience']; semester_offerings: ['spring semester']"
CS,408,Intro To Numerical Analysis II,"A continuation of CS 407. Topics will include approximation theory, numerical integration and differentiation, solution of systems of nonlinear equations, numerical solutions to differential equations.",3,Computer Science,141565,cross_listing: MATH 408; prerequisites: C in CS 407
CS,420,Database Internals,"Concepts and methods for managing persistent data. Study of stream, sequential, relative and indexed organizations. Implementation techniques and performance. Introduction to SQL. XML as a data transport and storage mechanism.",3,Computer Science,141565,course_name: Database Internals; course_number: 420; prerequisites: CS 321; subject: CS
CS,421,Database Systems Design,"Data models: hierarchical, network, relational, object oriented.  Relational database management systems. Database design.  Client/server systems.  Web access to databases.  Database administration and security. Transaction management.  Database programming.",3,Computer Science,141565,course_name: Database Systems Design; course_number: 421; prerequisites: CS 420
CS,422,Database Analytics,"Analysis of large datasets. Data warehousing and data mining. Data preprocessing. Measures of similarity. Transformation and normalization techniques. Classification and clustering algorithms. Association analysis. Curse of dimensionality. Analysis techniques including regression, principal component analysis, linear discriminant analysis and feature selection.",3,Computer Science,141565,course_name: Database Analytics; course_number: CS 422; prerequisites: CS 321 OR DATA 272
CS,430,Operating Systems,"Covers the concepts, issues and design of modern operating systems. Topics include processes and state, concurrency, resource management algorithms for memory, processors and I/O devices, protection and security. Case studies of popular workstation, server and mainframe operating systems. Laboratory projects teach concurrent programming and OS implementation techniques.",3,Computer Science,141565,"course_name: Operating Systems; course_number: CS 430; prerequisites: ['CS 266', 'CS 321']"
CS,431,Networks &amp; Data Commun,"Thorough survey course covering major networking concepts such as Link-level Flow, Error Control, Congestive Control and QOS.  Modern network protocols such as TCP/IP, ATM, Frame Relay, Ethernet, Fiber Channel and Wireless LANs will be compared and contrasted.",3,Computer Science,141565,course_name: Networks & Data Commun; course_number: CS 431; prerequisites: CS 321
CS,435,Ethical Hacking,"“To beat a hacker, you need to think like a hacker”. This course will provide hands-on training to students to become information security professionals while learning tools and techniques used by attackers. Students will get training to become ethical hackers to defend against cyber-attacks through the five phases of Ethical Hacking: Reconnaissance, Gaining Access, Enumeration, Maintaining Access, and Covering Tracks.",3,Computer Science,141565,course_name: Ethical Hacking; course_number: 435; prerequisites: CS 150
CS,440,Artificial Intelligence,"Fundamental concepts of artificial intelligence including problem solving, heuristic search, reinforcement learning, and deep learning. Discussion of applications such as board game playing, video game design, and text processing.",3,Computer Science,141565,course_name: Artificial Intelligence; course_number: CS 440; prerequisites: CS 321 or DATA 272
CS,450,Org Of Programming Lang,"Advanced introduction to the concepts and issues in the design of computer programming languages. Topics include classification of languages, types, semantics, special forms parameter passing, closures, object-orientation, continuations, concurrency, exceptions, interpreters and garbage collection. Laboratory projects highlight design decisions and teach interpreter implementation techniques.",3,Computer Science,141565,course_name: Org Of Programming Lang; course_number: CS 450; prerequisites: CS 321
CS,451,Compiler Theory,"Study of LL, LR, LALR grammars and compiler techniques suitable for programming languages for use in constructing scanners, parsers, code generators, code optimizers for a compiler. Use of compiler construction tools such as lex and yacc to develop a compiler for a block structured programming language.",3,Computer Science,141565,course_name: Compiler Theory; course_number: CS 451; prerequisites: CS 321
CS,460,Software Engineering I,"Emphasizes planning, analysis, and design phases of the Software Development Life Cycle with one model of the SDLC covered. Goal is to learn tools and techniques for sound requirement assessment and, working as a team, produce a verified design of a real software product.",3,Computer Science,141565,"attributes: ALEX, GCC; prerequisites: CS  321, One Writing Intensive Course"
CS,461,Software Engineering II,"Emphasizes implementation, installation and maintenance phases of the SDLC covered in CS 460. Goals are to learn specific techniques and tools for product development testing, measurement and documentation. Team will complete product.",3,Computer Science,141565,"attributes: ALEX, GCC; prerequisites: C or better in CS  460"
CS,470,Theory Of Computing,"Study of various models of computation and their relation to formal languages: finite automata, push-down automata, Turing machines, regular, context-free, and recursively enumerable languages. Unsolvability, NP completeness.",3,Computer Science,141565,course_name: Theory Of Computing; course_number: CS 470; prerequisites: CS 321
CS,475,Data Visualization,"This team-taught course provides an interdisciplinary framework for learning cutting-edge techniques in data visualization. Students from various disciplines will collaborate on projects that refine and visualize complex data for interactive, educational presentations. Students are taught hands-on-skills for creating effective data visualization products and tools that can be applied to a broad range of scientific disciplines, education, humanities, and the community. CS 150 or ART 112 are recommended prior to the course. (Same as ART 475).",3,Computer Science,141565,attributes: GCC; prerequisites: Junior or Senior standing
CS,480,Digital Image Processing,"This course provides introduces digital image processing fundamentals and the software principles used in their implementation. Topics include intensity transformations, spatial filtering, compression, geometric transforms, registration, wavelets, segmentation, and edge detection. This course reinforces theory through a hands-on programming approach.",3,Computer Science,141565,course_number: CS 480; course_title: Digital Image Processing; prerequisite: CS 321
CS,483,Computer Vision,"A survey of the field of computer vision. Covers both classic as well as deep learning approaches to analyzing images and video. Topics covered include keypoint features, object detection, multi-object tracking, and interacting with humans.",3,Computer Science,141565,"course_name: Computer Vision; course_number: CS 483; cross_listing: DATA 483; prerequisites: MATH 211, and either DATA 272 or CS 321"
CS,485,Social Network Analysis,"Covers the six degrees of separation, models of the small world, page rank, network effects, P2P networks, network evolution, spectral graph theory, virus/news propagation, core-periphery, link prediction, power-laws, scale free networks, network communities, hubs and authorities, bipartite cores, information cascades, influence maximization",3,Computer Science,141565,course_name: Social Network Analysis; course_number: 485; prerequisites: CS 151; subject: CS
DATA,101,Awesome Data Science Skills,Introduction to Data Science. Students will learn super awesome data science skills to better understand the world.,3,Data Science,141565,Attributes: GQ; Course: DATA 101; CourseTitle: Awesome Data Science Skills; Prerequisites: No prerequisites are required
DATA,200,Intro to Business Analytics,An introduction to quantitative modeling and data-driven decision-making used in Business Analytics. Includes the basic concepts and mathematical tools to understand the role of quantitative analytics in organizations; application of analysis tools and interpretations of model outputs for effective communication.,3,Data Science,141565,attributes: GQ; course_name: Intro to Business Analytics; course_number: DATA 200; equivalent_course: QBA 200
DATA,271,Applied Statistics with R,"Introduction to probability and statistics, with an emphasis on applied use of the R statistical computing system. Topics include categorical and quantitative random variables, probability distributions, descriptive statistics, estimation, hypothesis testing, and linear regression. (Same as MATH 271).",3,Data Science,141565,"attributes: FQ, GQ; prerequisites: C or better in MATH  135T or higher, or placement into MATH  140 or higher; C or better in DATA  171 or instructor consent"
DATA,272,Machine Learning for Data Sci,"How to use data to automatically understand the world, make complex decisions, and even predict the future. Focuses on helping students do more with data by understanding and using a wide variety of machine learning tools. Taught in Python.",3,Data Science,141565,"concurrent_enrollment: ['DATA 172', 'MATH 241']; course_name: Machine Learning for Data Sci; course_number: DATA 272; prerequisites: ['DATA 172', 'MATH 241']"
DATA,315,Math Methods for Data Science,"A collection of mathematical and computational techniques for data analysis. Topics include numerical integration and optimization in multiple dimensions, pseudorandom number generation, Markov Chains and MCMC samplers, and an introduction to Bayesian statistics.",3,Data Science,141565,"course_name: Math Methods for Data Science; course_number: DATA 315; prerequisites: ['MATH 211', 'MATH 241', 'MATH 271']"
DATA,362,Business Analytics,"Fundamentals of Business Analytics. This course aims to teach students to analyze, formulate, and solve managerial decision-making problems using quantitative models and techniques.",3,Data Science,141565,Cross-listing: Same as QBA 362; Prerequisites: C or better in QBA 200 or QBA 260
DATA,367,Applied Business Analytics,"This is an advanced course in business analytics with applications. It provides the advanced concepts and tools to understand the role of business analytics in organizations, how to apply business analysis tools, communicate effectively, and use and interpret analytical models in real-world settings. This course focuses on applying business analytics tools and techniques such as predictive models, statistical analysis, and operations research on real-world problems and datasets for managerial decision-making.",3,Data Science,141565,"course_name: Applied Business Analytics; course_number: DATA 367; equivalent_course: QBA 367; prerequisites: C+ or better in QBA/DATA  260 or QBA  300 or QBA/DATA  362 or MATH  115, or MATH  271"
DATA,370,Data Management,"Fundamentals of relational database usage and management from a data science perspective. Topics include properties of multi-table data, the entity-relationship data model, SQL for single and multiple table queries and updates, and communicating with databases using R.",3,Data Science,141565,course_name: Data Management; course_number: DATA 370; prerequisites: C or better in DATA 171
DATA,371,Multivariate Modeling with R,"Multivariate statistical methods and model selection using R. Topics include the multivariate normal distribution and covariances, multiple regression, analysis of variance, principal component analysis, logistic regression, and decision trees. The course will emphasize model selection and techniques such as validation sets to address the problem of overfitting.",3,Data Science,141565,course_name: Multivariate Modeling with R; course_number: DATA 371; cross_listing: Same as MATH 371; prerequisites: C or better in MATH 271
DATA,373,Data Security &amp; Privacy,"This course studies the numerous privacy and security issues that arise when gathering, storing, analyzing, and distributing data. This course will teach students about the fundamental underpinnings of security & privacy as well as give practical, hands-on experience designed to help data scientists identify and resolve real-world issues. Topics include differential privacy, database security, server security, data ethics, machine learning safety, and data integrity. Primarily taught in Python.",3,Data Science,141565,course_name: Data Security & Privacy; course_number: DATA 373; prerequisites: C or better in DATA 172
DATA,465,Text Mining for Social Science,Provides the concepts and tools to understand the role of natural language processing and text analytics for managerial decision-making and how to apply text analytics tools to real-world problems.,3,Data Science,141565,"CrossListing: QBA 465; Prerequisites: C or better in one of QBA/DATA  260 or QBA/DATA  300 or QBA/DATA  362 or DATA  172, or Instructor's Consent"
DATA,470,3D Mapping of Ecosystems,Introduction and application of 3D habitat mapping to study natural environments. Students will learn the fundamentals of photogrammetry and geomatics and learn to integrate and analyze multiple data products.,3,Data Science,141565,course_name: 3D Mapping of Ecosystems; course_number: DATA 470; prerequisites: C or better in DATA 171 or DATA 172
DATA,474,Applied Informatics,"Introduction to the theory and application of informatics tools used in Marine and Natural Sciences. Students will learn the fundamentals of data management, data analytics, ecoinformatics, bioinformatics, and data visualization.",3,Data Science,141565,"crosslistings: ['MARE 474', 'CBES 674']; prerequisites: C or better in DATA 171 or DATA 172, C or better in MATH 271 or MARE 250 or Instructor's Consent; previous_course_number: DATA 375"
DATA,483,Computer Vision,"A survey of the field of computer vision. Covers both classic as well as deep learning approaches to analyzing images and video. Topics covered include keypoint features, object detection, multi-object tracking, and interacting with humans.",3,Data Science,141565,"cross_listing: CS 483; prerequisites: MATH 211, and either DATA 272 or CS 321"
DATA,490,Data Science Capstone,Students are asked to use the skills and techniques they have learned throughout the data science program to create a capstone project. The content of the course will additionally focus on giving students skills in written and oral communication.,3,Data Science,141565,course_name: Data Science Capstone; course_number: DATA 490; prerequisites: Senior class standing or Instructorʻs Consent; restrictions: Restricted to Data Science students only
DATA,495,Data Science Seminar,"This course will offer lectures, discussions, and research reports of topics in data science presented by faculty, students, invited speakers, and visiting scholars. It will also help students become aware of research and job opportunities, in both academia and industry.",1,Data Science,141565,"Prerequisites: Senior standing with a major in Data Science, or instructor's consent."
DNCE,110,Pilates Beginning Matwork,Body conditioning program in Pilates method. Emphasis on fundamentals and beginning mat exercises.,1,Dance,141565,course_name: Pilates Beginning Matwork; course_number: DNCE 110
DNCE,150,Intro To Dance,"History, scope, and theory of human movement. Study of the correlation of dance, music, and visual expression. Not a performance course.",3,Dance,141565,attributes: DA; course_name: Intro To Dance; course_number: DNCE 150; previous_course_number: DNCE 251
DNCE,151,Dance Techniques,"Study of the basic vocabulary of dance and the collaborative contributions of choreographers, dancers and musicians. Experiential work in the development of basic stage movement, including understanding of period demands.",2,Dance,141565,concurrent_courses: music and drama technique courses; course_name: Dance Techniques; course_number: DNCE 151; required_for: all Performing Arts majors
DNCE,160,Ballet I,"Introduction to classical ballet. Movements, techniques and appreciation of ballet.",3,Dance,141565,"Attributes: ['DA', 'GH']; Prerequisites: Previous experience not required; Repeatability: May be repeated once for credit"
DNCE,170,BegContemp Dance/Hawaiʻi Themes,An introduction to the fundamentals of a combination of both contemporary dance and hula techniques. Explore how both dance forms combine to express Hawaiʻi’s culture and values.,3,Dance,141565,attributes: ['DA']; course_code: DNCE 170; course_name: BegContemp Dance/Hawaiʻi Themes
DNCE,180,Jazz Dance I,Introductory course in jazz dance style and techniques.,3,Dance,141565,"attributes: ['DA', 'GH']; course_name: Jazz Dance I; course_number: DNCE 180; repeatability: May be repeated once for credit"
DNCE,190,Modern Dance I,Basic techniques of Modern Dance as an art form.,3,Dance,141565,"attributes: ['DA', 'GH']; course_name: Modern Dance I; course_number: DNCE 190; repeatability: May be repeated once for credit"
DNCE,210,Pilates Intermediate Matwork,Continuation of DNCE  110.  Emphasis on additional strength and stamina skills.,1,Dance,141565,Prerequisites: DNCE 110 or instructor's consent
DNCE,260,Ballet II,"Continuation of Ballet I. Movements, techniques, and appreciation of ballet. Emphasis on developing strength, flexibility, and control in classical balletic style. May be repeated once for credit.",3,Dance,141565,"attributes: DA, GH; prerequisites: DNCE  160 or consent of instructor"
DNCE,270,IntContempDance Hawaiʻi/Themes,A continuation of a combination of both contemporary dance and hula techniques. Explore how both dance forms combine to express Hawaiʻi’s culture and values at an intermediate level.,3,Dance,141565,attributes: DA; prerequisites: DNCE  150 or DNCE  170 or Instructor's Consent (Attributes: DA)
DNCE,280,Jazz Dance II,A continuation of Jazz Dance I. May be repeated once for credit.,3,Dance,141565,"attributes: DA, GH; prerequisites: DNCE  180 or consent of instructor"
DNCE,290,Modern Dance II,"Second level Modern Dance. Designed to develop physical flexibility, body control, and a more acute rhythmic sense. May be repeated once for credit.",3,Dance,141565,"attributes: DA, GH; prerequisites: DNCE  190 or consent of instructor"
DNCE,360,Ballet III,This course will emphasize intermediate ballet techniques for the dancer with previous training. It will begin the study of pointe work for qualified females and jumps and turns specifically for males. May be repeated once for credit.,3,Dance,141565,"attributes: DA, GH; prerequisites: DNCE  160, DNCE  260, or instructor's consent"
DNCE,371,Choreography,An introduction to the basic techniques of creating dance. Public performance required. May be repeated once for credit.,3,Dance,141565,"attributes: DA, GCC; prerequisites: DNCE  180 or DNCE  190, or instructor's consent"
DNCE,401,Dance Ensemble,Preparation and performance of techniques and repertoire at the advanced level. Public performance required.,3,Dance,141565,attributes: GCC; course_name: Dance Ensemble; course_number: DNCE 401; repeatability: May be repeated for credit
DNCE,419,Dance In Education,"Dance activities for young people. Appropriate for teachers, group workers, recreation majors, and others working with children. Supervised field activities.",3,Dance,141565,"attributes: ['ALEX', 'DA', 'GCC', 'GH']; course_name: Dance In Education; course_number: DNCE 419"
DNCE,450,History of Dance,"Development of Western theatrical dance from Ancient Greece through 19th century ballet to the present, including modern dance, contemporary ballet, and dance forms of musical theater and film.",3,Dance,141565,"Course Number: DNCE 450; Course Title: History of Dance; Prerequisites: Performing Arts Core, upper division standing or consent of instructor"
DNCE,459,Topics in Dance,Topics in movement styles and experience.,1–3,Dance,141565,attributes: ['DA']; course_name: Topics in Dance; course_number: DNCE 459; repeat_condition: if topic changes; repeat_limit: unlimited times; repeatable: True
DNCE,460,Ballet IV,Intermediate/advanced ballet technique with the continuation of pointe work for qualified females. Introduction to classical partnering work. May be repeated once for credit.,3,Dance,141565,"attributes: DA, GH; prerequisites: DNCE  360 and audition"
DNCE,475,Dance Hawaiʻi Performance Group,Combined contemporary dance and Hawaiʻi/Pacific traditions in a dance ensemble performance group. Performance required.,3,Dance,141565,"attributes: DA, GCC; prerequisites: Previous DNCE class or Instructor's Consent (Attributes: DA, GCC)"
DRAM,101,Introduction to Theatre,"Theatre history and play analysis from the standpoint of production. Lab work in three aspects of play production: acting, directing, design.",3,Drama,141565,"attributes: ['DH', 'FGC']; course_name: Introduction to Theatre; course_number: DRAM 101; previous_course_number: DRAM 271"
DRAM,171,Stage Techniques,"Study of the basic vocabulary of the stage and the collaborative contributions of directors, actors, technicians, and house personnel. Experiential work in the development of stage presence and etiquette.",2,Drama,141565,corequisites: May be taken concurrently with music and dance technique courses; required_for: all Performing Arts majors
DRAM,221,Beginning Acting I,"Individual exercises and group activities that emphasize voice, movement, and relaxation through in-class improvisation and performance of monologues and two-person scenes. Beginning play analysis.",3,Drama,141565,attributes: DA; course_name: Beginning Acting I; course_number: DRAM 221
DRAM,222,Beginning Acting II,"Continuation of DRAM 221, with emphasis on building the ensemble, basic character work, refining vocal production, and expanding movement vocabulary. Performance of group scenes from modern and contemporary plays. Play analysis based on method acting theory.",3,Drama,141565,attributes: DA; prerequisites: DRAM  221
DRAM,243,Drama of Hawaiʻi &amp; the Pacific,"Embedded in a discourse of coloniality and indigenous perspective, this course provides an introduction to a representative range of plays written by, for, and about the people of Hawaiʻi and other Pacific islands.",3,Drama,141565,"attributes: ['DH', 'HPP']; course_number: DRAM 243; course_title: Drama of Hawaiʻi & the Pacific; cross_listing: SOC 243"
DRAM,280,Basic Stagecraft,"Introduction to beginning concepts of design and construction of scenery for the stage. Overview of the development of scenography from Greek theatre to the modern proscenium stage. Study will include two- and three-dimensional scenery, properties, and finishing techniques.",3,Drama,141565,attributes: DA; prerequisites: concurrent registration with DRAM  280L
DRAM,318,Playwriting,"Basic course in writing for the stage. Development of theme, action, and characterization for the one-act play form.",3,Drama,141565,"attributes: DA, GL; prerequisites: C or better in ENG  100, ENG  100T, ESL  100 or ESL  100T; or consent of instructor (Same as Eng 318) (Attributes: DA, GL)"
DRAM,321,Styles Of Acting,"Advanced study for actors who have completed Beginning Acting. Concentrated scene work, script analysis, character development, and style study. Comparative exercises in acting for the stage and camera. Performance of workshop material.",3,Drama,141565,"attributes: DA; prerequisites: DRAM  221, or Instructor Consent"
DRAM,322,Acting Shakespeare,"In-depth study of Shakespearean texts from the standpoint of production and acting style. Historical study of Renaissance production techniques. Performance of scenes resulting from work on vocal production, period movement, and text analysis.",3,Drama,141565,"attributes: DA; prerequisites: DRAM  221, or consent of instructor (Attributes: DA)"
DRAM,330,Stage Management,"Study of the responsibilities of a production stage manager, from rehearsals through mounting a show, as coordinator of a production team. Development of the prompt book and forms needed to organize the technical elements of a production.",3,Drama,141565,attributes: DA; prerequisites: DRAM  101 or DRAM  221 or DRAM  280 or Instructor's Consent
DRAM,340,Stage Makeup,"Studio work in design and application of stage makeup. Study and development of character, corrective, and three-dimensional makeup.  Required work on major production.",3,Drama,141565,"Course Name: Stage Makeup; Course Number: DRAM 340; Prerequisites: DRAM 101 or 221, or previous stage makeup experience, and instructor's consent"
DRAM,350,Stage Costume,"Study of costume design, theory, and practice. Survey of historical and modern costume. Practical experience in design and construction including required work on major production.",3,Drama,141565,"Prerequisites: DRAM 101 or 221, or consent of instructor"
DRAM,380,Theatre Design,"Study of elements of scenic and lighting design for the stage. Production of renderings, models, elevations, and plots. Work on mainstage and/or studio production.",3,Drama,141565,"Prerequisites: DRAM 264, and art & physics courses required for PARTS degree in Technical Theatre"
DRAM,383,Japanese Theatre &amp; Performance,"This course introduces the performance traditions in Japan, ranging from rituals to dance and theatre-traditional art forms such as noh/kyogen, kabuki, bunraku, to modern theatre. Students examine the Japanese art forms from the anthropological and sociological perspectives.",3,Drama,141565,"attributes: ['DH', 'GAHP', 'GH', 'HPP']; course_name: Japanese Theatre & Performance; course_number: DRAM 383; cross_listing: ['JPNS/JPST 383']"
DRAM,387,Performance Education,"In this course, the students are guided through the process researching, writing, rehearsing and performing a series of educational and entertaining presentations that deal with science and Hawaiian culture. Presentations will be shared with the general public in a museum theater setting at Imiloa Astronomy Center of Hawaiʻi. Course may be repeated once for credit. (Same as COM 387).",3,Drama,141565,"attributes: GCC, HPP; prerequisites: COM  251 or DRAM  171 or DRAM  221 or instructor's consent"
DRAM,390,Survey Of Drama Literature,"Analysis and discussion of plays from the canon of Western dramatic literature, focusing on dramatic action, character relationships, play structure, staging, and thematic considerations.",3,Drama,141565,attributes: DL; course_number: DRAM 390; course_title: Survey Of Drama Literature
DRAM,419,Drama in Education,"Study of the theory and application of creative dramatics, developmental theatre, and curriculum-centered drama activities in educational settings serving children and youth. Opportunities for field work will be incorporated into class activities.",3,Drama,141565,"attributes: ['ALEX', 'DA', 'GCC']; course_name: Drama in Education; course_number: DRAM 419"
DRAM,421,Acting Troupe,"Rehearsal and performance of works from Western literature and ethnic non-Western sources, including period drama, avant-garde theatre, and the contemporary drama of Hawaiʻi and the Pacific. Emphasis on ensemble performance. Refinement of individual skill and group interactions acquired in acting classes. Public performance required. May be repeated twice for a total of 6 semester hours.",3,Drama,141565,"attributes: DA, GCC; prerequisites: DRAM  221 or DRAM  243 or Instructor's Consent"
DRAM,430,Directing,Basic practical course in how to direct a play. Students direct one-act plays or scenes from full length plays.,3,Drama,141565,"attributes: DA, GCC; prerequisites: DRAM  101; and DRAM  221 or DRAM  280; or consent of instructor"
DRAM,483,Modern/Contemporary Drama,"A study of works which have established or refined major traditions in modern and contemporary theater, with some reading in critical theory. (Same as ENG 483).",3,Drama,141565,"attributes: DL; prerequisites: ENG  100T, 100, ESL  100, or 100T and 200-level coursework in literature"
ECON,100,Intro To Economics,Economic principles for non-majors. Emphasis on the applications of theory to problem solving.,3,Economics,141565,attributes: DS; credits_restriction: Not more than 3 credits may be granted for completion of both ECON 100 and ECON 150 at Hawaiʻi Community College.
ECON,130,Intro To Microeconomics,How individual prices are determined. Efficient consumer-producer decision making.,3,Economics,141565,attributes: DS; prerequisites: One MATH course numbered 125 or higher (any one of which can be taken concurrently); or instructor's consent
ECON,131,Intro To Macroeconomics,"The functioning of economic systems with emphasis on the forces determining levels of, and changes in, national income, employment and the price level.",3,Economics,141565,"Attributes: ['DS', 'GQ']; Course: ECON 131; Title: Intro To Macroeconomics"
ECON,300,Inter Macroecon Theory,"Determination of income, employment, price levels; fiscal and monetary policies.",3,Economics,141565,Prerequisites: ECON 131
ECON,301,Inter Microecon Theory,"Price determination under monopoly, oligopoly, and competition. Analysis of demand and cost.",3,Economics,141565,"Prerequisites: ['ECON 130', 'One MATH course numbered 125 or higher']"
ECON,302,Managerial Economics,"Application of economic and statistical concepts for business decisions. Subjects cover projection of demand and production, case analysis, problems of forecasting, multifactors and multiproducts, technological change: capital budgeting, input-output analysis, and programming techniques.",3,Economics,141565,course_name: Managerial Economics; course_number: ECON 302; prerequisites: ECON 130
ECON,310,Economic Development,"Analysis of growth, structural change, development patterns, foreign investment, foreign trade, and development policies and strategies; emphasis on Far East and South Pacific Islands.",3,Economics,141565,"attributes: GAHP; prerequisites: ECON  130, 131"
ECON,340,Money &amp; Banking,"Relation of monetary system to price level, employment and income; nature and functions of money and banking; role of money in international trade and inflation.",3,Economics,141565,"attributes: DS, GQ, GS; prerequisites: ECON  131"
ECON,361,International Finance,"Balance of payments, foreign exchange rate policies, and their impact on domestic employment, inflation, internal and external balances, and other related topics.",3,Economics,141565,course_number: ECON 361; course_title: International Finance; prerequisites: ECON 131
ECON,370,Government Finance,"An explicit introduction to the behavior and objectives of government in the economic system. Analysis focuses on the rationale of nonmarket institutions and on the two groups of agents that operate government, the politicians and the bureaucrats, as these agents allocate expenditures for government activities.",3,Economics,141565,course_name: Government Finance; course_number: ECON 370; prerequisites: ECON 130
ECON,390,Econometrics,"Use of mathematical and statistical techniques to model and test the reality of economic theory, tests of hypotheses and forecasting.",3,Economics,141565,course_name: Econometrics; course_number: ECON 390; prerequisites: MATH 115 or QBA 260
ECON,414,Global Topics in Game Theory,"Game theory is a mathematical tool used in a variety of fields such as economics, political science, law, sociology, biology, and computer science.  The purpose of this course is to introduce to game theory and to explore its applications. Topics include but not limited to, deterrence, crisis bargaining, people, war, and terrorism.",3,Economics,141565,course_name: Global Topics in Game Theory; course_number: ECON 414; prerequisites: ECON 130
ECON,417,Health Economics,"This course applies economic theory to examine the production of health. Issues such as asymmetric information, externalities, and indirect or third party payment are examined. The use of cost/benefit analysis, and reimbursement of expenses on healthcare organizations will be discussed.",3,Economics,141565,course_name: Health Economics; course_number: ECON 417; prerequisites: ECON 130
ECON,430,Quantitative Forecasting,"Introductory level of forecasting for business and economics with an emphasis on Hilo and Hawaiʻi economies and businesses. Topics include time series techniques, linear regression forecasts, several miscellaneous forecasting models, and forecasting evaluation.",3,Economics,141565,course_name: Quantitative Forecasting; course_number: ECON 430; prerequisites: QBA 260 or MATH 115 or instructor's consent
ECON,482,Natural Resource Env Eco,"An analytical framework for examining the relationships among environmental quality, natural resource use, and economic and political systems; analysis of circumstances that give rise to environmental problems, resource use conflicts, and possible policy solutions to these problems and conflicts. The course will emphasize issues pertaining to Hawaiʻi, especially sustainable development and climate change.",3,Economics,141565,course_name: Natural Resource Env Eco; course_number: ECON 482; cross_listing: CBES 682; prerequisites: ECON 130
ED,201,BAES Sem: Career Explorations,"Designed to guide students in exploring various career pathways in education and related fields. The seminar will provide students with insights into educational roles, necessary qualifications, and skill development, as well as opportunities for networking and professional growth.",3,Education,141565,BAES Sem: Career Explorations; Course: ED 201
ED,210,Introduction to Teaching,"This course is an introduction to education with an emphasis on the following topics:  the teaching profession, the analysis of reasons for entering teaching and factors that influence these reasons; the characteristics of the present teaching force; complexities of teaching; the current trends and issues in education; and the role of the school within the community.  Student will be provided an opportunity for voluntary field experience totaling 10 hours.",3,Education,141565,"attributes: ['ALEX', 'DS', 'GCC']; course_name: Introduction to Teaching; course_number: ED 210; field_experience: 10 hours"
ED,243,Math for Elementary Teachers I,"Basic knowledge and skills designed to foster mathematics teaching in the elementary classroom. Includes major mathematics concepts, algorithms, procedures, applications, and practices in varied contexts.",3,Education,141565,attributes: ['GQ']; course_name: Math for Elementary Teachers I; course_number: ED 243
ED,270,Health and Wellness Education,"After successfully completing this course, you will be able to be a peer wellness coach and educator. Grounded in Public Health and developmental science, students will learn about perspectives on health and wellness for emerging adults (ages 16-24), the ways in which the sociopolitical context of higher education can facilitate the ease or challenges to student wellbeing. Students will gain skills to create and implement place- based, interactive workshops and informal peer wellness education and coaching, culminating in a wellness symposium, designed and driven by students in the class.",3,Education,141565,attributes: GCC; course_name: Health and Wellness Education; course_number: ED 270; equivalent_course: KES 270
ED,272,Art and Music Education,Basic knowledge and skills designed to foster the integration of art and music across the elementary curriculum in an educationally sound manner.,3,Education,141565,course_name: Art and Music Education; course_number: ED 272
ED,310,Foundations of Education,Introduction to the practice of thinking and the development of intelligence within the complexities of a diverse and transforming society. Historic aspects of education are explored along with philosophical and political movements so students understand education's potential. Critical thinking skills are developed to help students think seriously about education as a potential career.,3,Education,141565,course_name: Foundations of Education; course_number: ED 310; grading_policy: Must be taken for grade; prerequisites: GPA of 2.5
ED,314,Tech for Learning &amp; Teaching,"Basic knowledge and skills designed to foster the integration of instructional technologies across the curriculum in an educationally sound manner. Includes project-based and place-based learning aligned with ISTE-T standards. 5, earned at least 58 credits, or instructor consent.",3,Education,141565,attributes: GAHP; prerequisites: GPA 2
ED,330,Teach/Learn Informal Settings,Basic knowledge and skills designed to foster place-based learning in a variety of formal and informal settings.,3,Education,141565,"Prerequisites: GPA 2.5, earned at least 58 credits, or instructor consent."
ED,341,Literacy for Elem Teachers,Basic knowledge and skill designed to foster literacy teaching in the elementary schools. Includes foundational knowledge of reading and writing processes.,3,Education,141565,"Prerequisites: GPA 2.5, earned at least 58 credits, or instructor consent."
ED,342,Science for Elem Teachers,"Basic knowledge and skills designed to foster science teaching in the elementary classroom. Includes integration of three dimensions of science and engineering practices, cross cutting concepts, and major disciplinary core ideas.",3,Education,141565,"Prerequisites: GPA 2.5, earned at least 58 credits, or instructor consent."
ED,343,Math for Elem Teachers II,"Continuation of knowledge and skills designed to foster mathematics teaching in the elementary classroom. Includes major mathematics concepts, algorithms, procedures, applications, and practices in varied contexts.",3,Education,141565,"Prerequisites: ED 243, GPA of 2.5, earned at least 58 credits, or instructor consent"
ED,344,Soc Studies for Elem Teachers,"Basic knowledge and skills designed to foster social studies teaching in the elementary classroom. Includes understandings, capabilities, and practices associated with the central concepts and tools in civics, economics, geography, and history within a framework of informed inquiry.",3,Education,141565,"Prerequisites: GPA of 2.5, earned at least 58 credits, or instructor consent"
ED,346,Teaching Children's Literature,"This course focuses on children's literature and its impact on social, emotional and intellectual development for elementary school children.  Aesthetic appreciation and creative development will be explored by examining theory and practice about the use of literature with children.",3,Education,141565,course_name: Teaching Children's Literature; course_number: ED 346; grading_requirement: Must be taken for a grade; prerequisites: GPA of 2.5 and junior standing or consent of instructor
ED,350,Learner Development,"Theories of development focusing on physical, cognitive, social, and emotional development during school-aged years, children (grades K-6) and adolescents (grades 7- 12). Systematic observation and analysis of behavior of school-aged children at home, in the community, and at school.",3,Education,141565,"Course: ED 350; Course Title: Learner Development; Prerequisites: GPA of 2.5, earned at least 58 credits, or instructor consent"
ED,355,Literature As Exploration,"What is the relationship between a story and each person who receives it? This course provides an introduction to literature as exploration and reader response theory. An experiential course, students explore how readers engage with story by examining their own reading experiences within a community of learners. Students will further reflect upon their own learning as they imagine how they may teach in the future. The course is designed for anyone who may be considering becoming teachers or would like to deepen their engagement in storytelling and the texts that they read. While the focus is on students interested in middle and high school language arts or the humanities, students thinking about teaching at any level or discipline are welcome.",3,Education,141565,Course: ED 355; Course Title: Literature As Exploration
ED,358,Intro to Adol Writing in Disc,"This course focuses on exploring the writing skills of adolescents, defined as students in the 6th through 12th grade, and targets pre-MAT students who are interested in becoming secondary teachers. The course will introduce writing curriculum standards and explore instructional strategies that can be used to prepare students in grades 6-12 for writing in college and the workforce.",3,Education,141565,"course_name: Intro to Adol Writing in Disc; course_number: ED 358; grading_policy: Must be taken for grade; prerequisites: GPA of 2.5 and junior standing, or instructor's consent"
ED,437,Sec Lang Acq K-12 Educators,"Second Language Acquisition for K-12 Educators provides pre and in-service teachers with the latest theory and research on second language acquisition of school age children. The course will examine the relationship between first and second language learning, the role of affective factors, order of acquisition, the concept of interlanguage, comprehending vs. producing the second language, and the role of error correction, providing students the foundations to develop a strong theoretical foundation with regard to second language acquisition and the acute analytical skills required to consider critically such theory in instructional decisions. This course is dual listed with ED  637.",3,Education,141565,"course_name: Sec Lang Acq K-12 Educators; course_number: ED 437; cross_listing: ED 637; prerequisites: GPA 2.5, junior standing, or instructor consent"
ED,442,Comm Sci in Hawaiʻi Schools,"For undergraduate and graduate students interested in improving their ability to communicate their scientific knowledge or research by designing and implementing lesson plans in Hawaii Island schools including formal and informal educational experiences. The course provides the knowledge, skills and dispositions needed to use phenomena in NGSS designed lessons grounded in the uniqueness of Hawaii. Students will observe phenomena that occur in Hawaii’s natural environment and create hands-on, inquiry-based activities to enhance science content knowledge in K-8 learners. Through place-based exploration and experiences student will develop a deeper understanding of the unique values and qualities of Hawaii’s environment, language, values, and culture. This course is dual listed with CBES 642.",3,Education,141565,"attributes: HPP; prerequisites: At least 6 credits of 100 level or higher BIOL, CHEM, GEOL, NSCI, PHYS, or MARE courses or instructor approval"
ED,443,Learning Environments,Theory and practice for creating and sustaining a culture of connection and belonging in a learning environment grounded in Nā Hopena A’o (HĀ).,3,Education,141565,"Course Name: Learning Environments; Course Number: ED 443; Prerequisites: GPA of 2.5, junior standing, or instructor consent"
ED,444,Place-Based Soc-Emotion Learn,"Utilizing project-based authentic learning opportunities, students will gain a greater understanding of Place-Based Social-Emotional Learning (PBSEL) and valuable skills they can use to support schools and community organizations on Hawaiʻi Island.",3,Education,141565,"course_code: ED 444; course_name: Place-Based Soc-Emotion Learn; recommended_prerequisites: ['ED 350', 'PSY 320']"
ED,445,Community-Based Research,Students will learn about community-based action research by conducting a study at their internship site that supports schools and community organizations on Hawai’i Island.,3,Education,141565,course_code: ED 445; course_name: Community-Based Research
ED,447,Comp Tech &amp; Robotics K-12 Sch,provides hands on experience with the tools and techniques used to teach robotics and computer programming in K-12 learning environments.,3,Education,141565,course_name: Comp Tech & Robotics K-12 Sch; course_number: ED 447; prerequisites: None
ED,448,Qualitative Research,"Introduction to several traditions of qualitative inquiry. Students are guided (mentored) through experiences where they design, conduct, analyze, and write-up small-scale qualitative studies in educational settings.",3,Education,141565,course_name: Qualitative Research; course_number: ED 448
ED,450,Learn/Teach in Hawaiʻi Schools,"Introduction to culture-based education. Integrates Hawaiian history, language, and culture practices for meaningful experiences.",3,Education,141565,"Course Number: ED 450; Course Title: Learn/Teach in Hawaiʻi Schools; Prerequisites: GPA 2.5, earned at least 58 credits, or instructor consent."
ED,451,Literacy Methods,"Application of literacy concepts, skills, and effective instructional practices for planning, designing, and assessing student learning in the elementary classroom.",3,Education,141565,Course Name: Literacy Methods; Course Number: ED 451; Prerequisites: Acceptance into the Teacher Licensure track
ED,452,Social Studies/Science Methods,"Application of social studies and science concepts, skills, and effective instructional practices for planning, designing, and assessing student learning in the elementary classroom.",3,Education,141565,"Prerequisites: GPA 2.5, earned at least 58 credits, or instructor consent."
ED,453,Mathematics Methods,"Application of mathematics concepts, skills, and effective instructional practices for planning, designing, and assessing student learning in the elementary track.",3,Education,141565,course_name: Mathematics Methods; course_number: ED 453
ED,455,Differentiated Instruction,"Exploration and application of differentiated instructional strategies in the inclusive classroom. Includes learner analysis; practical development of activities for differentiated content, processes, and products to assure maximum learning for all students; and assessment.",3,Education,141565,"Prerequisites: GPA 2.5, earned at least 58 credits, or instructor consent"
ED,457,Emerging Bilingual Students,Exploration of emerging multilingualism in culturally and linguistically diverse settings. Extends awareness of and skills for trans-languaging and scaffolding multilingualism integration across the curriculum. Includes sheltered instruction and cultural/social influences.,3,Education,141565,"Prerequisites: GPA 2.5, junior standing, or instructor consent"
ED,460,Children of Migration,"This course uses interdisciplinary multiple lenses to construct practical, grounded, and equity-based approaches to gain understanding of how migration impacts children and youth and the critical role of the education on their adaptation.",3,Education,141565,course_code: ED 460; course_name: Children of Migration
ED,467,Emerging Bilingual Students,"Exploration of emerging multilingualism in culturally and linguistically diverse settings. Extends awareness of and skills for trans-languaging and scaffolding multilingualism integration across the curriculum. Includes sheltered instruction and cultural/social influences. This course is dual listed with ED 667. 5, junior standing, or instructor consent. Previously offered as ED 457.",3,Education,141565,"attributes: GCC, HPP; prerequisites: GPA 2"
ED,470,Professional Dispositions,Overview of professional attributes and licensure standards. Professional growth and development through field experiences in local K-6 schools.,1,Education,141565,Prerequisites: Acceptance into the Teacher Licensure track
ED,471,Ethics for Educators,"Introduction to the Model Code of Ethics for Educators (MCEE) as a guide to standards of ethical professional practice. Participation in collaborative discussions around ethical dilemmas, using awareness and understanding of the MCEE to support ethical decision-making.",1,Education,141565,course_name: Ethics for Educators; course_number: ED 471; prerequisites: Acceptance into the Teacher Licensure track and successful completion of ED 470 and ED 480
ED,472,Professional Responsibility,"Continued professional development through clinical practice, participation in workshops, training, and presentations in preparation for state licensure and employment in the profession.",1,Education,141565,course_name: Professional Responsibility; course_number: ED 472; prerequisites: Acceptance in the Teacher Licensure track and successful completion of ED 471 and ED 481
ED,480,Field Experiences I,"Practical application of theories of learner development, learning environments, learner differences, and instructional planning in local K-6 schools. Introduction to school learning communities.",1,Education,141565,course_name: Field Experiences I; course_number: ED 480; grading_basis: CR/NC; prerequisites: Acceptance into the Teacher Licensure track
ED,490,Teaching Seminar,Participation and collaboration in a learning environment for reflective self-study and professional learning while student teaching.,3,Education,141565,Course Name: Teaching Seminar; Course Number: ED 490; Prerequisites: Acceptance into the Teacher Licensure track and successful completion of ED 471 and ED 481
ED,491,Capstone I,Completion of reflective-inquiry project from the first field practicum.,3,Education,141565,"Prerequisites: GPA 2.5, senior standing, successful completion of ED 485 or instructor consent."
ED,492,Capstone II,Completion of senior capstone project.,3,Education,141565,"Prerequisites: GPA 2.5, senior standing, successful completion of ED 486, or instructor consent"
ED,493,Professional Pathways,"Professional development and exploration of career pathways in a variety of education settings. Examination of professional ethics when working with children and youth, professional preparation, and career planning.",3,Education,141565,"Course Name: Professional Pathways; Course Number: ED 493; Prerequisites: GPA 2.5, senior standing, and successful completion of ED 485, ED 486, and ED 491"
ED,600,Ed Of Ethnic Groups in Hawaii,"psychological learning characteristics, heritage, identity Teacher leader focused course. Survey of social- problems of Hawaiʻi ethnic groups, study of prejudice and inter-ethnic hostilities as related to education and teaching. Includes improving outreach and collaboration with families and community.",3,Education,141565,course_name: Ed Of Ethnic Groups in Hawaii; course_number: ED 600
ED,602,Technology in Education,"utilization of instructional materials for systematic Teacher leader focused course. Selection, evaluation and achievement of curriculum goals; investigation of innovative and students. Ed. program or Promoting/facilitating improvements in learning for teachers technological advances for use in teaching and training. consent of instructor.",3,Education,141565,prerequisites: acceptance into the M
ED,608A,Action Research I,"Systematic study of the purposes of educational research, evaluation and use of research, and introduction of research design principles with emphasis on classroom applications.",3,Education,141565,course_name: Action Research I; course_number: ED 608A; prerequisites: acceptance into the M.Ed. program or consent of instructor
ED,608B,Action Research II,Advanced academic study and writing processes for analyzing and evaluating current educational research articles. A synthesis and application of research skills which culminates in an original research proposal.,3,Education,141565,course_name: Action Research II; course_number: ED 608B; prerequisites: ED 608A or instructor's consent
ED,608C,Action Research III,Principles of research methodology and analysis as applied to field research.,3,Education,141565,Course Number: ED 608C; Course Title: Action Research III; Prerequisites: ED 608A and B or consent of instructor
ED,610,Foundations Of Education,"history of education. Historical and contemporary Teacher leader focused course. Social and intellectual relationships between schools and society. Foundations of the major philosophies of education. Contemporary educational theory and practice as related to major historical, philosophical and social factors in American profession.",3,Education,141565,course_name: Foundations Of Education; course_number: ED 610; prerequisites: acceptance into the M.ED. program or culture. Includes advocating for student learning and the instructor's consent
ED,611,Adv Educ Psychology,"Foundations of educational psychology through the vehicle of an exploratory study. Inquiry approach stresses learning theory, measurement techniques, and research skills in education.",3,Education,141565,course_name: Adv Educ Psychology; course_number: ED 611; prerequisites: acceptance into the M.Ed. program or instructor's consent
ED,612,Literature Review in Education,"Advanced academic study and writing processes for analyzing and evaluating current educational research articles, literature reviews and graduate student publications. Development of scholarly educational research skills with a focus in content area discipline. Investigation of theoretical and methodological issues of research.",3,Education,141565,course_name: Literature Review in Education; course_number: ED 612; prerequisites: acceptance into the M.Ed. program or instructor's consent
ED,616,Assess &amp; Evaluation in Ed,"Teacher leader focused course. systematic study of the theory of measurement, assessment and evaluation in educational settings. Promotes the use of assessments for classroom and school improvements.",3,Education,141565,course_number: ED 616; course_title: Assess & Evaluation in Ed; prerequisites: acceptance into the M.Ed. program or consent of instructor
ED,620,Indiv Differences: Learner,"conceptual framework of inclusive education which consists Teacher leader focused course. Systematic study of the of special education, gifted and talented education and compensatory programs. Emphasis will be placed upon individual student characteristics and strategies for effective instruction. Focuses on continuous professional development and building strong home/school connections.",3,Education,141565,course_name: Indiv Differences: Learner; course_number: ED 620; prerequisites: acceptance into the M.Ed. program or consent of instructor
ED,622,School Curriculum,of curriculum. Explanation of contemporary curricular issues Teacher leader focused course. Development and improvement which impact teaching and learning in the classroom. Emphasis on school reform and renewal.,3,Education,141565,course_name: School Curriculum; course_number: ED 622; prerequisites: acceptance into the M.Ed. program or instructor's consent
ED,635,Adv Instructional Strategies,Teacher leader focused course. A critical examination of newest trends in instruction. Bridges the gap between academic research and classroom implementation.,3,Education,141565,Course Number: ED 635; Course Title: Adv Instructional Strategies; Prerequisites: acceptance into the M.Ed. program or instructor's consent
ED,637,SLA for K-12 Teachers,"Provides pre and in-service teachers with the latest theory and research on second language acquisition of school age children. The course will examine the relationship between first and second language learning, the role of affective factors, order of acquisition, the concept of interlanguage, comprehending vs. producing the second language, and the role of error correction, providing students the foundations to develop a strong theoretical foundation with regard to second language acquisition and the acute analytical skills required to consider critically such theory in instructional decisions.",3,Education,141565,course_number: ED 637; course_title: SLA for K-12 Teachers; dual_listed_with: ED 437
ED,640,Learner Development,"Introduction to theories of learner development, including cognitive, linguistic, emotional, personality, and moral/ prosocial development of students (grades K-12). Exploration of developmentally appropriate and challenging learning experiences.",2,Education,141565,course_name: Learner Development; course_number: ED 640; prerequisites: Admission to MAT program
ED,641,Learning Differences,"Introduction to legislation for students with disabilities. An overview of areas of exceptionality, the basic principles and practices of inclusive instruction, and how to address the special needs of diverse learners.",3,Education,141565,course_name: Learning Differences; course_number: ED 641; prerequisites: Admission to the MAT program and ED 640
ED,642,Learning Differences II,"Application of inclusive instruction that acknowledges the influence of individual experiences, talents and prior learning, as well as language, culture, family and community values on student learning.",2,Education,141565,course_name: Learning Differences II; course_number: ED 642; prerequisites: Admission to the MAT program
ED,643,Learning Environments I,Introduction to theory and practice of classroom management at the elementary and secondary school level. Exploration of student motivation and communication techniques as related to the establishment of a positive learning environment.,1,Education,141565,"corequisites: ED  640, 650, 660, and 670; prerequisites: Admission to the Master of Arts in Teaching program"
ED,644,Learning Environments II,Introduction to theory and practice of classroom management at the elementary and secondary school levels. Exploration of student motivation and effective communication techniques as related to the establishment of a positive and caring learning environment.,1,Education,141565,course_name: Learning Environments II; course_number: ED 644; prerequisites: Admission to the MAT program and ED 643
ED,645,Learning Environments III,Exploration of student behavior and related interventions to promote caring and effective classroom environments. Application of responsible management of student learning.,2,Education,141565,course_name: Learning Environments III; course_number: ED 645; prerequisites: Admission to the MAT program and ED 644
ED,650,Teaching in Hawaii's Schools,"Introduction to culture-based instructional practice, including overview of Na Hopena Aʻo, to integrate Hawaiian history, language, and culture in effective planning, content knowledge, and assessment of student learning experiences.",1,Education,141565,"corequisites: ED  640, 643, 660, and 670; prerequisites: Admission to the Masters of Teaching program"
ED,651,Elem Instructional Practice,"Introduction to a variety of instructional strategies to support and expand student learning outcomes. Exploration of instructional planning based on knowledge of content areas, cross-disciplinary skills, learners, the community and pedagogy toward elementary student attainment of rigorous learning goals.",2,Education,141565,course_name: Elem Instructional Practice; course_number: ED 651; prerequisites: Admission to the MAT program; target_audience: elementary candidates
ED,652,Elem LA/SS Pedagogy,"Exploration of the central concepts, tools of inquiry, and multicultural perspectives related to the study of Language Arts and Social Studies. Development of learning experiences that promote learner access and understanding in these disciplines in the elementary classroom.",2,Education,141565,course_name: Elem LA/SS Pedagogy; course_number: ED 652; prerequisites: Admission to the MAT program; target_audience: elementary candidates
ED,653,Elem MT/SC Pedagogy,"Exploration of the central concepts, tools of inquiry, and differing perspectives related to the study of Math and Science. Development of learning experiences that promote learner access and understanding of these disciplines in the elementary classroom.",2,Education,141565,Prerequisites: Admission to the MAT program; Required for: elementary candidates
ED,654,Tech Instruction &amp; Assessment,Introduction to the application of educational multimedia technology in 21st century teaching and learning. Development of relevant learning experiences and authentic assessments incorporating contemporary tools and resources to maximize content learning in varied contexts.,2,Education,141565,course_name: Tech Instruction & Assessment; course_number: ED 654; prerequisites: Admission to the MAT program; target_audience: elementary and secondary candidates
ED,655,Sec Instructional Practice,"Introduction to a variety of instructional strategies to support and expand student learning outcomes. Exploration of instructional planning based on knowledge of content areas, cross-disciplinary skills, learners, the community and pedagogy toward secondary student attainment of rigorous learning goals.",2,Education,141565,course_name: Sec Instructional Practice; course_number: ED 655; prerequisites: Admission to the MAT program; target_audience: secondary candidates
ED,656,Sec LA/SS Pedagogy,"Exploration of the central concepts, tools of inquiry, and multicultural perspectives related to the study of Language Arts and Social Studies. Development of learning experiences that promote learner access and understanding of these disciplines in the secondary classroom.",2,Education,141565,course_name: Sec LA/SS Pedagogy; course_number: ED 656; prerequisites: Admission to the MAT program; target_audience: secondary candidates
ED,657,Sec MT/SC Pedagogy,"Exploration of the central concepts, tools of inquiry, and differing perspectives related to the study of Math and Science. Development of learning experiences that promote learner access and understanding of these disciplines in the secondary classroom.",2,Education,141565,course_name: Sec MT/SC Pedagogy; course_number: ED 657; prerequisites: Admission to the MAT program; target_audience: secondary candidates
ED,658,Sec Content Literacy,Exploration of the study of literacy processes and strategies for use with 7-12 students within multiple content areas.,2,Education,141565,course_name: Sec Content Literacy; course_number: ED 658; prerequisites: Admission to the MAT program; target_audience: secondary candidates
ED,659,Professional Practice,Demonstration of ongoing use of evidence for continual evaluation of practice particularly as related to impact on student learning. Documentation of acquired dispositions and skills of critical reflection that support life-long professional meaning.,3,Education,141565,course_name: Professional Practice; course_number: ED 659; prerequisites: Admission to the MAT program; required_for: elementary and secondary candidates
ED,660,Professional Responsibility I,Overview of professional licensure standards and professional attributes. Professional development through field experiences in local schools.,1,Education,141565,Course Number: ED 660; Course Title: Professional Responsibility I; Prerequisites: Admission to the MAT program
ED,661,Professional Responsibility II,Professional development through field experiences in local schools. Critical reflection on classroom instruction and student engagement.,1,Education,141565,course_name: Professional Responsibility II; course_number: ED 661; prerequisites: Admission to the MAT program and ED 660
ED,662,Prof Responsibility III,Professional development through field experiences in local schools. Preparation to meet licensure and employment requirements.,1,Education,141565,course_name: Prof Responsibility III; course_number: ED 662; prerequisites: Admission to the MAT program and ED 661
ED,667,Emerging Bilingual Students,Exploration of emerging multilingualism in culturally and linguistically diverse settings. Extends awareness of and skills for trans-languaging and scaffolding multilingualism integration across the curriculum. Includes sheltered instruction and cultural/social influences.,3,Education,141565,course_name: Emerging Bilingual Students; course_number: ED 667; cross_listing: ED 467
ED,670,Field Experience I,"Practical application of theories of learner development, learning environments, and instructional planning in local schools. Introduction to schools as learning communities.",1,Education,141565,"corequisites: ED  640, 643, 650, 660; prerequisites: Admission to the Master of Arts in Teaching program"
ED,671,MAT Field Experience II,Practical application of theories and teaching methods and strategies in local schools. Supervised observation and teaching with emphasis on lessons and unit planning and instruction.,2,Education,141565,course_name: MAT Field Experience II; course_number: ED 671; prerequisites: Admission to the MAT program and ED 670
ED,672,Clinical Practicum,Supervised student teaching and professional development experiences in local schools. Supervised observation and teaching with an emphasis on advanced unit and lesson planning and instruction.,3,Education,141565,course_name: Clinical Practicum; course_number: ED 672; prerequisites: Admission to the MAT program and ED 671
ED,680,Teacher as Researcher I,"Introduction to teacher research as a basis for demonstrating impact on student learning. Exploration of effective instructional practices and assessments, IRB approval, and research study elements, including critical analysis of relevant literature and methodology.",3,Education,141565,course_name: Teacher as Researcher I; course_number: ED 680; prerequisites: Completion of Phase I of the MAT program
ED,681,Teacher as Researcher II,"Further exploration of teacher research, resulting in an original classroom-based action research project and presentation of findings. Critical reflection on instructional practice based on research findings.",3,Education,141565,Course Name: Teacher as Researcher II; Course Number: ED 681; Prerequisites: Completion of Phase I of the MAT program and ED 680
ELI,091,"Listening &amp; Speaking, Int","This course is designed for non-native English speakers to gain practice in listening comprehension, conversational skills, discussion skills, and understanding cultural differences.",4,English Language Institute,141565,note: This course does not count towards graduation from UH Hilo; prerequisites: Placement into ELI 091 on the English Language Placement Assessment; previously_offered_as: ESL 061
ELI,093,"Academic Reading, Intermediate","This course is designed for non-native English speakers to prepare them for academic reading with work in vocabulary, understanding complex sentence structure, reading strategies, and writing in relation to reading.",4,English Language Institute,141565,note: This course does not count towards graduation from UH Hilo; prerequisites: Placement into ELI 093 on the English Language Placement Assessment; previous_course_number: ESL 063
ELI,101,Academic Oral Communication 1,"This course is designed for multilingual learners to improve listening comprehension, critical thinking, and communicating ideas in English and meeting American expectations. Native-speaker lectures and speech practice accelerate the learning skills needed for university work. Focus is on taking effective and well-organized notes on lectures, participating in discussions and giving both formal and informal presentations.",4,English Language Institute,141565,Prerequisites: Placement into ELI 101 on the English Language Placement Assessment or successful completion (CR) of ELI 091 or successful completion (CR) or ESL 061
ELI,103,Academic Reading Strategies 1,"Designed for non-native English speakers to strengthen academic reading skills. Focus is on building vocabulary, annotating, articulating stated and inferred ideas, distinguishing between fact and opinion, summarizing and responding thoughtfully to academic texts.",4,English Language Institute,141565,Prerequisites: Placement into ELI 103 on the English Language Placement Assessment or successful completion (CR) of ELI 093 or successful completion (CR) of ESL 063
ELI,104,Rhetorical Writing Styles 1,"Designed for non-native English speakers to practice writing coherent, well-developed paragraphs and essays in a variety of rhetorical styles.",4,English Language Institute,141565,"course_name: Rhetorical Writing Styles 1; course_number: ELI 104; prerequisites: Placement into ELI 104 on the Writing Placement Assessment or successful completion (CR) of ELI 094, or successful completion (CR) or ESL 064"
ELI,125,Academic Reading Strategies 2,"Designed for multilingual learners to develop effective reading approaches to university-level texts as well as the critical reading skills necessary to comprehend, analyze, conduct research, summarize, synthesize and respond thoughtfully in both writing and speaking to authentic texts. Emphasis is on vocabulary development, main ideas and specific details, and drawing inferences.",4,English Language Institute,141565,Prerequisites: ESL 073 or ELI 125 placement on the English Language Placement Assessment; Previously Offered As: ESL 083
ELI,201,Academic Oral Communication 2,"Designed for non-native English speakers to practice comprehending authentic American lecture discourse, spoken discourse and cross-cultural communication. Emphasizes effective note-taking, using the information for discussions and debate, giving well- organized and clearly expressed formal and informal presentations, and developing successful strategies for small group communication and collaboration.",4,English Language Institute,141565,"attributes: DH, GL; prerequisites: Placement into ELI  201 on the English Language Placement Assessment or a C or higher in ELI  101 or Credit (CR) in ESL  071"
ELI,203,Academic Reading Strategies 2,"Designed for non-native English speakers to develop an effective reading approach to university-level texts as well as the critical reading skills necessary to comprehend, analyze, conduct research, summarize, synthesize and respond thoughtfully in both writing and speaking to authentic texts.",4,English Language Institute,141565,"attributes: DH, GL; prerequisites: Placement into ELI  203 on the English Language Placement Assessment or a C or higher in ELI  103 or successful completion (CR) in ESL  073"
ELI,204,Rhetorical Writing Styles 2,"Designed for non-native English speakers to practice writing expository essays, with an emphasis on the development of critical thinking skills, organization and support in argumentation. Attention is given to various stages of the writing process and on identifying and editing grammatical errors.",4,English Language Institute,141565,"attributes: DH, GL; prerequisites: Placement into ELI  204 on the Writing Placement Assessment or a C or higher in ELI  104 or successful completion (CR) in ESL  074"
ENG,100,Composition I,"Instruction and practice in writing clear, effective university-level essays and research paper. Attention to all stages of the process: generating ideas, drafting, revising, and editing.",3,English,141565,"attributes: FW, GF; prerequisites: ENG  100 on Writing Placement Examination"
ENG,100T,Composition with Tutorial,"Instruction and practice in writing clear, effective university-level essays and research paper. Attention to all stages of the process: generating ideas, drafting, revising, and editing. Attending regular sessions is required. Equivalent to ENG 100 or ESL 100.",3,English,141565,"attributes: FW, GF; prerequisites: ENG  100T on Writing Placement Examination"
ENG,200,Intro to Literary Genres,An introduction to major genres in literature. The course will be offered at various times with different focuses: (A) Short Story and Novel; (B) Drama; (C) Poetry; (D) Popular Fiction; (E) Mythology and Folklore; (F) Autobiography; (G) Introduction to Graphic Novels and Comics.,3,English,141565,"attributes: GH; prerequisites: C or better in ENG  100, ENG  100T, ESL  100, or ESL  100T"
ENG,201,Global Cinema,"A course that offers students a critical examination of worldwide cinema. The course will cover film theory and film making techniques from countries such as Germany, Mexico, China, Senegal, Iran, and India. Students will undertake a critical study of various schools of film as they pertain to these national cinemas as well as explore the cultural and socio-political controversies surrounding cinematography. (Same as WS 201).",3,English,141565,"attributes: DL, GH; prerequisites: C or better in ENG  100, ENG  100T, ESL  100 or ESL  100T"
ENG,202,Literature of Human Rights,"This course will explore narratives from a human rights perspective, beginning in the era shortly before the adoption of the Universal Declaration of Human Rights in 1948 and extending into the 21st century. Students will focus on geopolitical conditions that contribute to the suppression of human rights in areas around the globe, including, but not limited to, Chile, India, Nigeria, Iran, the Palestinian Territories, and the United States. (Same as WS 202).",3,English,141565,"attributes: DL, GCC, GH; prerequisites: C or better in ENG  100, ENG  100T, ESL  100 or ESL  100T"
ENG,204,Intr Race/Gender Film Studies,"This course will focus on how race and gender historically shape individual and cultural experiences in America, as expressed in film. Key works that offer portrayals by and about various groups (i.e. gays/lesbian, immigrants, indigenous communities, mixed-race populations, etc.) will be critically compared and examined. Students will also discuss and address evolving audience responses to these works. (Same as WS 204).",3,English,141565,"attributes: DL, GH, GL; prerequisites: C or better in ENG  100, ENG  100T, ESL  100 or ESL  100T"
ENG,205,Hawaiʻi on Screen,"A critical look at the development of film in and on Hawaiʻi. The course will cover a number of silent era films as well as the development of the musical and the war story as popular genres in the Islands. The class will also focus on the problems of cultural, racial and gendered representation in mainstream cinematic depictions of Hawaiʻi as well as the contemporary emergence of local and indigenous filmmaking. (Same as WS 205).",3,English,141565,"attributes: DH, DL, GAHP, GH, GL, HPP; prerequisites: C or better in ENG  100, ENG  100T, ESL  100 or ESL  100T"
ENG,206,Intro to Popular Culture,"This course offers an introductory study of mainstream manifestations of culture. Students will critically assess the production, distribution, and consumption of various popular cultural genres, such as advertising, talk shows, sports programs, music videos and gossip magazines and websites, among many others. (Same as WS 206).",3,English,141565,"attributes: DL, GH, GL; prerequisites: C or better in ENG  100, ENG  100T, ESL  100 or ESL  100T"
ENG,209,Writing for Business,"Working from logical and rhetorical principles, this course prepares students to write in the informative, analytical, and persuasive modes required for their major field and in their careers. Intended for students majoring in Business and related fields. Includes a formal research project and report.",3,English,141565,"course_name: Writing for Business; course_number: ENG 209; intended_majors: Business and related fields; prerequisites: C or better in ENG 100, ENG 100T, ESL 100, or ESL 100T"
ENG,225,Writing for Sci &amp; Technology,"Working from logical and rhetorical principles, this course prepares students to write about science and technology in their academic disciplines and careers. Assignments include synthesis, process analysis, and argumentation. Intended for students majoring in the applied and natural sciences. Includes a formal research project and report.",3,English,141565,"course_name: Writing for Sci & Technology; course_number: ENG 225; prerequisites: C or better in ENG 100, ENG 100T, ESL 100 or ESL 100T"
ENG,257,Multicultural Literature,"A survey of classic and contemporary literature of diverse cultural and ethnic groups, which examines relevant concepts and topics, as well as the historical, social and cultural frameworks of these works, and their application and impact in regional and global contexts. (Same as WS 257).",3,English,141565,"attributes: DL, GL; prerequisites: C or better in ENG/ESL  100/100T"
ENG,275,Literature of the Earth,"Study of how people from a variety of eras and cultures have shaped their responses in poetry, fiction, drama and essays to changes in the natural world. This class will examine issues of globalization and environmental sustainability, with opportunities for research on connections between local and global environmental problems.",3,English,141565,"attributes: ALEX, DL, GCC, GH, GW, WC; prerequisites: ENG  100, ENG  100T, ESL  100, or ESL  100T"
ENG,285,Introduction to Media Writing,"An introductory media writing class with a focus on preparing students to write effectively for news media. Integrates skills of research, inquiry, interviews, and media and information literacy, to writing news, culture and feature articles, and other assignments. (Same as COM 285).",3,English,141565,"attributes: DH, GL; prerequisites: ENG  100, ENG  100T, ESL  100, or ESL  100T"
ENG,286,Intro to Creative Writing,"Introduction to the theoretical, practical and artistic concerns of writing vivid and compelling prose fiction, poetry, and creative non-fiction.  Students will be exposed to a range of critical and primary creative writing texts as they produce their own works in each genre.",3,English,141565,"Prerequisites: C or better in ENG 100, ENG 100T, ESL 100 or ESL 100T"
ENG,287,Introduction to Rhetoric,"Survey of rhetorical history, studies and practices from classical to contemporary. Discussion of social, political, legal and ethical aspects of rhetoric and rhetorical theory.",3,English,141565,"attributes: DH, GH, GL; prerequisites: C or better in ENG  100, ENG  100T, ESL  100, or ESL  100T"
ENG,289,The Rhetoric of Food,"A course designed for students interested in learning how and why food plays a central role in cultures around the world. Attention will be paid to how food affects political, religious, economic, social and cultural activities and decision-making in various countries/regions.",3,English,141565,"attributes: DH, GH; prerequisites: C or better in ENG  100, ENG  100T, ESL  100 or ESL  100T"
ENG,290,Literature and Medicine,"English 290 provides students with the opportunity to study writers, poets, and artists confronting timeless issues dealing with the human body. The class will look at how and why novels, short stories, poems, plays and film cover the wide range of biological human conditions, from disease to sexuality to mortality.",3,English,141565,"attributes: DL, GH, GL; prerequisites: C or better in ENG  100, ENG  100T, ESL  100 or ESL  100T"
ENG,300,Intro to Literary Studies,"Introduces majors to the methods of research, analysis, close reading and argumentation that are essential to the successful reading of and writing about literature. Included is a comprehensive survey of literary terms, key concepts, literary forms and genres.",3,English,141565,"Prerequisites: C or better in ENG 100, ENG 100T, ESL 100, or ESL 100T, and ENG 200 (A-F) and one additional 200-level writing or literature class (with exception of ENG 209 and ENG 225) or instructor's consent."
ENG,302,Studies in Myth and Folklore,"A critical, comparative study of myth and folklore, which provides students with knowledge and analytical perspectives on the way various oral traditions inform English literature, past and present.",3,English,141565,Course Number: ENG 302; Course Title: Studies in Myth and Folklore; Prerequisites: C or better in ENG 300 or instructor's consent
ENG,304,Survey of British Lit I,"Survey of British Literature, Middle Ages to Enlightenment.",3,English,141565,Prerequisites: C or better in ENG 300
ENG,305,Survey of British Lit II,"Survey of British Literature, Romantics to the Present.",3,English,141565,Prerequisites: C or better in ENG 300
ENG,314,Advanced Multimedia Writing,An advanced media writing class with a focus on technology-driven multimedia. Applied learning methods are used to examine and effectively implement the principles of media writing while exploring various approaches of digital platforms.,3,English,141565,"attributes: DH, GL; prerequisites: ENG  100, 100T, ESL  100 or 100T, or instructor's consent (Attributes: DH, GL) (Attributes: DH, GL)"
ENG,318,Playwriting,"Basic course in writing for the stage. Development of theme, action, and characterization for the one-act play form.",3,English,141565,"attributes: DA, GL; prerequisites: C or better in ENG  100, ENG  100T, ESL  100 or ESL  100T; or consent of instructor (Same as DRAM  318) (Attributes: DA, GL)"
ENG,321,Morphology And Syntax,"Introduction to grammatical analysis and theory; practical experience in solving problems in morphology and syntax, using data drawn from a wide variety of languages.",3,English,141565,"Crosslistings: ['ANTH 321', 'LING 321']; Prerequisites: LING 102 or instructor's consent"
ENG,323,The Literature of Hawaiʻi,"A critical analysis of the history of literature in the Hawaiian Islands. Study will touch upon the politicization of the Hawaiian language, the insider/outsider debate, the emergence of local literature, and ethnic/racial divides in contemporary discussions of literary craft and study. Class will include oral narratives (chants, hula), expatriate literature (Bingham, London, Michener), and a wide range of local texts.",3,English,141565,"attributes: ALEX, DL, GAHP, GCC, GH, HPP; prerequisites: C or better in ENG  300 or instructor's consent (Attributes: ALEX, DL, GAHP, GCC, GH, HPP)"
ENG,324,Modern English Grammar &amp; Usage,"The fundamentals of English grammar and syntax, conventions of written and spoken English, and rhetorical choices at the sentence level.",3,English,141565,"Cross-listing: LING 324; Prerequisites: C or better in ENG 100, ENG 100T, ESL 100, ESL 100T, HAW 201, KHAW 201, JPNS 201, FIL 201, CHNS 201, or SPAN 201"
ENG,345,Children &amp; Literature,"Literature in English for and by children, with special emphasis on the ways in which literature promotes social, emotional, and intellectual development.",3,English,141565,"attributes: DL, GH; prerequisites: C or better in ENG  100, ENG  100T, ESL  100, ESL  100T or instructor's consent"
ENG,347,Pidgins And Creoles,A study of the world's pidgins and creoles with special reference to the Pacific region; the origin and nature of pidgins and creoles; the relationship between Hawaiʻi Creole English to other Creoles in the world. The link between the development of a Creole and language acquisition. (Same as ANTH/LING 347).,3,English,141565,attributes: GAHP; recommended_preparation: LING  102 or 121
ENG,350,Second Lang Acquisition Theory,"Current research and theories of learning a second or additional language from social, psychological and linguistic perspectives. Topics include the attainment of communicative competence, the critical period hypothesis, focus on form, individual learning styles, and learner autonomy. The emphasis is on how the knowledge of second language acquisition theory helps improve the quality of classroom language teaching. (Same as LING 350).",3,English,141565,"attributes: DH, GL; prerequisites: C or better in ENG  100, ENG  100T or ESL  100, ESL  100T and LING  102 or instructor's consent"
ENG,351,Amer Lit: to the Civil War,American literature to the Civil War,3,English,141565,Prerequisites: C or better in ENG 300 or instructor's consent
ENG,352,Amer Lit: Civil War-Pres,American literature from the Civil War to the present.,3,English,141565,Prerequisites: C or better in ENG 300 or instructor's consent.
ENG,355,Women in Modern Lit &amp; Film,Literature and film by and about women from 1900 to the present. Feminist literary theory. (Same as WS 355).,3,English,141565,"attributes: DL, GH; prerequisites: C or better in in ENG  300 or instructor's consent"
ENG,356,Language and Gender,Students engage in the analysis of gender as it relates to language and society.  Provides students with analytic resources for thinking critically about the relationship between language and social practice.  Students gather and analyze data based on current theories.,3,English,141565,"Crosslisted: LING/WS  356; Prerequisites: C or better in ENG  100, ENG  100T, ESL  100, or ESL  100T and LING  102, or instructor's consent"
ENG,364,Chnse Lit in Eng-Modern,Survey of major Chinese writings from 1919 to the present. Knowledge of Chinese is not required.,3,English,141565,"Cross-listed: CHNS 364; Prerequisites: ENG 100, 100T, ESL 100, or 100T or instructor's consent"
ENG,365,Japanese Lit in English,Survey of major works from earliest times to the present. Knowledge of Japanese is not required.,3,English,141565,"attributes: ['DL', 'GAHP', 'GH', 'GL', 'HPP']; course_name: Japanese Lit in English; course_number: ENG 365; cross_listing: JPST 365"
ENG,366,Utopia in Literature,"A study of the “Utopian” theme in literature, from Plato's Republic to the modern science fiction novel.",3,English,141565,"course_id: ENG 366; course_name: Utopia in Literature; prerequisites: ENG 100, 100T, ESL 100, or 100T and a 200-level literature course, or instructor's consent"
ENG,370,Advanced Film Studies,"Students undertake a study of film/editing techniques, genres, and critical theories that influence the production and analyses of film and film-making. This course builds upon 200-level film classes in English.",3,English,141565,"prerequisites: C or better in ENG  300 or instructor's consent; recommended_preparation: ENG  201, 204, 205, or 206"
ENG,371,Topics in Contemporary Lit,"The development of contemporary fiction, poetry and drama concentrating upon representative works from 1945 to the present.  This course may be taken twice provided that different topics are studied.  The letter suffix indicates the topic.",3,English,141565,course_name: Topics in Contemporary Lit; course_number: ENG 371; prerequisites: C or better in ENG 300 or instructor's consent
ENG,387,Climate Change Literature,"A study of modern environmental writing, focusing on climate change fiction and non-fiction. Students will explore how humans transformed the earth and its atmosphere and now live with changes to various physical environments with implications for the future.",3,English,141565,course_name: Climate Change Literature; course_number: ENG 387; cross_listing: GEOG 387; prerequisites: C or better in ENG/ESL 100/T and one 200-level ENG course or consent of instructor
ENG,388,Global Englishes,"The course explores the expanding role of English as a global language and its increasing importance in intercultural and global communication. It traces how English has changed over the years and how culture, history, and politics influence the development of varieties of English. The course will raise students’ awareness and understanding of the varieties of English and their function as a global language in the 21st century. It will also enhance the students’ communicative competence in written and spoken discourses to a variety of users of Global Englishes around the world.",3,English,141565,"attributes: DH, GL; prerequisites: ENG  100 or ENG100T or ESL  100 or ESL  100T"
ENG,400,Topics in Classical Literature,"Studies in Greek and Roman literature from various perspectives (historical, cultural, social). May be offered by genre or theme. May be repeated for credit provided a different topic is studied.",3,English,141565,Course Name: Topics in Classical Literature; Course Number: ENG 400; Prerequisites: C or better in ENG 300 or instructor's consent
ENG,418,American Women Writers,"This course will acquaint students with a variety of writings by women in the Americas.  In addition to literary analysis, texts will be viewed in cultural, historical and theoretical contexts.",3,English,141565,Course Number: ENG 418; Course Title: American Women Writers; Prerequisites: C or better in ENG 300 or instructor's consent
ENG,419,Adv Topics in American Lit,"A course which involves critical analysis of key periods and/or themes in American Literature, ranging from the Transcendentalists to the Beats.  The course may also explore major ethnic canons, such as Native American, Chicano/a, Asian American, and African American.  The course may be repeated, provided that different topics are studied.",3,English,141565,course_name: Adv Topics in American Lit; course_number: ENG 419; prerequisites: C or better in ENG 300 or instructor's consent
ENG,422,ESL Teaching Practicum,"A course requiring students to engage in supervised teaching in an authentic classroom setting with actual learners of ESL.  Provides the student with opportunities to observe, describe, interpret and understand the classroom environment and to reflect on the personal and professional attributes required for success in teaching.  Students design and implement their own lesson plans and analyze and reflect on the classroom environment in relation to current research.",3,English,141565,"course_name: ESL Teaching Practicum; course_number: ENG 422; prerequisites: ['LING 102', '221', '331', 'ENG/LING 324', '350', 'ENG 484']"
ENG,423,Post-Colonial Literature,"A critical analysis of the development of contemporary world literature in the wake of the fall of European empires. This class is designed to address the importance of writing in an age of changing national identities, shifting alliances, and volatile conflicts. Texts from Africa, Latin America, the Middle East, the Caribbean, and Hawaiʻi will be featured. (Same as WS 423).",3,English,141565,"attributes: DL, GH, GL; prerequisites: C or better in ENG  300 or instructor's consent"
ENG,430,Pacific Islands Literature,"A study of a representative range of contemporary poems, short stories, novels, and plays written in English by Pacific Islanders from Polynesia, Micronesia, and Melanesia. (Same as WS 431).",3,English,141565,"attributes: DL, GAHP, GH, HPP; prerequisites: C or better in ENG  100, ENG  100T, ESL  100, or ESL  100T and a 200-level literature course, or instructor's consent"
ENG,431,Fiction Writing,Advanced study and writing seminar in fiction.,3,English,141565,"course_name: Fiction Writing; course_number: ENG 431; prerequisites: C or better in ENG  100/100T or ESL  100/100T, 3 credits from ENG  200A-F, and 3 credits from ENG  286A/286B or instructor's consent; repeat_credit: maximum 6 credits"
ENG,432,Non-Fiction Writing,Advanced study and writing seminar in non-fiction.,3,English,141565,"course_name: Non-Fiction Writing; course_number: ENG 432; prerequisites: C or better in ENG  100/100T or ESL  100/100T, 3 credits from ENG  200A-F, and 3 credits from ENG  286A/286B or instructor's consent; repeat_credit: maximum 6 credits"
ENG,433,Poetry Writing,Advanced study and writing seminar in poetry.,3,English,141565,"course_name: Poetry Writing; course_number: ENG 433; prerequisites: C or better in ENG  100/100T or ESL  100/100T, 3 credits from ENG  200A-F, and 3 credits from ENG  286A/286B or instructor's consent; repeatability: Repeatable one time for a maximum of 6 credits"
ENG,434,Creative Writing Practicum,"Students work with a faculty mentor to analyze, write, and workshop a variety of literary genres, and to perform applied learning activities such as teaching a creative writing class, publishing a literary journal, organizing a visiting writer event, giving public readings of their own work, and curating their own creative collections.",3,English,141565,Prerequisites: Instructor approval; Repeatability: This course is repeatable once for a total of 6 credits
ENG,436,Flash Fiction Writing,Advanced study and writing seminar in flash fiction: short short stories from micro to sudden fiction.,3,English,141565,"Course Name: Flash Fiction Writing; Course Number: ENG 436; Prerequisites: C or better in ENG  100/100T or ESL  100/100T and ENG  286A, or instructor's consent."
ENG,442,Romantic Literature,Poetry and prose from 1780 to 1832.,3,English,141565,cross_listing: WS 422; prerequisites: C or better in ENG 300 or instructor's consent
ENG,445,Victorian Literature,Poetry and prose from 1832 to 1900.,3,English,141565,Prerequisites: C or better in ENG 300 or instructor's consent
ENG,448,Graphic Novels and Comics,"Advanced study of major developments, schools and styles in contemporary graphic novels and comics. Emphasis on literary theory and analysis. (Same as WS 448).",3,English,141565,"attributes: DL, GL; prerequisites: C or better in ENG  300 or instructor's consent"
ENG,461,Shakespeare,"Selected histories, comedies, and tragedies.",3,English,141565,Course Number: ENG 461; Course Title: Shakespeare; Prerequisites: C or better in ENG 300 or instructor's consent.
ENG,464,Modern Literature,British and American literature from 1900 to WWII with emphasis on the development of Literary Modernism.,3,English,141565,Course Number: ENG 464; Course Title: Modern Literature; Prerequisites: C or better in ENG 300 or instructor's consent
ENG,465,Post-Modern Literature,"A study of literature (including theoretical essays, plays, film, and poetry) following WWII.  The course will address contemporary responses to and against the Modernist Period and may cover movements such as Literature/Theatre of the Absurd, Magical Realism, the San Francisco Renaissance, the Black Mountain Poets, and the Angry Young Men's Movement.",3,English,141565,course_number: ENG 465; course_title: Post-Modern Literature; prerequisites: C or better in ENG 300 or instructor's consent
ENG,466,The Contemporary Fairy Tale,"A study of a representative range of contemporary fairy tales in English, which incorporates current theories and analytical approaches to literary fairy tales and the politics of interpretation.",3,English,141565,course_name: The Contemporary Fairy Tale; course_number: ENG 466; prerequisites: C or better in ENG 300 or instructor's consent
ENG,469,Advanced Topics in Film,"A course that analyzes advanced theoretical approaches to film and/or stage.  The course may explore themes, such as film noir or 3rd Cinema.  The course may be repeated, provided that different topics are studied.",3,English,141565,course_name: Advanced Topics in Film; course_number: ENG 469; prerequisites: C or better in ENG 300 or instructor's consent
ENG,475,Topics in Literary Criticism,"Advanced analyses of literature via specific schools of theoretical criticism, such as Psychoanalysis, Deconstruction, Marxism and New Criticism.",3,English,141565,"course_name: Topics in Literary Criticism; course_number: ENG 475; prerequisites: C or better in ENG 300 or instructor's consent; repeatability: The course may be repeated for credit, provided that a different topic is chosen."
ENG,480,Women and Rhetoric,"Survey of key female figures that have figured (or not figured) into the rhetorical canon.  Analysis of women's use of rhetoric in everyday life and at historic moments and consideration of methodological and theoretical issues intersecting women, rhetoric and historical research.",3,English,141565,course_name: Women and Rhetoric; course_number: ENG 480; cross_listing: WS 480; prerequisites: C or better in ENG 300 or instructor's consent
ENG,482,Teaching Composition,"Overview of current theory and research informing contemporary English composition instruction at elementary, secondary, and college levels with methods for application to teaching or writing at any level or within any discipline.",3,English,141565,course_name: Teaching Composition; course_number: ENG 482; prerequisites: C or better in ENG 300 or instructor's consent
ENG,483,Modern/Contemporary Drama,"A study of works which have established or refined major traditions in modern theater, with some reading in critical theory. (Same as DRAM 483).",3,English,141565,"attributes: DL; prerequisites: C of better in ENG  100, ENG  100T or ESL  100, ESL  100T and 200-level coursework in literature"
ENG,484,ESL Materials &amp; Methods,"Overview of current theory and practice in the teaching of English as a Second Language. In addition to studying and evaluating various theoretical approaches to ESL teaching and second-language learning, students will gain experience developing and using their own teaching materials.",3,English,141565,"attributes: DH, GL; prerequisites: C or better in ENG  100, ENG  100T, ESL  100 or ESL  100T and ENG/LING  350, or instructor's consent"
ENG,488A,Single Author Pre-1700,A semester long consideration of the literary output of a single author selected by the instructor. May be repeated for credit provided that a different topic is studied.,3,English,141565,course_number: ENG 488A; course_title: Single Author Pre-1700; credit_type: Credit may be earned in each different period A) Pre-1700; B) Post-1700; duration: semester long; prerequisites: C or better in ENG 300 or instructor's consent; repetition_allowed: True; repetition_condition: a different topic is studied
ENG,488B,Single Author Post-1700,A semester-long consideration of the literary output of a single author selected by the instructor. May be repeated for credit provided that a different topic is studied.,3,English,141565,course_number: ENG 488B; course_title: Single Author Post-1700; credit_type: Credit may be earned in each different period: (A) Pre-1700; (B) Post-1700; prerequisites: C or better in ENG 300 or instructor's consent; repeatability: May be repeated for credit provided that a different topic is studied.
ENG,489,Major Literary Movements,"Advanced senior-level studies of schools and movements not covered by the Department's current British Literature offerings or by ENG  419.  Possible topics include Realism and Naturalism, the Bengali Renaissance, Avant-Garde and the Era of the Decadents, the Celtic Revival, and Magic Realism.  The course may be repeated, provided that different topics are studied.",3,English,141565,course_number: ENG 489; course_title: Major Literary Movements; level: Advanced senior-level; prerequisites: C or better in ENG 300 or instructor's consent
ENG,492,Teaching Literature,A course that covers the praxis of teaching literature as well as the theory surrounding literary studies. Students will learn to create creative and analytical exercises and critically evaluate and utilize a wide range of resources for the teaching of poetry and prose at the secondary and post-secondary level.,3,English,141565,Prerequisites: C or better in ENG 300 or instructor's consent
ENGR,102,Engineering the Future I,"Overview of the engineering discipline, art and profession, impact on society and the environment, and strategies for studying engineering.",1,Engineering,141565,course_name: Engineering the Future I; course_number: ENGR 102; grading_policy: CR/NC only
ENGR,103,Engineering the Future II,"Continuation of the overview of the engineering discipline, art and profession, impact on society and the environment, and strategies for studying engineering.",1,Engineering,141565,course_number: ENGR 103; course_title: Engineering the Future II; grading_policy: CR/NC only
ENGR,200,Introduction to Energy Science,"This course studies the relationship between human societies and the global energy system. Topics will include energy in everyday life, the geography, politics and economics of energy. Case studies will be studied.",3,Engineering,141565,course_name: Introduction to Energy Science; course_number: ENGR 200
ENGR,240,Conventional Energies,"Fundamentals of thermal physics and fluid mechanics. Chemical Bonds, Energy from fossil fuels. Hydropower. Nuclear power. Energy storage.",3,Engineering,141565,Course Number: ENGR 240; Course Title: Conventional Energies; Prerequisites: 6 credits in Natural Science courses
ENGR,250,Alternative Energies,"Wind, solar, geothermal, tide and wave power. Brief survey of bioenergy, energy distribution and microgrids.",3,Engineering,141565,Prerequisites: 6 credits in Natural Science courses
ENGR,310,Energy Policy Analysis,"An introduction to how the production and consumption of energy in the United States are regulated at the Federal, Federal, state and local levels. Stakeholders will be identified, and their roles analyzed. Historical and international dimensions of this topic will also be explored. Hawaiʻi energy policies will be studied in detail.",3,Engineering,141565,"attributes: DS, GCC; prerequisites: ENGR  200 or ENGR  240 or ENGR  241"
ENGR,340,Sustainable Biofuels,"This course provides an introductory overview of the relevance of bioenergy production for the global energy supply, bioenergy conversion technologies and feedstocks, and critically evaluates sustainability issues involved with bioenergy production.",3,Engineering,141565,Course: ENGR 340; Course Title: Sustainable Biofuels
ENGR,400,Biochemical Energy Conversion,"A course on anaerobic digestion and fermentation with application to animal, municipal and industrial wastes, and to the production of synthetic gas and bioethanol.",3,Engineering,141565,"course_name: Biochemical Energy Conversion; course_number: ENGR 400; prerequisites: ['BIOL 101', 'BIOL 125', 'BIOL 171', 'CHEM 161']"
ENSC,100,Intro to Environmental Science,"Introductory course linking the human and physical/ chemical/biological world.  Emphasis on current global and local issues related to pollution, biodiversity, ecosystem services, climate change, resource consumption and sustainability.  Focus on critical thinking and the integration of both natural and social science perspectives in understanding and addressing environmental issues.",3,Environmental Studies/Science,141565,"attributes: ['DB', 'GN', 'GQ']; course_name: Intro to Environmental Science; course_number: ENSC 100"
ENSC,301,Global Warming/Climate Change,"Concepts and processes of global warming and climate change: electromagnetic radiation and energy balance, greenhouse effects, past climates, and local and global impacts and mitigation strategies. We will read and analyze classic and current journal articles and gain experience working with simple climate models.",3,Environmental Studies/Science,141565,course_name: Global Warming/Climate Change; course_number: ENSC 301; cross_listing: GEOG 301; prerequisites: ENSC 100 or GEOG 101
ENSC,384,Primatology,Evolutionary approach to the nonhuman primates. Biological and behavioral adaptations of primates to their ecological setting. Implications of primate adaptations for understanding human biology and behavior.,3,Environmental Studies/Science,141565,"Cross-listings: ['ANTH 384', 'BIOL 384']; Prerequisites: ANTH 215, or BIOL 172"
ENSC,385,Field Methods in Geog/Env Sci,"Geographic field methods for assessment and monitoring the physical/biological/anthropogenic environment. Instrumentation, data collection, and analysis; planning and land management applications. (Same as GEOG 385).",3,Environmental Studies/Science,141565,attributes: GAHP; prerequisites: GEOG  201 or instructor's consent
ENSC,436,Environ Politics in Pacific,"This course will examine the ways that government policies, economic development and globalization affect the environment in the Pacific region as well as the ways that environmental problems affect political debates and actions. Utilizing the research approach or political ecology this course for advanced students will explore contemporary viewpoints on terrestrial resource management, preservation, population growth, land degradation, marine and terrestrial resource management, environmental contamination, and other environmental issues across Polynesia, Melanesia and Micronesia. (Same as GEOG 436).",3,Environmental Studies/Science,141565,"attributes: GAHP; prerequisites: Junior or Senior standing and completion of any upper-level Pacific Island Studies Certificate course, or instructor's consent"
ENSC,441,Environmentl Impact Assessment,"Introduction to the theory and methods of environmental impact assessment (EIA). Emphasis on the biophysical, cultural, social, economic and legal foundations of the federal and state EIA process as well as strategies to mitigate the negative environmental impacts of development. Students engage in critical evaluation and preparation of an EIA.",3,Environmental Studies/Science,141565,course_name: Environmentl Impact Assessment; course_number: ENSC 441; cross_listing: GEOG 441; prerequisites: junior or senior standing or consent of instructor
ENSC,457,Vegetation of the Hawaiian Isl,This course explores the major types of vegetation in Hawaiʻi with respect to physical environments and important species. Basic concepts in taxonomy and identification are emphasized. Coursework includes field excursions at various sites around the island of Hawaiʻi to develop methods in surveying and monitoring vegetation. This course also examines major human impacts and conservation challenges.,3,Environmental Studies/Science,141565,"cross_listings: ['BIOL 457', 'CBES 657']; prerequisites: BIOL 156 or BIOL 281"
ENTO,304,General  Entomology,"Structure, classification and identification of insects.",3,Entomology,141565,Cross-listing: BIOL 205; Prerequisites: BIOL 171 or 172 or instructor's consent
ESL,061,"Listening &amp; Speaking, Int","This course is designed for non-native English speakers to gain practice in listening comprehension, conversational skills, discussion skills, and understanding cultural differences.",4,English as a Second Language,141565,"course_number: ESL 061; course_title: Listening & Speaking, Int; entry_requirement: ESL 061 placement on the English Language Placement Assessment"
ESL,062,"English Grammar, Intermediate","This course is designed for non-native English speakers to provide them with practice of the rules of noun and verb forms, connecting words and other forms as they are used in English writing and speaking.",3,English as a Second Language,141565,"course_number: ESL 062; course_title: English Grammar, Intermediate; credit_status: This course does not count towards graduation from UH Hilo; prerequisites: ESL 062 placement in the English Language Placement Assessment"
ESL,063,"Academic Reading, Intermediate","This course is designed for non-native English speakers to prepare them for college-level academic reading with work in vocabulary, understanding complex sentence structures, reading strategies, and writing in relation to reading.",4,English as a Second Language,141565,"course_name: Academic Reading, Intermediate; course_number: ESL 063; entry_requirement: ESL 063 placement on the English Language Placement Assessment"
ESL,064,"Academic Writing, Intermediate",This course is designed for non-native English speakers to prepare them for academic writing with work in sentence structure and the development of paragraph skills in a range of rhetorical styles.,4,English as a Second Language,141565,"course_name: Academic Writing, Intermediate; course_number: ESL 064; entry_requirement: ESL 064 placement on the Writing Placement Assessment"
ESL,071,"Listening &amp; Speaking, High Int","Designed for non-native English speakers to improve listening comprehension, thinking, and communicating ideas in English. Native-speaker lectures and speech practice accelerate the learning skills needed for college work. Focus is on taking effective and well-organized notes on high-intermediate level lectures, participating in discussions and giving both formal and informal presentations.",4,English as a Second Language,141565,"course_name: Listening & Speaking, High Int; course_number: ESL 071; entry_requirement: ESL 071 placement on the English Language Placement Assessment or successful completion of ESL 061"
ESL,072,"English Grammar, High Int","Designed for non-native English speakers to develop their grammatical accuracy in writing and speaking. Focus is on verb tenses, subject/verb agreement, passive voice, connectives; adjective, noun and adverb clauses; gerunds and infinitives, prepositions and using the conditional.",3,English as a Second Language,141565,"course_name: English Grammar, High Int; course_number: ESL 072; prerequisites: ESL 072 placement on the English Language Placement Assessment or successful completion of ESL 062"
ESL,073,"Academic Reading, High Int","Designed for non-native English speakers to build and strengthen academic reading skills. Focus is on building vocabulary, previewing and predicting, skimming and scanning, finding main ideas and details, annotating, articulating stated and inferred ideas, distinguishing between fact and opinion, summarizing and responding thoughtfully to academic texts.",4,English as a Second Language,141565,"course_number: ESL 073; course_title: Academic Reading, High Int; credit_status: This course does not count towards graduation from UH Hilo; prerequisites: ESL 073 placement on the English Language Placement Assessment or successful completion of ESL 063"
ESL,074,"Academic Writing, High Int","Introduction and practice in writing coherent, well-organized, well-developed paragraphs and multi-paragraph essays in a variety of rhetorical styles.",4,English as a Second Language,141565,"course_name: Academic Writing, High Int; course_number: ESL 074; entry_requirement: ESL 074 placement on the Writing Placement Assessment or successful completion of ESL 064"
ESL,081,"Listening &amp; Speaking, Advanced","Designed for non-native English speakers to practice authentic listening comprehension and notetaking, use the information for discussions and debate, and give well-organized and clearly expressed formal and informal presentations, thinking, and communicating ideas in English requisite for college study. Authentic lectures and formal speech practice expose students to the language used and required in academic coursework.",4,English as a Second Language,141565,"course_number: ESL 081; course_title: Listening & Speaking, Advanced; entry_requirement: ESL 081 placement on the English Language Placement Assessment or successful completion of ESL 071; graduation_credit: This course does not count towards graduation from UH Hilo"
ESL,083,"Academic Reading, Advanced","Designed for non-native English speakers to develop an effective reading approach to university-level texts as well as the critical reading skills necessary to comprehend, analyze, conduct research, summarize, synthesize and respond thoughtfully in both writing and speaking to authentic texts. Emphasis on vocabulary development, finding main ideas and specific details, and drawing inferences.",4,English as a Second Language,141565,"course_name: Academic Reading, Advanced; course_number: ESL 083; entry_requirement: ESL 083 placement on the English Language Placement Assessment or successful completion of ESL 073"
ESL,084,"Academic Writing, Advanced","Designed for non-native English speakers to practice writing expository essays, with an emphasis on the development of critical thinking skills, organization and support in argumentation. Attention is given to various stages of the writing process: generating ideas, drafting, peer review, and revision. Special emphasis and on identifying and editing of grammatical errors.",4,English as a Second Language,141565,"course_name: Academic Writing, Advanced; course_number: ESL 084; entry_requirement: ESL 084 placement on the Writing Placement Assessment or successful completion of ESL 074"
ESL,086,American Culture &amp; Community,"This multi-level course for non-native English speakers explores American culture through hands-on learning about topics such as treatment of the elderly, the environment, people with disabilities, addiction, homelessness, education, immigration and the treatment of animals. Topics will change each semester and a culminating project designed by students completes the course. Transportation to each on-site activity will be provided.",2,English as a Second Language,141565,course_number: ESL 086; course_title: American Culture & Community; grading_basis: CR/NC; graduation_credit: This course does not count towards graduation from UH Hilo; prerequisites: No prerequisites; repeatability: Repeatable one time for credit
ESL,087,American Culture through Film,"This multi-level course for non-native speakers of English explores American culture through films about topics such as independence, civil disobedience, gender roles, race relations, individuality, overcoming odds, freedom, equality, education and immigration. Films will change each semester and a culminating project designed by students completes the course.",2,English as a Second Language,141565,course_number: ESL 087; course_title: American Culture through Film; graduation_credit: This course does not count towards graduation from UH Hilo; prerequisites: No prerequisites; repeatability: Repeatable one time for credit
ESL,100,Composition/Nonnative Speakers,"Instruction in writing clear, effective university-level essays and research paper. Attention to all stages of the process: generating ideas, drafting, revising, and editing.",3,English as a Second Language,141565,"attributes: FW, GF; prerequisites: ESL  100 recommendation on the Writing Placement Examination and completion or exit by test"
ESL,100T,Composition/Non-nativeTutorial,"Instruction and practice in writing clear, effective university-level essays and research paper. Fulfills expository writing (ENG 100) requirement for non-native speakers of English only.",3,English as a Second Language,141565,"attributes: FW, GF; prerequisites: ESL  100T recommendation on Writing Placement Exam and completion or exit by test"
FIL,102,Elementary Filipino II,"This is a continuation of FIL 101. Emphases are on developing the four language skills: Speaking, Listening, Reading, and Writing. The course will focus on speaking and listening as foundational skills. The course will pay close attention to the sounds of the Filipino (Tagalog) language, including intonation and stress, as well as vocabulary and grammatical structures of the elementary level. The course will present different social situations, which involve turntaking skills, courtesies, and initiating and ending a communication exchange.",4,Filipino,141565,"attributes: DH, GAHP, GH, GL, HPP; prerequisites: FIL  101"
FIL,200,Inter Conversational Filipino,"Students will be given an introduction to Tagalog, one of the most widely used and understood languages in the Philippines and overseas Filipino communities. Attention will be given to developing language skills in four areas: Speaking, Listening, Reading and Writing. However, this course will focus on speaking and listening skills to establish a foundation at an intermediate level. Students will learn how to apply the skills learned in common social situations through various hands-on activities. Reading material and other sources will be utilized to supplement course learning. Pre or.",3,Filipino,141565,"attributes: DH, GAHP, GH, GL, HPP; corequisites: FIL  102 or instructor's consent"
FIL,330,Filipino Films,"This is a survey course on Philippine cinema presented in in Filipino with English subtitles. In this course students will be taught how to watch and listen to films; then identify and analyze various issues within Philippine socio-political contexts. Through lectures, discussions, and various classroom activities, students will develop critical thinking skills necessary for investigating ethical issues in Philippine films.",3,Filipino,141565,"attributes: ['ALEX', 'DH', 'GAHP', 'GCC', 'GH', 'HPP']; course_name: Filipino Films; course_number: FIL 330"
FIL,331,"Lang, Cul, &amp; Soc in the Phils","This course is an introduction to the language, culture, and society in the Philippines. Central to every human activity is language that is used in expressing, defining, relating, and interpreting human behavior, experience, and existence in society.",3,Filipino,141565,"course_code: FIL 331; course_name: Lang, Cul, & Soc in the Phils"
FIL,333,Filipinos in Hawaii,"This upper-division and interdisciplinary course will provide an overview of the historical and contemporary experiences of Filipinos in Hawaiʻi, focusing primarily on issues related to race, ethnicity, migration, gender, culture, power, representation, and globalization.",3,Filipino,141565,"attributes: ['DS', 'HPP']; course_name: Filipinos in Hawaii; course_number: FIL 333; interdisciplinary: True; level: upper-division"
FIL,354,Filipino Culture,"This course is an introduction to peoples and cultures of the Philippines.  Topics include cultural origins, linguistic and cultural diversity, values, social structure and overseas Filipino adaptation.",3,Filipino,141565,"attributes: ['ALEX', 'DS', 'GCC', 'GH', 'HPP']; course_name: Filipino Culture; course_number: FIL 354; cross_listing: ANTH 354"
FIL,430,Cont Fil Soc &amp; Cultr in Film,"This upper division course deals with the contemporary Filipino society and culture in film. Students are introduced to the concepts, structures, and dynamics of culture, society, migration, and diaspora of the Filipinos in the modern period from the year 2000 CE.",3,Filipino,141565,course_code: FIL 430; course_name: Cont Fil Soc & Cultr in Film
FIL,431,Phils and the Malay World,"This course focuses on the Philippines as part of the greater Malay World. This course introduces the students to the sociopolitical, economic, historical, linguistic, and cultural aspects related to the Filipinos as integral part of the Nusantara or the Maritime Southeast Asia.",3,Filipino,141565,"attributes: ['DH', 'HPP']; course_code: FIL 431; course_title: Phils and the Malay World"
FIL,432,Spanish Heritage in the Phils,"This course deals with the study of Spanish heritage in the Philippines. It aims to provide the students an introduction to Hispanism and the influence of Spain in the Philippines. It focuses on the Spanish colonial history, language, culture, literature, education, religion, and other institutions of the Philippines.",3,Filipino,141565,"attributes: ['DH', 'HPP']; course_code: FIL 432; course_name: Spanish Heritage in the Phils"
FIN,220,Personal Finance,A managerial concept is applied to personal financial affairs; traditional life-cycle approach is structured in terms of a personal balance sheet model; begins with various tools and techniques of planning and ends with the ultimate disposition of the estate; brief case problems are used for illustration.,3,Finance,141565,"attributes: ['DS', 'GCC', 'GQ']; course_name: Personal Finance; course_number: FIN 220"
FIN,320,Prin Bus Finance,"Introduction to concepts and techniques of business finance. Topics include organizational forms, agency relationships, financial analysis and planning, the capital formation process and capital markets, risk and return, time value of money, stock and bond valuation, and capital budgeting.",3,Finance,141565,"prerequisites: C or better in ACC 201; C or better, or concurrent enrollment, in MATH 125 or higher"
FIN,321,Invest &amp; Secur Analysis,"Fundamentals of the securities market; development of skills needed to analyze current portfolios and potential investments. Topics include risk reduction, investment analysis, security valuation, portfolio management and option/futures speculation.",3,Finance,141565,course_name: Invest & Secur Analysis; course_number: FIN 321; prerequisites: C or better in FIN 320; successful completion of 45 college credits
FIN,322,Corporate Finance,"Development of tools to help managers analyze and solve financial problems. Topics include capital budgeting, capital structure, dividend policy, lease financing, short and long term asset and liability management, options and futures contracts, merger/take-over analysis and bankruptcy analysis.",3,Finance,141565,course_name: Corporate Finance; course_number: FIN 322; prerequisites: C or better in FIN 320
FIN,325,Small Bus Finance,"Application of financial principles to small business firms. Topics include planning, valuation, investment decision making (fixed and working capital investments) and procurement of funds.",3,Finance,141565,course_name: Small Bus Finance; course_number: FIN 325; prerequisites: C or better in FIN 320 and successful completion of 45 college credits
FIN,370,Prin Real Estate,"Real estate principles including legal, physical, and economic elements, as well as concepts of valuation, market analysis, and finance. Examined are public and private externalities affecting the allocation and utilization of real estate resources.",3,Finance,141565,course_name: Prin Real Estate; course_number: FIN 370; prerequisites: FIN 320 and junior standing
FIN,371,Real Estate Invest &amp; Fin,"Application of the investment process to produce the optimal decision for the investor in choosing among alternatives. Topics include market research, forecasting cash flows, tax considerations, measuring investment performance, and the risk element.",3,Finance,141565,Prerequisites: Fin 370 and junior standing
FIN,412,Options &amp; Other Derivatives,"Detailed coverage of derivative securities including options, swaps, forwards and futures. Pricing, arbitrage relationships, use and trading strategies of derivatives are discussed. Contemporary issues in financial engineering. Special emphasis is placed on the use of derivatives by smaller businesses.",3,Finance,141565,course_number: FIN 412; course_title: Options & Other Derivatives; prerequisites: C or better in FIN 320
FOR,340,Remote Sensing GIS in Forestry,"Application of remote sensing and GIS in forestry. Spatial data structures, map projection, global positioning system. How to create spatial data sets through GPS survey. Utilization of GIS software and performance of basic spatial analyses.",3,Forestry,141565,course_name: Remote Sensing GIS in Forestry; course_number: FOR 340
FOR,360,Urban Forestry,"Conservation, management and restoration of trees, forests and related natural resources are core topics including the evolution of today's public and private urban forestry programs. Primary focus is urban forestry from ecological, economic, socio-cultural and economic perspectives. Changing demographics of urban areas, urban development and sprawl, resultant impacts and the political landscape are also topics.  Sustaining urban forest systems through understanding or organization, structure, function and processes in a stressed environment are emphasized.",3,Forestry,141565,course_name: Urban Forestry; course_number: FOR 360
FR,101,Elementary French I,"Conversation, laboratory drill, grammar, reading, using film strips, interactive software, slides and tapes.",4,French,141565,"attributes: ['DH', 'GH', 'GL']; course_name: Elementary French I; course_number: FR 101"
FR,102,Elementary French II,"Conversation, laboratory drill, grammar, reading, using film strips, interactive software, slides and tapes.",4,French,141565,"attributes: DH, GH, GL; prerequisites: FR  101 or equivalent"
FR,201,Intermediate French I,"Reading, conversation, laboratory drill, composition, using film strips, interactive software, slides and tapes.",4,French,141565,Prerequisites: FR 102 or equivalent
FR,202,Intermediate French II,"Reading, conversation, laboratory drill, composition, using film strips, interactive software, slides and tapes.",4,French,141565,Course Name: Intermediate French II; Course Number: FR 202; Prerequisites: FR 201 or equivalent
FR,312,Adv Conver &amp; Composition,"Major emphasis on strengthening oral and written language skills through reading and discussion of current French-language periodicals, writing informal essays, grammar review, and laboratory drills.  Video tapes, movies, interactive software, and film strips also will be used.",3,French,141565,Prerequisites: FR 311 or equivalent
GEOG,101,Geog &amp; Nat Environ,"Survey of the earth's physical environment, including distribution and associations between energy, climate, vegetation, and landforms. Human interrelationships with the physical landscape.",3,Geography,141565,"attributes: ['DP', 'GN']; course_name: Geog & Nat Environ; course_number: GEOG 101"
GEOG,102,World Regional Geography,"Geographic survey of the world's major cultural regions. Processes of spatial integration and differentiation of economic, geo-political, and cultural landscapes. Natural resource distribution and the contrasts and linkages between the developed and under-developed world.",3,Geography,141565,"attributes: ['FGB', 'GS', 'GW']; course_name: World Regional Geography; course_number: GEOG 102"
GEOG,103,Geog And Contemp Soc,"Examines aspects of culture such as population, agriculture, industry, and religion. Focus on the relationships between people and their environment and resulting regional contrasts.",3,Geography,141565,"attributes: ['DS', 'GS']; course_code: GEOG 103; course_name: Geog And Contemp Soc"
GEOG,105,Geography Of United States,Major features of the United States. Emphasis on what gives character or distinctiveness to various places.,3,Geography,141565,attributes: GS; course_name: Geography Of United States; course_number: GEOG 105
GEOG,120,Weather &amp; Climate Hawaiʻi,"Basic meteorology, sun-earth-ocean-atmosphere interrelationships, weather types, seasonal changes, trade winds, clouds, rainfall, with examples drawn from the local weather and climate.",3,Geography,141565,"attributes: ['ALEX', 'DP', 'GAHP', 'GCC', 'HPP']; cross_listing: Same as PHYS 120; target_audience: For non-science majors and prospective science teachers"
GEOG,201,Interp Geog Data,"Introduction to methods of analysis and display of a variety of geographical data. Introduction to geographical methods, basic computer programs, concepts of computer cartography, map interpretation and design, and more advanced techniques including GIS, GPS, and remote sensing.",3,Geography,141565,attributes: ['GQ']; course_code: GEOG 201; course_name: Interp Geog Data
GEOG,280,Introduction to Geostatistics,"Application of statistical and mathematical models in a geographic context. The use of multivariate techniques in assessing spatial relationships. This course will cover basic theory, methods, and techniques for the statistical analysis of spatial data. Students will learn and employ elementary techniques for describing, modeling, and analyzing spatial data using Excel, ArcGIS, and/or MATLAB.",3,Geography,141565,attributes: GQ; prerequisites: GEOG  102 or GEOG  103 or GEOG  101 or ENSC  100
GEOG,300,Climatology,"Elements and controls of climate. Dynamic processes of atmospheric circulation: the distribution patterns of solar radiation, temperature, precipitation, and evaporation. Energy and water balance concepts, climate classification.",3,Geography,141565,course_name: Climatology; course_number: GEOG 300; prerequisites: GEOG 101 or consent of instructor
GEOG,301,Global Warming/Climate Change,"Concepts and processes of global warming and climate change: electromagnetic radiation and energy balance, greenhouse effect, past climates, and local and global impacts and mitigation strategies. We will read and analyze classic and current journal articles and gain experience working with simple climate models.",3,Geography,141565,course_name: Global Warming/Climate Change; course_number: GEOG 301; cross_listing: ENSC 301; prerequisites: ENSC 100 or GEOG 101
GEOG,309,Biogeography,"Basic evolutionary and ecological principles underlying the dynamics of plant and animal population. Mechanisms of isolation, speciation, dispersal, migration, and competition as they affect past and present world distribution patterns. Island biogeography. (Same as BIOL 309).",3,Geography,141565,attributes: GAHP; prerequisites: ENSC  100 or GEOG  101 or BIOL  101 or 171 or 172; or consent of instructor
GEOG,312,Food and Societies,"Different types of food production and consumption systems, and the cultural and environmental constraints operating to produce the resultant patterns. Globalization of agricultural production and consumption.",3,Geography,141565,"attributes: ALEX, DS, GCC; prerequisites: one introductory geography course"
GEOG,319,Nat Hazards/Disasters,"Survey of origins, processes, distributions, and effects of hazardous physical forces: hurricanes, tornadoes, drought, floods, earthquakes, volcanism, landslides, erosion, and beach degradation. Hazard perception and adjustment by humans also considered.",3,Geography,141565,course_name: Nat Hazards/Disasters; course_number: GEOG 319; prerequisites: GEOG 101 or ENSC 100 or consent of instructor
GEOG,320,Earth Surface Processes,"Processes of landform development at large and small scales. Theoretical and applied aspects, including human environment considerations. Field excursions may be required.",3,Geography,141565,course_name: Earth Surface Processes; course_number: GEOG 320; cross_listing: GEOL 342; prerequisites: GEOG 101 or GEOL 111 or equivalent
GEOG,321,Geog Of Economic Activity,"Factors influencing the distribution of economic activities at different spatial scales: world, national, local. Consideration of general theories of decision making for urban and industrial locations.",3,Geography,141565,course_name: Geog Of Economic Activity; course_number: GEOG 321; prerequisites: GEOG 103
GEOG,325,Environments of Law,"Examines elements of law in built, natural, and propertized environments. Topics include spatiality, eminent domain, borders, linear jurisprudence, fluid jurisdictions, public landscapes, and evolving tensions involving environment and justice.",3,Geography,141565,"attributes: ['ALEX', 'DS', 'GCC']; course_number: GEOG 325; course_title: Environments of Law; cross_listing: POLS 325"
GEOG,326,Natural Resources,Philosophy and history of the conservation movement in the United States. Ecological considerations in the management of renewable and nonrenewable resources. Current conservation issues in Hawaiʻi.,3,Geography,141565,attributes: GAHP; prerequisites: GEOG  101 or ENSC  100 or instructor's consent
GEOG,328,Culture and Environment,Key concepts in cultural geography and introduction to qualitative research methods in geography. Topics include: histories of cultural geography; cultural and built landscapes; nature-society relations; critical cultural geographies.,3,Geography,141565,course_code: GEOG 328; course_name: Culture and Environment; prerequisites: A GEOG course at the 100- or 200- level
GEOG,329,Rethinking Development,"This course examines the theory and practice of development, whose goals include poverty reduction, improved human health, and environmental sustainability. We will analyze mainstream development’s successes and failures and explore alternative development models rooted in Marxist, feminist, and green perspectives.",3,Geography,141565,course_name: Rethinking Development; course_number: GEOG 329; prerequisites: GEOG 101 or GEOG 102 or GEOG 103 or GEOG 107 or consent of instructor
GEOG,331,Tourism Geographies,"Survey of tourism geographies, addressing a wide-range of topics: tourism representations, tourism development strategies, indigenous tourism development, planning for “sustainable” tourism, and tourism's environmental impacts.",3,Geography,141565,course_name: Tourism Geographies; course_number: GEOG 331; prerequisites: junior or senior standing or instructor's consent
GEOG,332,Geog Of Hawaiian Islands,"Introduction to the physical and human geography of Hawaiʻi. Development of island ecosystems. Polynesian pre-history, post-contact resource exploitation and environmental transformation. History of land tenure and management. Spatial aspects of agriculture, urbanization, and tourism.",3,Geography,141565,"attributes: GAHP; prerequisites: GEOG  101 or 103, or consent of instructor"
GEOG,335,Geog Of Oceania,"Physical and human geography of the Pacific Islands region including Australia and New Zealand (excluding Hawaiʻi). Topics include: regional marine and terrestrial resources; human settlement and landscape transformation; population political geography; economic development, and resource management and environmental issues.",3,Geography,141565,"attributes: ['GAHP', 'HPP']; course_name: Geog Of Oceania; course_number: GEOG 335"
GEOG,336,Political Ecology,"We will use political ecology to examine how societies shape, and are shaped by, nature, with a focus on the powers and limits of capitalism and the state to transform, manage and produce nature.",3,Geography,141565,"attributes: DS; prerequisites: GEOG  101, GEOG  102, GEOG  103, GEOG  107 or ENSC  100 or consent of instructor"
GEOG,340,Intro to Land Use Planning,"Land use planning and relationship of geographic concepts to urban, regional, and environmental planning. Emphasis on examples from Hawaiʻi.",3,Geography,141565,Course Number: GEOG 340; Course Title: Intro to Land Use Planning; Prerequisites: Junior or senior standing
GEOG,382,Qualitative Research,"Introduction to the ethics, methodologies, and practice of research in human geography, particularly standpoint epistemologies and associated methodologies. Combines lectures, workshops, and assignments. Students will conduct and report upon their own research.",3,Geography,141565,course_name: Qualitative Research; course_number: GEOG 382; cross_listing: WS 382; prerequisites: GEOG 103 or 102 or WS 151 or instructor's consent
GEOG,385,Field Methods in Geog/Env Sci,"Geographic field methods for assessment and monitoring of the physical/biological/anthropogenic environment. Instrumentation, data collection, and analysis; planning and land management applications. (Same as ENSC 385).",3,Geography,141565,attributes: GAHP; prerequisites: GEOG  201 or instructor's consent
GEOG,387,Climate Change Literature,"A study of modern environmental writing, focusing on climate change fiction and non-fiction. Students will explore how humans transformed the earth and its atmosphere and now live with changes to various physical environments with implications for the future.",3,Geography,141565,course_name: Climate Change Literature; course_number: GEOG 387; cross_listing: ENG 387; prerequisites: C or better in ENG/ESL  100/T and one 200-level ENG course or consent of instructor
GEOG,401,Confronting the Climate Crisis,"An examination of how people and societies respond to climate change, through the lens of climate justice, and across academic disciplines, political ideologies, and geographical scale.",3,Geography,141565,Course Number: GEOG 401; Course Title: Confronting the Climate Crisis; Prerequisites: Junior or senior standing or instructor’s consent
GEOG,409,Princples of Landscape Ecology,"Introduction to landscape ecology as a framework for landscape research, analysis and management. Emphasis on spatial patterning - the causes, development, importance of ecological processes, and the spatial interactions of dynamic processes. Focus on concepts, methods and applications of landscape ecology through reading classic and contemporary literature.",3,Geography,141565,course_name: Princples of Landscape Ecology; course_number: GEOG 409; cross_listed: CBES  609; prerequisites: GEOG  101 or GEOG  201 or GEOG  309 or BIOL  281 or consent of instructor; recommended_background: Some familiarity with geographic information systems (GIS) and statistics desirable
GEOG,430,"Gender, Place and Environment","Survey of trends in geography of gender related to place, space and the environment. Addresses spatial interactions of gendered bodies of different ages, class and ethnicities. (Same as WS 430).",3,Geography,141565,"attributes: ALEX, DS, GCC, GS; prerequisites: junior or senior standing or instructor's consent"
GEOG,436,Environ Politics in Pacific,"This course will examine the ways that government policies, economic development and globalization affect the environment in the Pacific region as well as the ways that environmental problems affect political debates and actions. Utilizing the research approach or political ecology this course for advanced students will explore contemporary viewpoints on terrestrial resource management, preservation, population growth, land degradation, marine and terrestrial resource management, environmental contamination, and other environmental issues across Polynesia, Melanesia and Micronesia. (Same as ENSC 436).",3,Geography,141565,"attributes: GAHP; prerequisites: Junior or Senior standing and completion of any upper-level Pacific Island Studies Certificate course, or instructor's consent"
GEOG,440,Community Planning,"An introduction to comprehensive planning in Hawaiʻi with emphasis on the environmental, infrastructure, social, economic and other issues underlying good land use plans. Examples from General Plans and Community Development Plans.",3,Geography,141565,course_name: Community Planning; course_number: GEOG 440; prerequisites: GEOG 340 or instructor's consent
GEOG,441,Environmentl Impact Assessment,"Introduction to the theory and methods of environmental impact assessment (EIA). Emphasis on the physical environmental, cultural, social and legal foundations of the federal and state EIA process as well as how to minimize negative impacts on economic development. Students engage in critical evaluation and preparation of EIS.",3,Geography,141565,course_name: Environmentl Impact Assessment; course_number: GEOG 441; cross_listing: ENSC 441; prerequisites: junior or senior standing or consent of instructor
GEOG,470,Remote Sensing of Environment,"Analysis of remotely sensed data from satellite, airborne, and ground-based sensors, including hyperspectral and lidar datasets. Image interpretation, geo-processing, and classification methods for environmental applications, conservation resource management, planning, hydrology and geology.",3,Geography,141565,course_name: Remote Sensing of Environment; course_number: GEOG 470; cross_listing: CBES 640; lecture_lab: lecture/lab; prerequisites: GEOG 201 or consent of instructor
GEOG,481,Advance Geo-Spatial Techniques,"GEOG  481 is an advanced course in spatial analysis and modeling specific to Geospatial Information Science.  This course will emphasize the application of Geospatial software tools along with the underlying theories and practices to analyze, model and visualize data.  A focus on concepts and techniques utilized in GIS provides numerous opportunities for applied learning in terrain modeling, suitability modeling, predictive ecosystem mapping and data visualization.  Further knowledge and skills will be developed by customization of GIS applications through interface. This course is dual listed with CBES  681.",3,Geography,141565,course_name: Advance Geo-Spatial Techniques; course_number: GEOG 481; cross_listing: CBES 681; prerequisites: GEOG 480 or Instructor's Consent
GEOG,488,Advanced Geostatistics,"This class is about understanding the uncertainty inherent in predictions made from spatial data. Probability theory, spatial analysis, variogram analysis, kriging, and stochastic simulations (conditional and unconditional). Our focus will be on the theory and application of geostatistical interpolation techniques to address real geographic and environmental problems using real data.",3,Geography,141565,"course_name: Advanced Geostatistics; course_number: GEOG 488; prerequisites: ['GEOG 280', 'GEOG 480']"
GEOG,494B,Gis for Anthro &amp; Geog,Please contact the department or division office for more information about this course.,1–6,Geography,141565,course_code: GEOG 494B; course_name: Gis for Anthro & Geog
GEOL,100,Environmental Earth Science,"Introduction to geology for non-science majors with an emphasis on the interaction between the Earth and its human population. The focus is on the solid Earth, natural hazards, natural resources, and pollution. Note: Geology students with an interest in environmental geology are encouraged to take GEOL  300.",3,Geology,141565,"attributes: ['ALEX', 'DP', 'GCC', 'GN']; course_name: Environmental Earth Science; course_number: GEOL 100; suggested_alternative: GEOL 300"
GEOL,111,Understanding the Earth,"The study of the Earth, with emphasis placed on the materials, surface features, structures, various erosional and depositional processes, and the role of plate tectonics. Prepares students for further studies in geology.",3,Geology,141565,"attributes: ['DP', 'GN']; course_code: GEOL 111; course_title: Understanding the Earth"
GEOL,112,Hist of the Earth &amp; Its Life,"The evolution of the earth from the origin of the solar system to the present. Emphasis on plate tectonics, the history of life, and techniques used to reconstruct past events from geologic evidence.",3,Geology,141565,attributes: DB; prerequisites: GEOL  111 or consent
GEOL,170,Volcanoes and Earthquakes,"Systematic study of volcanic eruptions and damaging earthquakes. Applications of the scientific method to understanding their underlying causes. Case studies illustrate how catastrophic eruptions and earthquakes impact climate, the environment and society.",3,Geology,141565,"attributes: ['DP', 'GN', 'GQ']; course_name: Volcanoes and Earthquakes; course_number: GEOL 170"
GEOL,205,Geology Of Hawaiian Islands,"A survey of the geological phenomena particular to the Hawaiian Islands, including volcanism, rock and mineral occurrences, landform development, and water resources.",3,Geology,141565,"Attributes: ['DP', 'GAHP', 'GN', 'HPP']; Course: GEOL 205; CourseTitle: Geology Of Hawaiian Islands"
GEOL,300,Adv Environmental Earth Sci,"In-depth study of the interactions between the human population and our planet. Natural resources, pollution and natural hazards, current issues such as the food supply and the energy crisis. Community concerns such as waste, natural hazards and environmental legislation.",3,Geology,141565,"attributes: ALEX, DP, GCC, GN; prerequisites: upper division standing and GEOL  100 or GEOL  111 or GEOL  170 or GEOG  101 or ENSC  100 or MARE  201"
GEOL,342,Earth Surface Processes,Processes of landform development at large and small scales. Theoretical and applied aspects including human environment considerations.,3,Geology,141565,course_name: Earth Surface Processes; course_number: GEOL 342; cross_listing: GEOG 320; prerequisites: GEOG 101 or GEOL 111 or equivalent
GEOL,344,Coastal Geology,"Systematic study of coastal processes and the structure and morphology of the world's coastlines. Topics include tectonic, oceanographic, biologic and anthropogenic influences, hazards, and current issues. Required weekend field trips.",3,Geology,141565,"course_name: Coastal Geology; course_number: GEOL 344; prerequisite_exception: instructor's consent; prerequisites: ['GEOL 111', 'MARE 201', 'GEOG 101', 'ENSC 100']"
GEOL,352,Planets and Exoplanets,"Study of the geology and geophysics of Earth-like planets and satellites in the Solar System, with emphasis on understanding terrestrial geology in a broader, astronomical context and applications to exoplanet research. Study of the atmospheres of Solar System planets and satellites, and also the formation and evolution of the Solar System and extrasolar planetary systems.",3,Geology,141565,"course_name: Planets and Exoplanets; course_number: GEOL 352; cross_listing: ASTR 352; prerequisites: ['GEOL 111', 'ASTR 180', 'PHYS 151', 'PHYS 170']"
GEOL,360,Surface Water,"Introduction to surface hydrology. Topics include the hydrologic cycle, climate change, streamflow, flooding, drought, water quality, water supply, wetlands, lakes, measurement techniques, and quantitative analysis.",3,Geology,141565,course_name: Surface Water; course_number: GEOL 360; prerequisites: GEOL 111 or GEOG 101 or ENSC 100 and competence in algebra
GEOL,431,Geology Of North America,"Survey of the structure, stratigraphy, and tectonic evolution of the North American continent from Precambrian to recent.",3,Geology,141565,course_name: Geology Of North America; course_number: GEOL 431; prerequisites: GEOL 112 or instructor's consent
GEOL,432,Plate Tectonics,Theory and working principles of plate tectonics. Includes quantitative solutions of plate velocities and rotations on a sphere and reconstructions of past plate movements.,3,Geology,141565,course_name: Plate Tectonics; course_number: GEOL 432; prerequisites: GEOL 111
GEOL,460,Groundwater,"Introduction to groundwater hydrology. Topics include: aquifer properties, principles of groundwater flow, quantity and quality of groundwater resources, water chemistry, groundwater contamination and the role of groundwater in geologic processes. Quantitative focus.",3,Geology,141565,"course_name: Groundwater; course_number: GEOL 460; prerequisites: GEOL 111, 111L, prior course in chemistry at the high school or college level, and MATH 125 or 241 or instructor's consent"
GEOL,471,Volcano Monitoring,"Survey of deformation, seismological, geochemical, and field mapping methods of monitoring active volcanoes, and their use in forecasting eruptions. Emphasis on field applications.",3,Geology,141565,"course_number: GEOL 471; course_title: Volcano Monitoring; prerequisites: Previous college credit in geology, mathematics, and other physical sciences, or consent of the instructor"
GEOL,472,Volcano Seismology &amp; Geodesy,"Investigation of seismotectonic processes of active volcanoes including sources of earthquakes, volcanic tremor, seismic tomography, and seismic methods for volcanic monitoring. Geodetic Investigations of volcanic processes including both earth and space-based methods, data analysis and modeling.",3,Geology,141565,"additional_notes: Field trips are sometimes conducted outside of class hours; course_name: Volcano Seismology & Geodesy; course_number: GEOL 472; prerequisites: GEOL 111, 111L and MATH 125 or MATH 241 or consent of instructor"
GEOL,496,Tchg Assist &amp; Tutoring Geology,Please contact the department or division office for more information about this course.,1,Geology,141565,course_code: GEOL 496; course_name: Tchg Assist & Tutoring Geology
HAW,100,Hawn Language in Action,"A beginning immersion experience in Hawaiian focusing on the spoken use of the language. (A) usage referring to locations and relationships, (E) usage referring to processes and actors, (I) other.",2,Hawaiian Language,141565,attributes: GAHP; course_name: Hawn Language in Action; course_number: HAW 100; meeting_frequency: two times weekly; prerequisites: No prerequisites; repeat_condition: if subletters are different; repeatable: True
HAW,101,Elementary Hawaiian I,"Development of listening, speaking, reading and writing and analytical skills at the elementary level of auxiliary language. Taught within the context of the contemporary culture of the Hawaiian people.",4,Hawaiian Language,141565,"attributes: ['DH', 'GAHP', 'GH', 'GL', 'HPP']; course_id: HAW 101; course_name: Elementary Hawaiian I"
HAW,102,Elem Hawaiian II,Continuation of HAW 101.,4,Hawaiian Language,141565,"attributes: DH, GAHP, GH, GL, HPP; prerequisites: HAW  101 or placement exam"
HAW,201,Intermediate Hawaiian I,Continuation of HAW 102 or 105. A second year study of Hawaiian as an auxiliary language.,4,Hawaiian Language,141565,"attributes: DH, GAHP, GH, GL, HPP; prerequisites: HAW  102 or HAW  105 or placement exam"
HAW,202,Inter Hawaiian II,Continuation of HAW 201.,4,Hawaiian Language,141565,"attributes: DH, GAHP, GH, GL, HPP; prerequisites: HAW  201 or equivalent"
HIST,151,World History to 1500,A global and historical survey focusing on human societies and cross-cultural interactions to 1500 C.E.,3,History,141565,"attributes: ['FGA', 'GS', 'GW']; course_name: World History to 1500; course_number: HIST 151"
HIST,152,World History since 1500,A global and historical survey focusing on human societies and cross-cultural interactions since 1500 C.E.,3,History,141565,"attributes: ['FGB', 'GS', 'GW']; course_name: World History since 1500; course_number: HIST 152"
HIST,201,Pathways in History,"Students are introduced to the history major; requirements and expectations, academic connections, and pathways within the degree, mapping out their focus in the program to establish their own journey for success within the major.",1,History,141565,course_code: HIST 201; course_name: Pathways in History
HIST,280,Topics in Hawaiian History,"Through various topics this course offers a survey of the history of the Hawaiʻi, tracing the impact of major events and historical figures upon Hawaiian society while also considering Hawaiian responses to these changes.",3,History,141565,attributes: HPP; course_number: HIST 280; course_title: Topics in Hawaiian History; repeatability: May be repeated for credit once if topic changes
HIST,284,History of Hawaiʻi,A survey course in the history of the Hawaiian Islands from Polynesian origins to contemporary multi-cultural society. Traces the impact of major events and historical figures upon Hawaiian society and also considers the Hawaiian response to these changes.,3,History,141565,"attributes: ['DS', 'GAHP', 'HPP']; course_name: History of Hawaiʻi; course_number: HIST 284"
HIST,300,Historical Methods,"Methods of conducting historical research, including library, Internet, and archival research, in addition to an introduction to issues of professional historiography. Students will complete a wide variety of exercises designed to prepare them for historical work of the major.",3,History,141565,course_name: Historical Methods; course_number: HIST 300; prerequisites: sophomore standing or instructor's consent
HIST,301,Professional Practice,"Examination of academic careers, internships, and professional opportunities for History majors and minors. Topics covered include: building a CV, professionalism, ethics, internships, job market/interview process, and graduate school.",3,History,141565,course_name: Professional Practice; course_number: HIST 301; prerequisites: sophomore standing or instructor's consent
HIST,308,Asian American History,"This course surveys the histories of Asians in the United States from 1850 to the present. After briefly discussing the earliest Asians in America, the course examines the experiences of Chinese, Japanese, Korean, Southern Asian, Filipino, and Southeast Asian immigrants. Students will also use the Asian American perspectives to explore such topics as diaspora, migration, exclusion, assimilation, race, labor, war, nationalism, transnationalism, and so on.",3,History,141565,Course: HIST 308; Course Title: Asian American History
HIST,309,History of Asian Religions,"The historical development of Asian religious traditions from their origins to the present, with an emphasis on the major traditions of India, China, and Japan.",3,History,141565,attributes: GAHP; course_name: History of Asian Religions; course_number: HIST 309
HIST,310,Hist of Japan I: Early Japan,"Japanese history and culture from prehistory to the mid-seventeenth century. Topics include: origins of Japanese people and culture; the Imperial state; contacts with China and Korea; aristocratic culture, particularly the role of women; the samurai class and the Shogunates; Buddhism and Shinto; late medieval disorder and development; unification and pacification. (Same as JPST 310).",3,History,141565,attributes: GAHP; prerequisites: sophomore standing or instructor's consent
HIST,311,Hist Japan II: Tokugawa to Mej,"Japanese history and culture from the seventeenth through nineteenth centuries. Topics include: samurai and the class system, political change, economic growth and social tensions; urban and rural evolution; popular culture and literature; Japan's isolation and reopening; collapse of the Tokugawa system; the Meiji Restoration; dissolution of the samurai class; social reorganization and rapid modernization; the Meiji Constitution and new Imperial state. (Same as JPST 311).",3,History,141565,attributes: GAHP; prerequisites: sophomore standing or instructor's consent
HIST,312,Traditional China,"Chinese history and culture from prehistory through the Ming dynasty. Topics include: Chinese philosophy, culture, religion and literature; the Imperial State; family institutions; China's relationship with border societies; dynastic cycles and creative disorder; technology and economic change; education and the state examination system; Mongol invasion and empire; China's role in world trade.",3,History,141565,attributes: GAHP; prerequisites: sophomore standing or instructor's consent
HIST,313,Late Imperial China,"Chinese history and culture from the seventeenth century through the fall of the Qing in 1912. Topics include: fall of the Ming and establishment of the Qing Dynasty; Manchu-Han relations; economic growth and world trade; opium; international relations; reformers, reform movements and uprisings; adapting Western ideas and technology; collapse of the Qing.",3,History,141565,attributes: GAHP; prerequisites: sophomore standing or instructor's consent
HIST,314,Hist of Jpn III: 20th Cent-Pre,Japanese history and culture from 1890 to present.  Topics include: Meiji and 1947 constitutions; democracy and leadership; militarism and pacifism; evolving Imperial institution; economic growth and social change; tradition and modernity in Japanese culture; Japan's place in world systems and world culture.,3,History,141565,"attributes: ['DS', 'GAHP', 'HPP']; course_number: HIST 314; course_title: Hist of Jpn III: 20th Cent-Pre; equivalent_course: JPST 314"
HIST,316,19th C. Pacific,"This is a survey course in the history of Oceania, up to and including the 19th C. Topics include migration and settlement of the Pacific, development of complex societies of Oceania, encounters with Euro-Americans, cultural exchange, and colonization.",3,History,141565,"attributes: DS, GAHP, GS, HPP; prerequisites: Sophomore standing or instructor's consent"
HIST,317,20th C. Pacific,"This is a survey course in the history of Oceania, from 1900 to the present. Topics include: colonial exploitation, Pacific involvement in World War I and World War II, nuclear testing, decolonization efforts, cultural revitalization and the search for identity in the contemporary world.",3,History,141565,"attributes: DS, GAHP, GS, HPP; prerequisites: Sophomore standing or instructor's consent"
HIST,318,Modern China,"Chinese history and culture from 1900 to present. Topics include: Fall of the Qing dynasty; Republic of China; warlordism; imperialism and Chinese resistance; Civil War, Communist reunification of the mainland; People's Republic under Mao Zedong; post-Mao Chinese economic reforms and leadership; Nationalist Taiwan's economic growth and slow democratization; international relations including overseas Chinese.",3,History,141565,"attributes: DS, GAHP, HPP; prerequisites: sophomore standing or instructor's consent"
HIST,319,European Women's History,Study of European women from pre-history to the twentieth century with emphasis on women's social and cultural roles in western history. Current feminist theory is also studied.,3,History,141565,Cross-listing: WS 319; Prerequisites: sophomore standing or instructor's consent
HIST,321,Hist of Australia &amp; N Zealand,"Both Australia and New Zealand are part of the broader Pacific region, had colonies in the Pacific and continue to have significant influence in the islands. This course examines the origin and nature of their indigenous populations, the evolving nature of their settler communities with Great Britain in the nineteenth century and their development as independent nations in the twentieth century. Offered in Spring Semester only.",3,History,141565,attributes: GAHP; prerequisites: sophomore standing or instructor's consent
HIST,322,The Bible and History,Selected books of the Old and New Testaments with reference to their historical and cultural background.,3,History,141565,Course Number: HIST 322; Course Title: The Bible and History; Prerequisites: sophomore standing or instructor's consent
HIST,323,Ancient Greece,"Political, social, and cultural history of ancient Greece from the Minoan to Hellenistic periods.",3,History,141565,course_id: HIST 323; course_name: Ancient Greece
HIST,324,Militarization in the Pacific,"This course examines the role of militarization in the Pacific Islands and the Pacific Rim from the late 18th century to present day. Diligent attention will be paid to WWII in the Pacific, but the course will also consider social, political, and military history in Oceania as an extension of colonialism, as well as the subsequent reactions to that militarization.",3,History,141565,"attributes: DS, GAHP, HPP; prerequisites: sophomore standing or instructor's consent"
HIST,327,Environmental History--Pacific,"This course in Pacific Islands history analyzes how changes in the environment affected the daily lives of the people of/in Oceania, and how the actions of the people of/in Oceania affected environmental changes, with an emphasis on 19th and 20th century history.",3,History,141565,"attributes: DS, GAHP, HPP; prerequisites: sophomore standing or instructor's consent"
HIST,332,Hawaiian Kingdom,"History of Hawaiʻi from early migrations and settlement to the 1890's with emphasis on political and social history; formation of the Kingdom of Hawaiʻi, changes in land tenure, disease and depopulation issues, the 1893 overthrow of the monarchy, and annexation.",3,History,141565,"attributes: ['DS', 'GAHP', 'HPP']; course_name: Hawaiian Kingdom; course_number: HIST 332"
HIST,333,Twentieth Century Hawaiʻi,"History of Hawaiʻi since the overthrow of the monarchy in 1893, covering the Republic of Hawaiʻi and the period under United States control - immigration, World War II, the labor movement and the red scare, Hawaiian renaissance and the sovereignty movement.",3,History,141565,attributes: GAHP; prerequisites: sophomore standing or instructor's consent
HIST,336,Epidemics in Hawaiʻi,"With a focus on the nineteenth century, this course considers the role of health, disease and medicine in Hawaiʻi from the pre-kingdom era to contemporary times by bringing together the approaches of history and medical anthropology, with the understandings of (bio)medicine. Perceptions of health, the role of medicine, and the impact of epidemic diseases on Hawaiʻi’s cultural, social and political history from both Native Hawaiian and Western perspectives are examined.",3,History,141565,attributes: GAHP; course_number: HIST 336; course_title: Epidemics in Hawaiʻi
HIST,339,Athletics &amp; Health in Hawaiʻi,"This survey course examines the role of fitness/athletics and health-related activities in Hawaiian lifestyles, prior to foreign arrivals through to the late 20th century. The course also examines the consequences of political, economic, and cultural change on Native Hawaiian health-related activities and practices.",3,History,141565,course_name: Athletics & Health in Hawaiʻi; course_number: HIST 339; cross_listing: KES 339
HIST,340,History of Religion in America,A historical and thematic study of the growth of religion in America from the seventeenth century to the present.,3,History,141565,Course Number: HIST 340; Course Title: History of Religion in America; Prerequisites: sophomore standing or instructor's consent
HIST,341,Ancient Rome,"Political, cultural, and social history of ancient Rome from the Etruscans to 476 C. E.",3,History,141565,Course Name: Ancient Rome; Course Number: HIST 341; Prerequisites: sophomore standing or instructor's consent
HIST,352,History of Britain to 1776,"Political, social and cultural history of Britain from its origins in prehistory and Roman Britannia to the year 1776.",3,History,141565,course_id: HIST 352; course_name: History of Britain to 1776
HIST,353,English History &amp; Shakespeare,"This course explores the relationship between the events of fourteenth, fifteenth, and sixteenth century English history and Shakespeare's history plays.",3,History,141565,Prerequisites: sophomore standing or instructor's consent
HIST,354,Intro to Islamic History,A history of the growth and development of Islam from the time of Muhammad to the present. Special attention is given to the relationship of Islam to the history and religious traditions of Europe.,3,History,141565,course_name: Intro to Islamic History; course_number: HIST 354; prerequisites: sophomore standing or instructor's consent
HIST,356,Medieval Europe,"A survey of the social, intellectual, cultural, and political development of Europe from the fall of the Roman Empire to the late seventeenth century. Topics covered include feudalism, religion, the crusades, trade, epidemic disease, warfare, the Renaissance, Reformation, and the Scientific Revolution.",3,History,141565,course_name: Medieval Europe; course_number: HIST 356; prerequisites: sophomore standing or instructor's consent
HIST,357,Renaissance &amp; Reformation,"Political, social, intellectual, religious, and artistic development of the Renaissance and the Protestant and Catholic Reformations.",3,History,141565,course_name: Renaissance & Reformation; course_number: HIST 357; prerequisites: sophomore standing or instructor's consent
HIST,358,Women in Christianity,"Examines issues relating to sex and gender throughout the history of Christianity. Emphasizing primary texts, the course will explore writings by Christian women and Christian writings about women.",3,History,141565,course_name: Women in Christianity; course_number: HIST 358; cross_listing: WS 358; prerequisites: sophomore standing or instructor's consent
HIST,359,Christianity &amp; Western Traditn,An introduction to the history and spirituality of Christianity and its relationship to “The Western Tradition” from its origins to the present.,3,History,141565,Prerequisites: sophomore standing or instructor's consent
HIST,360,American Women's History,Study of American women from the seventeenth to the twentieth centuries. Special emphasis will be on women's social and cultural roles. Current feminist theory is also studied.,3,History,141565,cross_listing: WS 360; prerequisites: sophomore standing or instructor's consent
HIST,361,History of Sport,A history of sport from the ancient world to the present. Special attention to the history of sport in Europe and the Americas,3,History,141565,course_name: History of Sport; course_number: HIST 361; cross_listing: KES 361
HIST,365,War &amp; Empire in 18th Cent Eur,"A survey of the social, intellectual, cultural, and political development of Europe from the War of the Spanish Succession to the advent of the Napoleonic era. Topics covered include absolutism, Enlightenment, mercantilism, military conflict, and revolution.",3,History,141565,course_number: HIST 365; course_title: War & Empire in 18th Cent Eur; prerequisites: Sophomore standing or instructor's consent
HIST,375,Europe in The 19th Century,"A survey of the social, intellectual, cultural, and political development of Europe from the Napoleonic era to the outbreak of the First World War. Topics covered include industrialization nationalism, socialism, liberalism, imperialism, warfare, and revolution.",3,History,141565,course_number: HIST 375; course_title: Europe in The 19th Century; prerequisites: sophomore standing or instructor's consent
HIST,380,United States: 1620-1789,"The political, social, and intellectual history of North America from the time of European contact until 1789. Topics include: Native American settlement and polity; European settlement; colonial America; causes and course of the American revolution; development of republican government; constitutional convention; ratification of the federal Constitution.",3,History,141565,course_number: HIST 380; course_title: United States: 1620-1789; prerequisites: sophomore standing or instructor's consent
HIST,381,United States: 1790-1865,"The political, social, and intellectual history of the United States from the Early National Period through the Civil War.  Topics include: Marshall Court, market revolution and early industrialization, immigration, Jacksonian democracy, social reform movements, sectionalism, Mexican War, Civil War, emancipation.",3,History,141565,course_name: United States: 1790-1865; course_number: HIST 381; prerequisites: sophomore standing or instructor's consent
HIST,382,United States: 1866-1929,"The political, social and intellectual history of the United States from Reconstruction through the Stock Market Crash of 1929.  Topics include: key Supreme Court issues, Reconstruction, industrialization, immigration, racial tension, US imperialism, Progressivism, World War I, economic change.",3,History,141565,Course Number: HIST 382; Course Title: United States: 1866-1929; Prerequisites: sophomore standing or instructor's consent
HIST,383,United States: 1930 - 1980,"The political, social and intellectual history of the United States from the Great Depression through the Carter Presidency.  Topics include:  FDR's New Deal, World War II, Civil Rights Movement, Cold War, Kennedy's New Frontier, US involvement in Vietnam, the Watergate Crisis.",3,History,141565,Prerequisites: sophomore standing or instructor's consent
HIST,385,Europe in Era Of World War I,"A survey of the social, intellectual, cultural, and political development of Europe from the late nineteenth century to the interwar period. Topics covered include nationalism, imperialism, art, trade, culture and warfare. Special emphasis on World War I and its effect upon modern European development.",3,History,141565,course_number: HIST 385; course_title: Europe in Era Of World War I; prerequisites: sophomore standing or instructor's consent
HIST,386,Pre 20th Century US History,An examination of pre 20th Century US history focusing on primary sources and the public spaces that interpret the evolving ideals of American styled freedom.,3,History,141565,Prerequisites: Instructor's consent only
HIST,389,Oral History Methods,"This course emphasizes the theories, methods, and debates surrounding oral history. Students will become familiar with the practical aspects of oral history and develop an appreciation for the tools available to historians and other scholars, as well as the necessary skills to begin an oral history project.",3,History,141565,course_name: Oral History Methods; course_number: HIST 389; prerequisites: One 300-level history course
HIST,390,Public History in Hawaiʻi,"Within the context of the history of Hawaiʻi, this course examines the role of the historian in representing the historical narrative to the general public. Through exposure to the scholarship, issues, and debates surrounding public history we explore this new and developing field. Along with field-trips to various sites on our island, this course also includes a significant service- learning component.",3,History,141565,"attributes: GAHP, GCC, HPP; prerequisites: HIST  284 or instructor's consent"
HIST,392,Japanese Women,"History of women in Japan from the earliest historical eras, including the Heian aristocracy and evolving samurai culture, through the present. Topics include: property rights, family structures, the influence of religion and secular philosophies, effects of political and legal changes, women's role in the economy and its effect on their status and lives, and women's activism. (Same as WS 392).",3,History,141565,attributes: GAHP; prerequisites: sophomore standing or instructor's consent
HIST,393,Hist Preservation &amp; Archives,"Introduction to and survey of historic preservation and archives. Topics covered include: preservation movement, legality, properties, sustainability, and planning. Additionally topics of archival theory, organization, and management will be covered.",3,History,141565,course_name: Hist Preservation & Archives; course_number: HIST 393; prerequisites: HIST 390 or instructor's consent
HIST,395,Europe in Era Of World War II,"A survey of the social, intellectual, cultural and political development of Europe from the interwar period through the cold Ware.  Topics covered include: the Depression, Fascism, Totalitarianism, the Holocaust, the Cold War, and decolonization.  Special emphasis on World War II and its effect upon modern European development.",3,History,141565,course_number: HIST 395; course_title: Europe in Era Of World War II; prerequisites: sophomore standing or instructor's consent
HIST,403,Hawaiian Historiography,"How have events in Hawaiʻi’s past been remembered, recorded, documented, analyzed, and understood? By examining many of the major works in Hawaiian history this course explores significant trends in the re-constructions of Hawaiʻi’s past with an emphasis on content, context, and analysis.",3,History,141565,Prerequisites: HIST 332 or HIST 333 or instructor's consent
HIST,415,Senior Seminar Pacific Studies,"A reading and research seminar under the supervision of the Pacific Island Studies faculty aimed at demonstrating competence in research and writing on issues related to Pacific Island environments, culture, society, and economy. (Same as ANTH 435 and GEOG 435).",3,History,141565,attributes: HPP; prerequisites: instructor's consent for students near completion of Pacific Islands Studies Certificate coursework
HIST,420,Mao,"An in-depth investigation into the life, career and legacy of Mao Zedong, China's dominant twentieth century figure. Competing political and historical interpretations will be examined using biography, primary sources in translation and secondary scholarship. Fall semester only.",3,History,141565,attributes: GAHP; prerequisites: junior standing and previous coursework on Asian history or instructor's consent
HIST,421,East Asia and the Pacific Rim,"The course will examine what went on in East Asia since the 19th century, but will spend more time exploring the powerful impact that East Asia's interactions along the Pacific Rim, especially with the United States, on its historical path. The course will pay much attention to United States, China and Japan, the world's first, second, and third largest economies that will shape the world in the years ahead.",3,History,141565,Course: HIST 421; Title: East Asia and the Pacific Rim
HIST,422,East Asia and the Cold War,"This course, focusing mainly on China and Japan, aims at giving the students an understanding of the Cold War dynamics in East Asia by exploring the regional origins of the historical event and how the East Asian actors redefined their places in the world in the context of the collapse of European/Japanese colonial empires and the rise of the two contending superpowers. The course will highlight that the position of East Asia in the Cold War was not peripheral but central in many key respects.",3,History,141565,course_number: HIST 422; course_title: East Asia and the Cold War
HIST,425,History Of Russia To 1700,"Development of Russian thought, institutions, society, and culture. Warfare, dynastic consolidation, and territorial expansion to 1700.",3,History,141565,"course_number: HIST 425; course_title: History Of Russia To 1700; prerequisites: one 300-level European survey course, or instructor's consent"
HIST,427,Environmental History--Pacific,"This course in Pacific Islands history analyzes how changes in the environment affected the daily lives of the people of/in Oceania, and how the actions of the people of/in Oceania affected environmental changes, with an emphasis on 19th and 20th century history. This course is Dual Listed with CBES 627. (Previously offered as HIST 327).",3,History,141565,"attributes: DS, HPP; prerequisites: Junior standing or Instructor's consent"
HIST,435,Russia Since Peter The Great,"The development of Russian thought, society, government and institutions from 1700 to the Second World War. Special emphasis on Russian westernization and reform as they were encouraged or abandoned during the reigns of Russian leaders from Peter the Great through Stalin.",3,History,141565,attributes: HPP; prerequisites: one 300-level European survey course or instructor's consent
HIST,445,European Imperialism,"The origins and development of European imperialism and its political, social, and environmental impact on the world. Special emphasis on the period from 1850 to the First World War.",3,History,141565,course_name: European Imperialism; course_number: HIST 445; prerequisites: one 300-level European survey course or instructor's consent
HIST,448,Hawaiʻi Island to 1850,"This course offers a combination of place-based learning and research, through moʻolelo &amp; kaʻao; developing connections to place; community outreach and leadership to youth; service-learning and more; all within the context of Hawaiʻi Island history to 1850. This course is Dual Listed with CBES 648.",3,History,141565,"attributes: GCC, HPP; prerequisites: HIST  332 or HIST  333 or instructor's consent"
HIST,449,Hawaiʻi Island since 1850,"This course offers a combination of place-based learning and research, through moʻolelo, 19th and 20th century histories; developing connections to place; community outreach and leadership to youth; service-learning and more; all within the context of Hawaiʻi Island history since 1850. This course is Dual Listed with CBES 649.",3,History,141565,"attributes: GCC, HPP; prerequisites: HIST  332 or HIST  333 or instructor's consent"
HIST,455,Euro Intellect Hist Snce 1789,"Intellectual and cultural development of Europe since 1789. Ideas in the arts, philosophy, science, literature, and politics as they have affected Europe.",3,History,141565,Prerequisites: one 300-level European survey course or instructor's consent
HIST,459,Germany Snce Frederick The Grt,"Development of Germany since 1740 in political, social, and economic fields. Special emphasis on the growth of the Prussian state, German unification, the two World Wars and the rise of totalitarianism.",3,History,141565,course_number: HIST 459; course_title: Germany Snce Frederick The Grt; prerequisites: one 300-level European survey course or instructor's consent
HIST,470,US in the World 1865-2003,"U. S. expansion, imperialism, diplomacy and foreign relations from 1865.",3,History,141565,prerequisites: one 300-level U. S. survey course or instructor's consent
HIST,471,US Constitutional History,"U. S. Constitutional History including discussions of constitutional development, state sovereignty, civil liberties, freedom of contract, affirmative action, and the modern presidency.",3,History,141565,Prerequisites: one 300-level U. S. history survey course or instructor's consent.
HIST,481,Land &amp; Sovereignty in Pacific,"Land is fundamental to traditional Pacific Island societies.  Colonial rule meant a loss of both political sovereignty and, in many cases, significant amounts of land through private alienation and government acquisition. Using case studies, this course will investigate the historical relationship between land and sovereignty as Pacific people have sought to regain and maintain their independence.",3,History,141565,attributes: GAHP; course_code: HIST 481; course_name: Land & Sovereignty in Pacific
HIST,486,Women in Ancient European Civi,"Study of European women up to the year 800, with primary focus on the Mediterranean Basin. Themes encompass religion, social customs and economic activities.",3,History,141565,"Crosslisted: WS 486; Prerequisites: one of the following courses: HIST 319, 323, 341, 356, 360, or instructor's consent"
HIST,490,Historiography &amp; Resrch Mthds,"Course on historiography and research methods in history, results in first half of senior thesis in student's area of emphasis.",3,History,141565,"Course Number: HIST 490; Course Title: Historiography & Research Mthds; Prerequisites: senior standing and HIST 300, or instructor's consent; Required for: history majors; Sequencing: HIST 490 must be taken before HIST 491"
HIST,491,Senior Thesis,Course focuses on drafting and revision of Senior Thesis on a topic in the student's area of emphasis. Presentation at History Symposium required.,3,History,141565,course_name: Senior Thesis; course_number: HIST 491; prerequisites: HIST 490; requirements: required of all history majors; restrictions: Cannot be taken concurrently with HIST 490
HON,100,Opening Colloquium,"An intensive course in reading, writing, and thinking about major issues with emphasis placed upon interdisciplinary approaches. Students introduced to a representative group of faculty. The colloquium uses a seminar format and will encourage the development of a community of scholars.",3,Honors,141565,Prerequisites: Honors student or consent of instructor
HWST,107,Hawaiʻi: Center of the Pacific,"An introduction to the unique aspects of the native point of view In Hawaiʻi and the larger Pacific with regards to origins, language, religion, land, art, history and modern issues.",3,Hawaiian Studies,141565,Course: HWST 107; Course Title: Hawaiʻi: Center of the Pacific
HWST,111,Hawaiian ʻOhana,The culture of the Hawaiian people as expressed in the home and family.  The position of the family as the basis of the larger Hawaiian society and culture.  Both ancient and modern aspects covered; extensive use of Hawaiian terminology.,3,Hawaiian Studies,141565,"Attributes: ['DS', 'GAHP', 'GS', 'HPP']; Course: HWST 111; Course Title: Hawaiian ʻOhana"
HWST,125,Hawaiʻi Sustainable Dev Goals I,"Introduces the way in which we are confronted by challenges of sustainability, both in Hawaiʻi and all around the world. The U.N. Sustainable Development Goals (SDGs 3, 8, 11, 12, 9, 4, 5, 17) provides the framework to examine the broad spectrum of social, environmental, and economic concerns that all nations must confront in the face of issues such as climate change, hunger, and poverty. Special attention will be paid to these shared global challenges’ local impacts and the need for sensitivity and adaptation to local contexts in order to tackle them.",3,Hawaiian Studies,141565,"attributes: ['DH', 'HPP']; course_name: Hawaiʻi Sustainable Dev Goals I; course_number: HWST 125"
HWST,126,HI Sustainable Dev Goals II,"Introduces the way in which we are confronted by challenges of sustainability, both in Hawaiʻi and all around the world. The U.N. Sustainable Development Goals (SDGs 1, 2, 6, 14, 7, 13, 10, 15, 16) provides the framework to examine the broad spectrum of social, environmental, and economic concerns that all nations must confront in the face of issues such as climate change, hunger, and poverty. Special attention will be paid to these shared global challenges’ local impacts and the need for sensitivity and adaptation to local contexts in order to tackle them.",3,Hawaiian Studies,141565,"attributes: ['DH', 'HPP']; course_id: HWST 126; course_name: HI Sustainable Dev Goals II"
HWST,175,Intro Music Of Polynesia,"A general survey of the indigenous and acculturated music of eight major Polynesian island groups:  Tonga, Samoa, New Zealand, Cook Islands, Society Islands, Marquesas Islands, Easter Island and Hawaiʻi.  Music is viewed as both an organization of sound and as a product of culture and people.",3,Hawaiian Studies,141565,"attributes: ['DH', 'GAHP', 'GH', 'HPP']; course_number: HWST 175; course_title: Intro Music Of Polynesia; cross_listing: MUS 175"
HWST,176,Hist &amp; Dev Of Hawn Music,A general survey of the interrelationships of indigenous and acculturated Hawaiian music.  Vocal music genres to be discussed include: chant; Christian hymn singing; secular choral singing; male and female falsetto singing; Chalangalang; Hapa Haole; and contemporary.  Instrumental music genres include: Pre-European instrumental styles; slack key guitar; ʻukulele; and steel guitar.,3,Hawaiian Studies,141565,"attributes: ['DH', 'GAHP', 'GH', 'HPP']; course_name: Hist & Dev Of Hawn Music; course_number: HWST 176; equivalent_course: MUS 176"
HWST,181,Indig Leadership thru Hula I,"Positions hula, folk dance of Hawaiʻi, as vibrant cultural- academic platform to investigate, develop, exercise, and assess traditional components of indigenous leadership in a 21st century indigenous world context. A whole body hula experience that relies on multiple intelligence and interdisciplinary approaches to build awareness and actions in indigenous leadership for personal, familial, and community well-being. Community performance of learning is integral.",3,Hawaiian Studies,141565,additional_info: No previous experience in hula and Hawaiian language required. (A) Hāʻulelau (E) Kupulau. May be repeated for credit if subletters are different.; course_name: Indig Leadership thru Hula I; course_number: HWST 181
HWST,182,Indig Leadership thru Hula II,"Positions the hoʻopaʻa of hula, instrumentalist of folk dance of Hawaiʻi, as vibrant cultural-academic platform to investigate, develop, exercise, and assess traditional components of indigenous leadership in a 21st century indigenous world context. A whole body hula experience that relies on multiple intelligence and interdisciplinary approaches to build awareness and actions in indigenous leadership for personal, familial, and community well- being. Community performance of learning is integral. No previous experience in hula and Hawaiian language required.",3,Hawaiian Studies,141565,"course_number: HWST 182; course_title: Indig Leadership thru Hula II; prequisites: Completion of both HWST  181A and HWST  181E; or instructor's approval; repeatability: May be repeated for credit if subletters are different; semesters: ['Hāʻulelau', 'Kupulau']"
HWST,205,Hawaiian Music in Action,"Learning Hawaiian songs as a means of strengthening knowledge of language, poetry and culture. A) mele ʻaina, E) mele pili kanaka, I) other. May be repeated for credit if subletters are different. Conducted in Hawaiian.",2,Hawaiian Studies,141565,attributes: GAHP; prerequisites: KHAW  104 or KHAW  133 or higher or instructors consent
HWST,211,Hawaiian Ethnobotany,"Hawaiian herbs and plants: their identification, their place in the heritage of the Hawaiian people, their medicinal properties, and other practical uses; extensive use of Hawaiian terminology.",3,Hawaiian Studies,141565,"Attributes: ['DH', 'GAHP', 'GH', 'HPP']; Course: HWST 211; Course Title: Hawaiian Ethnobotany"
HWST,213,Hawaiian Ethnozoology,"Hawaiian fishes, birds, and other creatures: their identification, their place in the heritage of the Hawaiian people, methods of capture, their practical uses; extensive use of Hawaiian terminology.",3,Hawaiian Studies,141565,"attributes: ['DH', 'GAHP', 'GH', 'HPP']; course_name: Hawaiian Ethnozoology; course_number: HWST 213"
IS,110,Exploring the Health Sciences,"The purpose of Exploring the Health Sciences is to introduce students to the diverse health science programs that UH Hilo has to offer. This course also helps students plan out their educational requirements while at UH Hilo, as well as prepare them for applying to UH Hilo’s BSN program, graduate school, and/or careers in the health field.",1,Interdisciplinary Studies,141565,course_name: Exploring the Health Sciences; course_number: IS 110
IS,150,Kuleana &amp; Community,"An entry-level course preparing students for success at UH Hilo while encouraging connections to our island communities. Through the learning of place names, stories, cultural significance, and mālama ʻāina activities, this course introduces students to our island environment and its histories.",3,Interdisciplinary Studies,141565,"Attributes: ['GCC', 'HPP']; Course: IS 150; Course Title: Kuleana & Community; Level: entry-level"
IS,201,Pre-Pharmacy Orientation,"This course is a requisite for the Pre-Pharmacy Program at UH Hilo. It will familiarize the student with the academic requirements of the Pre-Pharmacy Program and the Doctorate of Pharmacy degree. Individual lectures will cover the clinical, technical and ethical responsibilities of a Pharmacist in the 21st century, and allow students to become familiar with job opportunities for pharmacists. This course will provide interactions with local pharmacists and doctoral pharmacy students through mentor partnerships.",2,Interdisciplinary Studies,141565,course_number: IS 201; course_title: Pre-Pharmacy Orientation; grading_basis: CR/NC; prerequisite: Requisite for the Pre-Pharmacy Program at UH Hilo
IS,390,Pre-departure Orientation,"Course provides an overview of logistics, introduction to the basic political, economic, and social conditions of the host country and region, and intercultural preparation for students who will be participating in an approved UH Hilo study abroad program.",1,Interdisciplinary Studies,141565,course_name: Pre-departure Orientation; course_number: IS 390; grading_mode: CR/NC; prerequisites: Instructor Consent; repeatability: repeatable one time for a maximum of two credits
IS,391,Change Through Exchange,"Course provides students currently studying abroad with an opportunity to engage with their cohort online to facilitate their culture and communication learning, while providing a chance for them to reflect on their experiences abroad as they are occurring.",1,Interdisciplinary Studies,141565,course_number: IS 391; course_title: Change Through Exchange; grading_basis: CR/NC; prerequisites: IS 390 or Instructor Consent; repeatability: one time for a maximum of two credits
IS,480,Research Foundation and Ethics,"Overview of scientific research that will set a strong foundation for SHARP students scholarly and scientific research endeavors, and delve into some critical issues in research practices and ethics. Basic knowledge of the history of scientific research will be examined from a cross-cultural perspective. This course is intended for students in the SHARP program.",1,Interdisciplinary Studies,141565,course_name: Research Foundation and Ethics; course_number: IS 480; prerequisites: Instructor's Consent
IS,481,SHARP Research Seminar,"Continuing exploration of research and research ethics, while weaving in practical tools for your development toward the Ph.D. and further professionalization in your field. This course is intended for students in the SHARP program.",1,Interdisciplinary Studies,141565,Prerequisites: Instructor's Consent
JPNS,101S,"Elementary Japanese I, Special","Specially designed for students with some language background of Japanese. Same material as JPNS 101 more quickly covered. Development of four skills - speaking, listening, reading and writing - and an adequate entry-level knowledge of Japanese. A variety of classroom activities such as dialogue role-play, presentations, grammar exercises and individualized laboratory work. After reviewing Hirangana and Katakana, the course focuses on strengthening the skill of reading and writing Kanji characters at the beginning level. (Same as JPST 101S).",3,Japanese,141565,"attributes: DH, GAHP, GL; prerequisites: Department Approval"
JPNS,102S,Elementary Japanese II Special,"Japanese 102S, a continuation of 101S (for students with some language background of Japanese), covers the same material as JPNS 102 more quickly. 102S is one of the language core courses required for non-native speakers of Japanese majoring in Japanese Studies. The course is designed to provide students with instruction on elementary level spoken and written Japanese. (Same as JPST 102S).",3,Japanese,141565,"attributes: DH, GL; prerequisites: JPNS  101S or Instructor's approval"
JPNS,107,Accelerated Element Japanese,"Contents of JPNS  101-102 covered in one semester. Development of four skills - speaking, listening, reading and writing - and an adequate knowledge at the beginning level of Japanese language. A variety of classroom activities, such as dialogue role-play, individual and group presentations, grammar exercises, individualized laboratory work, and reading/writing practice in the basic scripts (Hiragana, Katakana and Kanji Characters).",8,Japanese,141565,"attributes: ['DH', 'GAHP', 'GH', 'GL']; class_hours: two hours daily, Monday through Friday; course_name: Accelerated Element Japanese; course_number: JPNS 107; equivalent_course: JPST 107; lab_requirement: Language laboratory required"
JPNS,280,Introduction to Japan,"A general introduction to Japan, past and present. The course examines the socio-historical and cultural development of Japan and the Japanese diaspora in the local and global community using a multidisciplinary approach.",3,Japanese,141565,"attributes: ['DH', 'HPP']; course_name: Introduction to Japan; course_number: JPNS 280"
JPNS,301,Third-Year Japanese I,"Study of modern spoken and written Japanese involving advanced structures, expressions, and kanji. (Same as JPST 301).",3,Japanese,141565,"attributes: DH, GAHP, GH, GL, HPP; prerequisites: JPNS  202 or equivalent"
JPNS,302,Third-Year Japanese II,"Study of modern spoken and written Japanese involving advanced structures, expressions, and kanji. (Same as JPST 302).",3,Japanese,141565,"attributes: DH, GAHP, GH, GL, HPP; prerequisites: JPNS  301 or equivalent"
JPNS,340,Japanese Composition,"Writing compositions employing designated patterns, kanji, and themes. (Same as JPST 340).",3,Japanese,141565,"attributes: DA, GAHP; prerequisites: JPNS  202 or equivalent"
JPNS,345,Methods for Teaching Japanese,Japanese language teaching and learning from the perspectives of theory and practice. The application of modern applied linguistics and methodologies to specific problems confronting the Japanese language teacher and other foreign language teachers. (Same as JPST 345).,3,Japanese,141565,"attributes: DS, GAHP; prerequisites: JPNS  202"
JPNS,359,Japanese in Hawaiʻi,An examination of the process by which second generation Japanese people in Hawaiʻi become bilingual and bicultural. Historical and Linguistic contexts for becoming bilingual and bicultural are presented.  Topics include Japanese culture and the role of first generation immigrants in Hawaiʻi.,3,Japanese,141565,"attributes: ['DH', 'GAHP', 'GCC']; course_name: Japanese in Hawaiʻi; course_number: JPNS 359; equivalent_course: JPST 359"
JPNS,361,Girls and Women in Japan,A survey of the life of Japanese girls and women focusing on Japan's changing aspects from the ancient to the contemporary periods. The course questions the current prevalent image of the subservient Japanese woman and articulates the role of Japanese girls and women in Japanese society.,3,Japanese,141565,"attributes: ['DH', 'GH', 'HPP']; course_number: JPNS 361; course_title: Girls and Women in Japan; crosslistings: ['JPNS 361', 'WS 361']"
JPNS,365,Japanese Lit in English,Survey of major works from earliest times to the present. Knowledge of Japanese is not required.,3,Japanese,141565,"attributes: ['DL', 'GAHP', 'GH', 'GL', 'HPP']; course_number: JPNS 365; course_title: Japanese Lit in English; crosslistings: ['JPST 365', 'ENG 365']"
JPNS,370,"Lang, Cul &amp; Identity of Japan","Relationship of Japanese language to social structure, interpersonal relationships, and way of thinking. Application of general linguistics to social phenomena such as dialects, identity, bilingualism, acculturation. (Same as JPST 370).",3,Japanese,141565,"attributes: DH, HPP; prerequisites: JPNS  101 or consent of instructor"
JPNS,373,Performance Across Cultures,"This course explores the cultural expressions and traditions through the performance traditions from Asia, Africa, Europe and the Americas, using the transhistorical approach. Under the themes of the body and culture, ritual, performing, cultural literacy and tourism and globalization, the course introduces students to the performance forms across cultures.",3,Japanese,141565,"attributes: ['DS', 'FGC', 'GCC']; course_number: JPNS 373; course_title: Performance Across Cultures; cross_listings: ['ANTH 373', 'JPST 373', 'WS 373']"
JPNS,380,Japanese Mythology in Film,"Interdisciplinary approaches to the study of Japanese myths and legends through contemporary films; mythological contexts related to Taoism, Buddhism, Shintoism as well as superstitions and legends are examined in relation with selected films from Japan.",3,Japanese,141565,"attributes: ['DH', 'GAHP', 'HPP']; course_name: Japanese Mythology in Film; course_number: JPNS 380; cross_listing: JPST 380"
JPNS,382,Gender &amp; Disability in Manga,"Examination of gender and disability issues using several Japanese comic stories, or manga, which have been translated into English. Analysis of the selected comic stories is based on a trove of scholarly writings about historical as well as contemporary issues concerning gender nonconforming individuals and people with disabilities as marginalized groups in Japanese society. Discussion topics include the influences of manga on the awareness of both the transgender community and differently-abled people in Japan as well as manga’s contribution to the destigmatization of these minorities from the 1960s to the present. Class work does not require the ability to read original Japanese texts.",3,Japanese,141565,"attributes: ['DH', 'GAHP', 'GH', 'HPP']; course_number: JPNS 382; course_title: Gender & Disability in Manga; equivalent_course: JPST 382"
JPNS,383,Japanese Theatre &amp; Performance,"This course introduces the performance traditions in Japan, ranging from rituals to dance and theatre-traditional art forms such as noh/kyogen, kabuki, bunraku, to modern theatre. Students examine the Japanese art forms from the anthropological and sociological perspectives.",3,Japanese,141565,"attributes: ['DH', 'GAHP', 'GH', 'HPP']; course_number: JPNS 383; course_title: Japanese Theatre & Performance; cross_listing: JPNS/JPST 383"
JPNS,384,Gender &amp; Japanese Performance,"This course views how gender is represented in Japanese performance from rituals to dance, music, theatre and everyday performance. Through readings and visual materials, students observe the historical development of Japanese theatre and performance and examine relationship between gender, sexuality and the Japanese cultural forms from the performance studies as well as gender and feminism studies perspectives.",3,Japanese,141565,"attributes: ['DH', 'HPP']; course_number: JPNS 384; course_title: Gender & Japanese Performance; cross_listing: JPST/WS 384"
JPNS,385,Postwar Japn through Film,"This course introduces students to Japanese society and culture with emphasis on 1945 to the present, as reflected in film and literature. Students learn about essential issues of Japanese postwar society, including class, family, gender, work, education, and minorities, and examine the change and development of Japanese society after World War II, paying attention to the struggles between traditional cultural values and Americanization/modernization of society. (Same as JPST 385 and WS 362).",3,Japanese,141565,"attributes: DH, DS, GAHP, GH, HPP; prerequisites: ENG  100, 100T, ESL  100, or ESL  100T"
JPNS,401,Fourth-Yr Japanese I,"Study of modern spoken and written Japanese involving advanced structures, expressions and additional kanji. (Same as JPST 401).",3,Japanese,141565,attributes: GAHP; prerequisites: JPNS  302 or equivalent
JPNS,402,Fourth-Year Japanese II,This is an advanced course in conversation and composition covering cultural topics. It develops listening and speaking skills to communicate orally in authentic Japanese and expands spoken and written vocabulary knowledge. Students will practice presenting their ideas in speech and composition effectively. (Same as JPST 402).,3,Japanese,141565,attributes: GAHP; prerequisites: JPNS  302 or instructor's consent
JPNS,425,Translation Workshop,"Theory and practice of translation of Japanese materials into English. Emphasis on literary translation, but non-literary texts may also be considered. May be repeated once for credit. (Same as JPST 425).",3,Japanese,141565,"attributes: DL, GAHP, GL; prerequisites: JPNS  302 or consent of instructor"
JPNS,451,Structure Of Japanese I,"Phonology, morphology, syntax of modern colloquial grammar. (Same as LING 451, JPST 451).",3,Japanese,141565,"attributes: DH, GAHP, GH, HPP; prerequisites: LING  102 and JPNS  202, or instructor's consent"
JPNS,452,Structure Of Japanese II,"Phonology, morphology, syntax of modern colloquial grammar. (Same as LING 452, JPST 452).",3,Japanese,141565,"attributes: GAHP; prerequisites: LING  102 and JPNS  202, or instructor's consent"
JPNS,481,Rdgs in Modern Japanese Lit I,"Reading and discussion in Japanese of selected works of fiction, poetry, and drama. May be repeated once for credit. (Same as JPST 481).",3,Japanese,141565,attributes: GAHP; prerequisites: JPNS  302 or consent of instructor
JPNS,495,Japanese Studies Seminar,"The course examines Japanese experiments with the idea of the modern and postmodern, focusing on issues such as modernization/westernization, change in gender roles, urbanization, the power of the state, and nationalism and personal identity. In the course, mainly taught in Japanese students learn how to read and discuss in Japanese, and translate Japanese texts into English. The course introduces a variety of materials written between the end of Russo-Japanese War in 1905 and the current period. (Same as JPST 495).",3,Japanese,141565,attributes: GAHP; prerequisites: JPNS  302 or instructor's consent
JPST,101S,"Elementary Japanese I, Special","Specially designed for students with some language background of Japanese. Same material as JPNS 101 more quickly covered. Development of four skills - speaking, listening, reading and writing - and an adequate entry-level knowledge of Japanese. A variety of classroom activities such as dialogue role-play, presentations, grammar exercises and individualized laboratory work. After reviewing Hiragana and Katakana, the course focuses on strengthening the skill of reading and writing Kanji characters at the beginning level. (Same as JPNS 101S).",3,Japanese Studies,141565,"attributes: DH, GAHP, GL; prerequisites: Department Approval"
JPST,107,Accelerated Element Japanese,"Contents of JPNS 101-102 covered in one semester. Development of four skills - speaking, listening, reading and writing - and an adequate knowledge at the beginning level of Japanese language. A variety of classroom activities, such as dialogue role-play, individual and group presentations, grammar exercises, individualized laboratory work, and reading/writing practice in the basic scripts (Hiragana, Katakana and Kanji characters).",8,Japanese Studies,141565,"attributes: ['DH', 'GAHP', 'GH', 'GL']; class_hours: two hours daily, Monday through Friday; course_code: JPST 107; course_name: Accelerated Element Japanese; covered_content: Contents of JPNS 101-102; equivalent_course: JPNS 107; lab_requirement: Language laboratory required"
JPST,200,Intro to Jpns &amp; Chns Studies,"This course studies the two regions of East Asia (Japan and China) with emphasis on philosophical, religious and cultural traditions, and patterns of social, economic and political change.  Students will gain a general understanding of each region through a broad survey of important cultural movements and historical events that have made Japan and China what it is today.",3,Japanese Studies,141565,"attributes: ['DH', 'GAHP', 'GCC', 'HPP']; course_id: JPST 200; course_name: Intro to Jpns & Chns Studies; equivalent_course: LANG 200"
JPST,280,Introduction to Japan,"A general introduction to Japan, past and present. The course examines the socio-historical and cultural development of Japan and the Japanese diaspora in the local and global community using a multidisciplinary approach.",3,Japanese Studies,141565,"attributes: DH, HPP"
JPST,301,Third-Year Japanese I,"Study of modern spoken and written Japanese involving advanced structures, expressions, patterns, kanji. (Same as JPNS 301).",3,Japanese Studies,141565,"attributes: DH, GAHP, GH, GL, HPP; prerequisites: JPNS  202 or equivalent"
JPST,302,Third-Year Japanese II,"Study of modern spoken and written Japanese involving advanced structures, expressions, patterns, kanji. (Same as JPNS 302).",3,Japanese Studies,141565,"attributes: DH, GAHP, GH, GL, HPP; prerequisites: JPNS  301 or equivalent"
JPST,310,Hist of Japan I: Early Japan,"Japanese history and culture from prehistory to the mid-17th century.  Topics include: origins of Japanese people and culture; the Imperial state; contacts with China and Korea; aristocratic culture, particularly the role of women; the samurai class and the Shogunates; Buddhism and Shinto; late medieval disorder and development; unification and pacification.",3,Japanese Studies,141565,attributes: GAHP; course_name: Hist of Japan I: Early Japan; course_number: JPST 310; equivalent_course: HIST 310
JPST,311,Hist Japan II: Tokugawa to Mei,"Japanese history and culture from the 17th through 19th centuries.  Topics include: samurai and the class system; political change, economic growth and social tensions; urban and rural evolution; popular culture and literature; Japan's isolation and reopening; collapse of the Tokugawa system; the Meiji Restoration; dissolution of the samurai class; social reorganization and rapid modernization; the Meiji Constitution and new Imperial state.",3,Japanese Studies,141565,attributes: GAHP; course_name: Hist Japan II: Tokugawa to Mei; course_number: JPST 311; cross_listing: HIST 311
JPST,314,Hist of Jpn III: 20th Cent-Pre,Japanese history and culture from 1890 to present.  Topics include: Meiji and 1947 constitutions; democracy and leadership; militarism and pacifism; evolving Imperial institution; economic growth and social change; tradition and modernity in Japanese culture; Japan's place in world systems and world culture.,3,Japanese Studies,141565,"attributes: ['DS', 'GAHP', 'HPP']; course_number: JPST 314; course_title: Hist of Jpn III: 20th Cent-Pre; cross_listing: HIST 314"
JPST,315,East Asian Religions,"The development of Buddhism, Confucianism, Taoism, Shinto and folk religion in China, Korea and Japan.",3,Japanese Studies,141565,attributes: GAHP; prerequisites: junior standing or instructor's consent
JPST,340,Japanese Composition,"Writing compositions employing designated patterns, kanji, and themes. (Same as JPNS 340).",3,Japanese Studies,141565,"attributes: DA, GAHP; prerequisites: JPNS  202 or equivalent"
JPST,345,Methods for Teaching Japanese,Japanese language teaching and learning from the perspectives of theory and practice. The application of modern applied linguistics and methodologies to specific problems confronting the Japanese language teacher and other foreign language teachers. (Same as JPNS 345).,3,Japanese Studies,141565,"attributes: DS, GAHP; prerequisites: JPNS  202"
JPST,353,Politics Of Japan,"Aspects of Japanese politics, emphasizing the post-1945 period.  Topics include: political development and change, the political economy of Japan, major political institutions and organizations, policy-making processes, and controversial political issues.",3,Japanese Studies,141565,"attributes: ['DS', 'GAHP', 'HPP']; course_number: JPST 353; course_title: Politics Of Japan; cross_listing: POLS 353"
JPST,356,Japan,Culture origins and development with emphasis on contemporary Japanese culture.,3,Japanese Studies,141565,attributes: GAHP; course_name: Japan; course_number: JPST 356; cross_listing: ANTH 356
JPST,358,Japanese Immigrants,"Examination of social and cultural adaptations of Japanese immigrant populations, with foci on Hawaiʻi and Brazil. Topics include the role of the Japanese government and emigration companies, the factors of generation, kinship, ethnicity, and contemporary Japanese migrants.",3,Japanese Studies,141565,"attributes: ['DS', 'GAHP', 'HPP']; course_number: JPST 358; course_title: Japanese Immigrants; equivalent_course: ANTH 358"
JPST,359,Japanese in Hawaiʻi,An examination of the process by which second generation Japanese people in Hawaiʻi become bilingual and bicultural. Historical and Linguistic contexts for becoming bilingual and bicultural are presented.  Topics include Japanese culture and the role of first generation immigrants in Hawaiʻi.,3,Japanese Studies,141565,"alternative_course_number: JPNS 359; attributes: ['DH', 'GAHP', 'GCC']; course_number: JPST 359"
JPST,361,Girls and Women in Japan,A survey of the life of Japanese girls and women focusing on Japan's changing aspects from the ancient to the contemporary periods. The course questions the current prevalent image of the subservient Japanese woman and articulates the role of Japanese girls and women in Japanese society.,3,Japanese Studies,141565,"attributes: ['DH', 'HPP']; course_number: JPST 361; course_title: Girls and Women in Japan; crosslistings: ['JPNS 361', 'WS 361']"
JPST,365,Japanese Lit in English,Survey of major works from earliest times to the present. Knowledge of Japanese is not required.,3,Japanese Studies,141565,"attributes: ['DL', 'GAHP', 'GH', 'GL', 'HPP']; course_number: JPST 365; course_title: Japanese Lit in English; cross_listings: ['JPNS 365', 'ENG 365']"
JPST,370,"Lang, Cul &amp; Identity of Japan","Relationship of Japanese language to social structure, interpersonal relationships, and way of thinking. Application of general linguistics to social phenomena such as dialects, identity, bilingualism, acculturation. (Same as JPNS 370).",3,Japanese Studies,141565,"attributes: DH, HPP; prerequisites: JPNS  101 or consent of instructor"
JPST,373,Performance Across Cultures,"This course explores the cultural expressions and traditions through the performance traditions from Asia, Africa, Europe and the Americas, using the transhistorical approach. Under the themes of the body and culture, ritual, performing, cultural literacy and tourism and globalization, the course introduces students to the performance forms across cultures.",3,Japanese Studies,141565,"attributes: ['DS', 'FGC', 'GCC']; course_number: JPST 373; course_title: Performance Across Cultures; cross_listings: ['ANTH 373', 'JPNS 373', 'WS 373']"
JPST,375,Japanese Music,"Historical survey of traditional, contemporary, and Western-influenced music of Japan and study of major genres. No previous musical knowledge is required. (Same as MUS 375).",3,Japanese Studies,141565,attributes: GAHP; prerequisites: junior standing or instructor's consent
JPST,380,Japanese Mythology in Film,"Interdisciplinary approaches to the study of Japanese myths and legends through contemporary films; mythological contexts related to Taoism, Buddhism, Shintoism as well as superstitions and legends are examined in relation with selected films from Japan.",3,Japanese Studies,141565,"attributes: ['DH', 'GAHP', 'HPP']; course_number: JPST 380; course_title: Japanese Mythology in Film; cross_listing: JPNS 380"
JPST,381,Art of Japan,"A brief survey of the Arts of Japan beginning with pre-history through the Edo and Meiji periods, with a more analytical emphasis on contemporary and New Media Art of the most recent decades. Recommended ART 176 or a JPST course. (Same as ART 381).",3,Japanese Studies,141565,"attributes: GAHP, HPP; prerequisites: Junior/Senior standing or permission of instructor"
JPST,382,Gender &amp; Disability in Manga,"Examination of gender and disability issues using several Japanese comic stories, or manga, which have been translated into English. Analysis of the selected comic stories is based on a trove of scholarly writings about historical as well as contemporary issues concerning gender nonconforming individuals and people with disabilities as marginalized groups in Japanese society. Discussion topics include the influences of manga on the awareness of both the transgender community and differently-abled people in Japan as well as manga’s contribution to the destigmatization of these minorities from the 1960s to the present. Class work does not require the ability to read original Japanese texts.",3,Japanese Studies,141565,"alternative_course_number: JPNS 382; attributes: ['DH', 'GAHP', 'GH', 'HPP']; course_number: JPST 382"
JPST,383,Japanese Theatre &amp; Performance,"This course introduces the performance traditions in Japan, ranging from rituals to dance and theatre-traditional art forms such as noh/kyogen, kabuki, bunraku, to modern theatre. Students examine the Japanese art forms from the anthropological and sociological perspectives.",3,Japanese Studies,141565,"attributes: ['DH', 'GAHP', 'GH', 'HPP']; course_name: Japanese Theatre & Performance; course_number: JPST 383; equivalent_course: JPNS/JPST 383"
JPST,384,Gender &amp; Japanese Performance,"This course views how gender is represented in Japanese performance from rituals to dance, music, theatre and everyday performance. Through readings and visual materials, students observe the historical development of Japanese theatre and performance and examine relationship between gender, sexuality and the Japanese cultural forms from the performance studies as well as gender and feminism studies perspectives.",3,Japanese Studies,141565,"attributes: ['DH', 'HPP']; course_code: JPST 384; course_title: Gender & Japanese Performance; cross_listing: ['JPNS/WS 384']"
JPST,385,Postwar Japn through Film,"This course introduces students to Japanese society and culture with emphasis on 1945 to the present, as reflected in film and literature. Students learn about essential issues of Japanese postwar society, including class, family, gender, work, education, and minorities, and examine the change and development of Japanese society after World War II, paying attention to the struggles between traditional cultural values and Americanization/modernization of society. (Same as JPNS 385 and WS 362).",3,Japanese Studies,141565,"attributes: DH, DS, GAHP, GH, HPP; prerequisites: ENG  100, 100T, ESL  100, or ESL  100T"
JPST,401,Fourth-Year Japanese I,"Study of modern spoken and written Japanese involving advanced structures, expressions and additional kanji. (Same as JPNS 401).",3,Japanese Studies,141565,attributes: GAHP; prerequisites: JPNS  302 or equivalent
JPST,402,Fourth-Year Japanese II,This is an advanced course in conversation and composition covering cultural topics. It develops listening and speaking skills to communicate orally in authentic Japanese and expands spoken and written vocabulary knowledge. Students will practice presenting their ideas in speech and composition effectively. (Same as JPNS 402).,3,Japanese Studies,141565,attributes: GAHP; prerequisites: JPNS  302 or instructor's consent
JPST,410,History of Chinese Characters,This course introduces Chinese civilization and history through an investigation of the evolution of Chinesescript and the socio-cultural factors related to it. Archaeological and historical materials are used in introducing its various forms in history: from tortoiseshellscript to seal and clericalscripts as well as regularscript. Historical and cultural setting of creating and using the specificscript are examined. The transformation of Chinesescript into Japanese “kanji” and cultural exchange between Asian countries are also discussed. (Same as LANG/CHNS 410).,3,Japanese Studies,141565,"attributes: GAHP; prerequisites: one of the following: CHNS  101, CHNS  107, JPNS  101, JPNS  101S, or JPNS  107"
JPST,425,Translation Workshop,"Theory and practice of translation of Japanese materials into English. Emphasis on literary translation, but non-literary texts may also be considered. May be repeated once for credit. (Same as JPNS 425).",3,Japanese Studies,141565,"attributes: DL, GAHP, GL; prerequisites: JPNS  302 or consent of instructor"
JPST,430,Philosophy of Zen,"Chief philosophical teachings of Zen, its methods and cultural influences. Comparative study of Zen and Western thought. (Same as PHIL 430).",3,Japanese Studies,141565,"attributes: DH, GAHP, HPP; prerequisites: previous work in philosophy or religious studies, or consent of instructor; recommended_preparation: PHIL  302"
JPST,450,Mahayana Buddhist Phil,"Important tenets and major schools of Mahayana Buddhist philosophy in India, China, Japan, Tibet, and Hawaiʻi. Comparative study of Mahayana and Western philosophy. (Same as PHIL 450).",3,Japanese Studies,141565,"attributes: DH, GAHP, HPP; prerequisites: previous work in philosophy, religious studies, or instructor's consent; recommended_preparation: PHIL  302"
JPST,451,Structure Of Japanese I,"Phonology, morphology, syntax of modern colloquial grammar. (Same as LING 451, JPNS 451).",3,Japanese Studies,141565,"attributes: DH, GAHP, GH, HPP; prerequisites: LING  102 and JPNS  202, or instructor's consent"
JPST,452,Structure Of Japanese II,"Phonology, morphology, syntax of modern colloquial grammar. (Same as LING 452, JPNS 452).",3,Japanese Studies,141565,"attributes: GAHP; prerequisites: LING  102 and JPNS  202, or instructor's consent"
JPST,457,Japanese Culture &amp; Commun,This course explores aspects of Japanese communication from cross-cultural perspectives and examines problems in intercultural interactions between Japanese and non-Japanese.,3,Japanese Studies,141565,attributes: GAHP; course_code: JPST 457; course_title: Japanese Culture & Commun; equivalent_course: COM 457
JPST,481,Rdgs in Modern Japanese Lit I,"Reading and discussion in Japanese of selected works of fiction, poetry, and drama. May be repeated once for credit. (Same as JPNS 481).",3,Japanese Studies,141565,attributes: GAHP; prerequisites: JPNS  302 or consent of instructor
JPST,495,Japanese Studies Seminar,"The course examines Japanese experiments with the idea of the modern and postmodern, focusing on issues such as modernization/westernization, change in gender roles, urbanization, the power of the state, and nationalism and personal identity. In the course, mainly taught in Japanese students learn how to read and discuss in Japanese, and translate Japanese texts into English. The course introduces a variety of materials written between the end of Russo-Japanese War in 1905 and the current period. (Same as JPNS 495).",3,Japanese Studies,141565,attributes: GAHP; prerequisites: JPNS  302 or instructor's consent
KED,321,Hoʻolauna Hakalama,"Taught through the medium of Hawaiian language. An introduction to Hakalama and related Hawaiian cultural concepts. Hawaiian literacy history, initial steps in the Hakalama pedagogy, and related resources will be covered.",1,Keʻelikōlani Education,141565,Course Name: Hoʻolauna Hakalama; Course Number: KED 321; Prerequisites: KHAW 303 or Instructor's consent
KED,343,Ma Ka Hana Ka 'Ike I,"Examine the curriculum and pedagogy of the Punana Leo Indigenous language medium early childhood education. Learn the main components of the Punana Leo curriculum including scope and sequence, daily routines, and classroom learning centers---particularly the makau ola and makau lonoa centers and lessons.",3,Keʻelikōlani Education,141565,"course_name: Ma Ka Hana Ka 'Ike I; course_number: KED 343; languages: ['Hawaiian', 'Other Language']; prerequisites: ['KHAW 204', 'KHAW 233', ""instructor's consent""]"
KED,344,Ma Ka Hana Ka 'Ike II,"Examine the curriculum and pedagogy of the Punana Leo Indigenous language medium early childhood education. Learn Punana Leo curriculum scope and sequence, daily routines, focusing on makau makemakika and makau 'olelo learning centers and lessons.",3,Keʻelikōlani Education,141565,"course_name: Ma Ka Hana Ka 'Ike II; course_number: KED 344; languages: ['Hawaiian', 'Other Language']; prerequisites: ['KHAW 204', 'KHAW 233', ""instructor's consent""]"
KED,462,Enrichg Holistc Lrng Mauli Ola,Advanced level for increasing teacher effectiveness through culturally appropriate classroom practices and curriculum development. Course work focuses on improving culture-based instruction through evaluation and revision of a unit plan.,1,Keʻelikōlani Education,141565,"grading_mode: CR/NC; language: ['Hawaiian', 'other language']; prerequisites: Instructor's consent"
KED,463,Substitute Tcher Sem in Mauli,"Preparation to teach in an Hawaiian medium environment as a substitute teacher. Content includes the completion of Hawaiʻi State requirements for substitute teacher certification, basic classroom management, lesson design and delivery, learning and implementation of policies and procedures to be employed as a substitute in Hawaiʻi DOE schools.",1,Keʻelikōlani Education,141565,course_name: Substitute Tcher Sem in Mauli; course_number: KED 463; grading_basis: CR/NC; language: Hawaiian
KED,481,Fdtns Tching in Hwn/Indig Med,Development and delivery of Indigenous language and culture-based curriculum and instructional practices for learning and teaching in the Hawaiian/Indigenous medium-immersion classroom.,1–3,Keʻelikōlani Education,141565,"course_code: KED 481; course_name: Fdtns Tching in Hwn/Indig Med; level_content: {'Hawaiian': ['Introductory', 'Foundational', 'Intermediate'], 'Other Language': ['Introductory', 'Foundational', 'Intermediate']}; prerequisites: KHAW 303 or instructor's consent; repeatability: May be repeated for credit if subletters are different"
KED,483,Sub Tch Sem Haw &amp; Indig Med Ed,"Preparation to teach in a Hawaiian/Indigenous medium education environment as a substitute teacher. Content includes the completion of Hawaiʻi State requirements for substitute teacher certification, basic classroom management, lesson design and delivery, learning and implementation of policies and procedures to be employed as a substitute in Hawaiʻi DOE schools.",2,Keʻelikōlani Education,141565,"grading_method: CR/NC; language: ['Hawaiian', 'Other Language']; prerequisites: KHAW 303 or instructor's consent"
KED,554,Mauli Ola: Learning &amp; Teaching,"A systematic approach to develop, implement and assess culture-based learning and teaching for the mauli ola environment. Content includes understanding of the natural learning cycle; lesson design and delivery; application, alignment, infusion, and assessment of standards; and curriculum cohesiveness. Conducted in Hawaiian.",4,Keʻelikōlani Education,141565,course_code: KED 554; course_name: Mauli Ola: Learning & Teaching; language: Hawaiian
KED,620,Fdns Hawn &amp; Indig Medium Ed,"Goals of Hawaiian and Indigenous medium education and their cultural, philosophical, historical and legal bases. Basic tools for planning, developing, delivering and evaluating instruction of Hawaiian and Indigenous-speaking children, including techniques for management and age-appropriate development from a Hawaiian and Indigenous cultural base.",3,Keʻelikōlani Education,141565,"course_code: KED 620; course_name: Fdns Hawn & Indig Medium Ed; language_notes: ['Hawaiian', 'Other Language']; prerequisites: Permission from the College"
KED,621,Lng Arts Hwn &amp; Indig Medium Ed,"Literacy in Hawaiian and Indigenous language and associated comprehension and speaking skills. Teaching other languages, including English, to Hawaiian and Indigenous language-literate students. Use and teaching of oral and written literature in dramatized presentations.",2,Keʻelikōlani Education,141565,Course Code: KED 621; Course Title: Lng Arts Hwn & Indig Medium Ed; Prerequisites: Permission from the College
KED,623,Soc Stud Hwn &amp; Indig Medium Ed,Major global and local social processes that affect the lives of Hawaiian &amp; Indigenous language-speaking children and their families. Integration of social studies and practical arts with a Hawaiian &amp; Indigenous historical and cultural perspective.,2,Keʻelikōlani Education,141565,"Course Code: KED 623; Course Title: Soc Stud Hwn & Indig Medium Ed; Language: ['Hawaiian', 'Other Languages']; Prerequisites: Permission from the College"
KED,625,Phys Ed Hwn &amp; Indig Medium Ed,"Group and individual expression to convey thoughts and emotions through various media including music, fine arts, dance, fitness and computer technology. Understanding and appreciation of such expressions and their integrations into Hawaiian &amp; Indigenous tradition.",1,Keʻelikōlani Education,141565,"Course Code: KED 625; Course Title: Phys Ed Hwn & Indig Medium Ed; Languages: ['Hawaiian', 'Other Languages']; Prerequisites: Permission from the College"
KED,626,Science Hawn &amp; Indig Medium Ed,"Scientific concepts within a Hawaiian &amp; Indigenous cultural and environmental framework. Techniques for teaching content, problem-solving, and critical thinking to Hawaiian &amp; Indigenous language speaking children.",2,Keʻelikōlani Education,141565,"course_name: Science Hawn & Indig Medium Ed; course_number: KED 626; languages: ['Hawaiian', 'Other Languages']; prerequisites: Permission from the College"
KED,627,Math in Hawn &amp; Indig Medium Ed,"Mathematical concepts within a Hawaiian and Indigenous cultural and environmental framework. Techniques for teaching content, problem-solving and critical thinking to Hawaiian and Indigenous-speaking children.",2,Keʻelikōlani Education,141565,"course_code: KED 627; course_name: Math in Hawn & Indig Medium Ed; languages: ['Hawaiian', 'Other Language']; prerequisites: Permission from the College"
KED,628,Arts in Hawn &amp; Indig Medium Ed,"Group and individual expression to convey thoughts and emotions through various media including music, fine arts and dance. Understanding and appreciation of such expressions and their integration in Hawaiian and Indigenous tradition.",1,Keʻelikōlani Education,141565,"course_number: KED 628; course_title: Arts in Hawn & Indig Medium Ed; languages: ['Hawaiian', 'Other Language']; prerequisites: Permission from the College"
KED,651,Coop Tch Sem Haw and Indig Ed,"Development of professional leadership knowledge, skills, and dispositions within PK-12 Hawaian Language/Indigenous Medium-Immersion settings. Focus on characteristics of successful mauli ola teacher skills including performance-based assessments and conducting effective conferencing to guide professional development. (A) Hawaiian, (E) Other Language. Conducted in Hawaiian or Other Language.",2,Keʻelikōlani Education,141565,"Course Code: KED 651; Course Title: Coop Tch Sem Haw and Indig Ed; Prerequisites: Teacher license and teaching experience in a PK-12 Hawaiian/Indigenous immersion/medium, Hawaiian Language, or Hawaiian Studies learning environment; or approval from the Graduate Program Chair."
KED,674,Enrich Holistic Lrng &amp; Tching,"Advanced level in the development, implementation, and assessment of culturally appropriate and cohesive units of instruction as a systematic approach for the Hawaiian/Indigenous medium-immersion environment. (A) Hawaiian, (E) Other Language.  Conducted in Hawaiian/Indigenous language.",3,Keʻelikōlani Education,141565,"Course Code: KED 674; Course Title: Enrich Holistic Lrng & Tching; Language: ['Hawaiian', 'Other Language']; Prerequisites: KITE certificate; or KED 481I or KED 481H and KHAW 304 or equivalent; or approval of the Division Chair"
KES,101,Physical Fitness,Conditioning exercises and activities to develop and maintain physical efficiency. Motor fitness tests administered to measure status and progress.,1,Kinesiology and Exercise Sciences,141565,
KES,103,Swimming: Beginning,"Adjusting to water, immersing in water, floating, sculling, correct arm stroke, leg kick, breathing techniques and their coordination.",1,Kinesiology and Exercise Sciences,141565,course_name: Swimming: Beginning; course_number: KES 103
KES,104,Swimming: Intermediate,Perfecting and integrating basic strokes with added emphasis on swimming for distance and speed.,1,Kinesiology and Exercise Sciences,141565,course_name: Swimming: Intermediate; course_number: KES 104
KES,107,Tennis: Beginning,"Rules, etiquette, grip, forehand and backhand strokes, serving, volleying, singles and doubles play.",1,Kinesiology and Exercise Sciences,141565,course_code: KES 107; course_name: Tennis: Beginning
KES,108,Tennis: Advanced,"Improving the serve, forehand and backhand strokes, volleying, chop strokes, competitive strategy, problems in rules.",1,Kinesiology and Exercise Sciences,141565,course_code: KES 108; course_name: Tennis: Advanced
KES,109,Pickleball: Beginning,"Designed to provide students with the essential skills needed for the game of pickleball. Students will learn the basic rules and regulations, skills, and shot selection to excel in both singles and doubles play.",1,Kinesiology and Exercise Sciences,141565,course_name: Pickleball: Beginning; course_number: KES 109
KES,110,Golf: Beginning,"Rules, etiquette, and skill (grip, stance, stroke) in using the irons, woods, and putter. Driving range and play on golf course require additional fees.",1,Kinesiology and Exercise Sciences,141565,course_id: KES 110; course_name: Golf: Beginning
KES,117,Mountain Biking,Basic knowledge and skills of mountain biking. Emphasis will be placed on the safe operation and maintenance of the bike for recreational purposes. Uses such as commuting and racing will be discussed.,1,Kinesiology and Exercise Sciences,141565,course_name: Mountain Biking; course_number: KES 117
KES,120,Badminton,"Rules, etiquette, grip, forehand and backhand strokes, serving, smash, drive, netplay, offensive and defensive strategy in singles and doubles play.",1,Kinesiology and Exercise Sciences,141565,course_code: KES 120; course_name: Badminton
KES,121,Advanced Badminton,"Competitive singles and doubles strategy, rules and etiquette.  Perfecting fundamental strokes: smash, clear, drops, net, and drive shots.",1,Kinesiology and Exercise Sciences,141565,course_name: Advanced Badminton; course_number: KES 121
KES,123,Yoga,"This course provides a foundation for exploring classical yoga postures as well as the history and philosophy of yoga. Each class includes stretching, strengthening, relaxation techniques, pre- and post-flexibility evaluation, proper alignment, focus and breathing techniques.",1,Kinesiology and Exercise Sciences,141565,course_code: KES 123; course_name: Yoga
KES,124,Intermediate Yoga,This course enhances the basic yoga poses and fundamentals covered in KES  123 (or equivalent yoga experience).,1,Kinesiology and Exercise Sciences,141565,Course Name: Intermediate Yoga; Course Number: KES 124; Prerequisites: KES 123
KES,128,Table Tennis,"This is an introductory course teaching the fundamental skills of table tennis including, basic strokes, grip and serve styles and positioning.",1,Kinesiology and Exercise Sciences,141565,course_code: KES 128; course_name: Table Tennis
KES,134,Volleyball: Beginning,"Rules, fundamental skills of passing, setting, hitting, blocking, digging, and team strategies.",1,Kinesiology and Exercise Sciences,141565,course_code: KES 134; course_title: Volleyball: Beginning
KES,136,Team Sports,"Skills, knowledge, attitudes and appreciation. Combination of soccer and softball.",1,Kinesiology and Exercise Sciences,141565,Course: KES 136; Course Title: Team Sports
KES,138,Basketball: Beginning,"Rules, etiquette, skills in footwork, body balance, passing, shooting, dribbling, rebounding, individual and team strategies, and plays.",1,Kinesiology and Exercise Sciences,141565,course_code: KES 138; course_name: Basketball: Beginning
KES,139,Basketball: Advanced,"Improving fundamental skills, advanced strategies, ball control and shooting skills, offensive and defensive tactics, and officiating.",1,Kinesiology and Exercise Sciences,141565,course_code: KES 139; course_name: Basketball: Advanced
KES,142,SUP - Stand Up Paddle Boarding,Explore and connect with the spiritual and traditional aspects of our Hawaiian culture through the physical application of the ancient and contemporary sport of stand up paddle boarding.,1,Kinesiology and Exercise Sciences,141565,Course: KES 142; Course_Abbreviation: SUP; Course_Number: 142; Course_Title: Stand Up Paddle Boarding; Subject: KES
KES,146,Edventure,Students will be exposed to a variety of experiential physical activities over the course of seven all day sessions.  The experiential physical activities that students will be exposed to will be unique to the island of Hawaiʻi.,1,Kinesiology and Exercise Sciences,141565,course_name: Edventure; course_number: KES 146; session_length: seven all day sessions
KES,152,Weight Training,"Fundamental techniques of weight training which includes safety and precautions, diet and nutrition, basic weight training principles and individualized exercise programs for total physical fitness.",1,Kinesiology and Exercise Sciences,141565,course_name: Weight Training; course_number: KES 152
KES,202,Health Promotion,"This course is designed for students to understand health in the broadest sense of the word -- as an integrated process for discovering, using, and protecting all possible resources within the individual, 'ohana, community, and environment.",3,Kinesiology and Exercise Sciences,141565,course_code: KES 202; course_name: Health Promotion
KES,203,Intro to Physical Education,"Nature, scope, aim and objectives of physical education; basic principles of human movement; physical education as academic discipline and its relationship to fields such as recreation, health education, and athletics.",2,Kinesiology and Exercise Sciences,141565,course_code: KES 203; course_name: Intro to Physical Education
KES,204,Intro to Coaching Athletics,"Nature, responsibilities, personal and professional requirements of a coach. Scientific principles applicable to coaching methodology and athletic competition.",2,Kinesiology and Exercise Sciences,141565,course_number: KES 204; course_title: Intro to Coaching Athletics
KES,207,Basic Human Nutrition,Fundamental principles of normal nutrition and the importance of nutrition in promoting growth and health.,3,Kinesiology and Exercise Sciences,141565,"attributes: ['DB', 'GN']; course_name: Basic Human Nutrition; course_number: KES 207"
KES,209,Data and Stats in Kinesiology,"This course focuses on the data management and the basic statistics in exercise sciences.  Content includes research methods and designs, data collection, organization and management, descriptive and inferential statistics, central tendency, variability, correlation, regression, t-tests, analysis of variance and various nonparametric tests. Computerized statistical analyses are embedded throughout the course.",3,Kinesiology and Exercise Sciences,141565,course_name: Data and Stats in Kinesiology; course_number: KES 209
KES,210,Introduction to KES,"Introduction to professions available for individuals graduating with a Kinesiology and Exercise Sciences degree (e.g. Public Health and Health Promotion, Sports Psychology, Strength and Conditioning Specialist, Kinesiologist, Exercise Physiologist, and various allied health professions Athletic Training, Physical Therapy, etc). This course serves as helpful tool in providing students with the information necessary to pursue a degree/focus program within Kinesiology and Exercise Sciences. KES program focuses, degree expectations, course maps, and advising will be provided; emerging evidence-based topics will be discussed.",3,Kinesiology and Exercise Sciences,141565,course_code: KES 210; course_name: Introduction to KES
KES,212,Anatomical Kinesiology,"This course provides a thorough guide of human anatomy and its application to human movement through an in-depth evaluation of tissues (bones (joints), muscle, nerve, and connective tissue) during motor activities.",3,Kinesiology and Exercise Sciences,141565,attributes: DB; course_number: KES 212; course_title: Anatomical Kinesiology
KES,224,Human Physiology &amp; Spaceflight,"This course explores the effects of microgravity and spaceflight on the physiology of passengers.  Topics addressed in this course include space travel effects on: the skeletal system; the muscular system; the cardiovascular and cardiorespiratory systems; and the neurovestibular system.  Effects of radiation exposure, psychosocial issues in spaceflight, and medical risks and preventions will be presented in this course.",3,Kinesiology and Exercise Sciences,141565,Course: KES 224; Course Title: Human Physiology & Spaceflight
KES,250,Foundation of Public Health,"An introduction to public health practice and history, with focus on principles and tools for population health, disease prevention, health promotion, health professions and healthcare systems.",3,Kinesiology and Exercise Sciences,141565,attributes: DS; course_name: Foundation of Public Health; course_number: KES 250
KES,260,Exercise Science Anat &amp; Phys I,"This course will cover basic human anatomy, physiology and chemistry of cells, organelles, cell division, metabolism, genetics, tissues, the integumentum, bone and muscle tissue.  Each subject is presented with the emphasis on its response to activity and exercise.",3,Kinesiology and Exercise Sciences,141565,course_code: KES 260; course_name: Exercise Science Anat & Phys I
KES,261,Exercise Science Anat &amp; Phy II,"This course is a continuation of Exercise Sciences Anatomy and Physiology I.  The course will cover basic human anatomy and physiology of the endocrine, circulatory, lymphatic, respiratory, digestive, urinary and reproductive systems.  Each subject is presented with the emphasis on its response to activity and exercise.",3,Kinesiology and Exercise Sciences,141565,course_name: Exercise Science Anat & Phy II; course_number: KES 261; prerequisites: KES 260
KES,263,Intramural Athletics,"The organization, administration, and supervision of intramural sports programs in schools with emphasis on leadership, program content, facilities, scheduling, rules and regulations, promotion, financing, and evaluation.",2,Kinesiology and Exercise Sciences,141565,course_name: Intramural Athletics; course_number: KES 263
KES,270,Health and Wellness Education,"After successfully completing this course, you will be able to be a peer wellness coach and educator. Grounded in Public Health and developmental science, students will learn about perspectives on health and wellness for emerging adults (ages 16-24), the ways in which the sociopolitical context of higher education can facilitate the ease or challenges to student wellbeing. Students will gain skills to create and implement place- based, interactive workshops and informal peer wellness education and coaching, culminating in a wellness symposium, designed and driven by students in the class.",3,Kinesiology and Exercise Sciences,141565,attributes: GCC; course_name: Health and Wellness Education; course_number: KES 270; equivalent_course: ED 270
KES,300,Psyc-Soc Aspects Of Sport,"The functions and dysfunctions of the sporting system will be examined from sociological perspectives. In addition, specific psychological constructs are presented in order to examine the relationship between environmental sources of influence and the individual's capacity for self-management in the sporting world.",3,Kinesiology and Exercise Sciences,141565,course_name: Psyc-Soc Aspects Of Sport; course_number: KES 300
KES,302,Sport &amp; Spirituality,"The spiritual experience of sport is central both to our basic motivation to take part in sports, and to achieving success. This course explores human aspects of the sport experience through the perspectives of sport psychology, philosophy, ethics, theology and religious studies.",3,Kinesiology and Exercise Sciences,141565,course_code: KES 302; course_name: Sport & Spirituality
KES,307,Biomechanics of Human Movement,"This course provides an introduction to the principles and analysis of biomechanics, emphasizing the contribution of biomechanics to understanding human movement, and develops an understanding of mechanical and anatomical concepts related to human performance.",3,Kinesiology and Exercise Sciences,141565,"course_number: KES 307; course_title: Biomechanics of Human Movement; prerequisites: ['PHYS 151', 'PHYS 151L']"
KES,308,Principles of Strength &amp; Cond.,"This course will introduce the students to the fundamental principles of strength and conditioning while providing the skills necessary for proper selection, administration, and interpretation of athletic assessment across various modes of sport and activity, enabling the effective application of evidence-based training methodologies.",3,Kinesiology and Exercise Sciences,141565,course_number: KES 308; course_title: Principles of Strength & Cond.
KES,310,Motor Learning,"Basic understanding of the principles of motor learning and performance in a variety of contexts including teaching, coaching, design of performer-friendly equipment and work environments, and everyday motor skill learning.",3,Kinesiology and Exercise Sciences,141565,course_code: KES 310; course_name: Motor Learning
KES,311,Tests &amp; Meas. in Sports &amp; Exer,"In this course, Students will have the opportunity to experience, evaluate and discuss a wide variety of tests and assessments from the field of sport and exercise science. Also, a basic understanding and appreciation of why and how of testing is a critical factor in health, physical education and athletics will be provided.",3,Kinesiology and Exercise Sciences,141565,course_name: Tests & Meas. in Sports & Exer; course_number: KES 311
KES,312,Personal Trainer Cert. Prep.,"This course prepares students for personal trainer certification by developing knowledge and skills in major areas of exercise science like physiology, nutrition, assessment, program design, and exercise techniques, with an emphasis on safely instructing clients of diverse ages and fitness levels through consultations, evaluations, coaching and monitoring. Students will gain real-world preparation to provide attentive, safe, and goal-oriented services to clients while becoming eligible for leading personal trainer certifications.",3,Kinesiology and Exercise Sciences,141565,course_code: KES 312; course_name: Personal Trainer Cert. Prep.; prerequisites: KES 212 and KES 308
KES,320,Drug Awareness,"For students interested in the prevention and treatment of victims of legal and illegal use, misuses, and abuse of drugs and related substances. Examines the problems and consequences of people who have to deal with this dilemma.",3,Kinesiology and Exercise Sciences,141565,Course: KES 320; Course Title: Drug Awareness
KES,321,Sociology of Sports,"This course explores the intersection of sports and society. This course will examine a broad range of topics including the intersections of sports and culture, intersections of race, ethnicity, gender and class, ethics and the use of performance-enhancing drugs, economics, sports media, politics, and social justice.",3,Kinesiology and Exercise Sciences,141565,course_code: KES 321; course_name: Sociology of Sports
KES,330,Applied Motor Learning,"Applying the principles of motor learning in different contexts such as teaching, coaching, design of performer-friendly equipment and work environments, rehabilitation, and everyday motor skill learning. Developing of motor learning programs.",3,Kinesiology and Exercise Sciences,141565,course_name: Applied Motor Learning; course_number: KES 330; prerequisites: KES 310
KES,333,Endocrinology: Our Hormones,"The endocrine system is the tissue and glands that secrete chemical messengers called hormones into the circulation to target specific receptors. This course will explore how the body depends upon this complex system to grow and maintain itself, and to respond to outside and inside perturbations, and fight diseases. Exercise and the endocrine system will be a prevalent topic in this course.",3,Kinesiology and Exercise Sciences,141565,"course_number: KES 333; course_title: Endocrinology: Our Hormones; prerequisites: ['KES 260 and KES 261', 'BIOL 243 and BIOL 244']"
KES,335,Care &amp; Prevention Athletic Inj,"Introduction to allied health professions (e.g. Athletic Training, Physical Therapy, etc) that specialize in the care and prevention of musculoskeletal injuries in an active population. Course focuses on the recognition, orthopedic evaluation, treatment, management, and rehabilitation of various musculoskeletal injuries.",3,Kinesiology and Exercise Sciences,141565,"prerequisites: BIOL 243-243L and BIOL 244-244L; previous_course_numbers: ['KES 234', 'KES 334']"
KES,339,Athletics &amp; Health in Hawaiʻi,"This survey course examines the role of fitness/athletics and health-related activities in Hawaiian lifestyles, prior to foreign arrivals through to the late 20th century. The course also examines the consequences of political, economic, and cultural change on Native Hawaiian health-related activities and practices.",3,Kinesiology and Exercise Sciences,141565,course_name: Athletics & Health in Hawaiʻi; course_number: KES 339; cross_listing: HIST 339
KES,340,Science: Diet &amp; Weight Cntrl,"This course presents a basic understanding of the multiple factors involved with body weight control and health.  This course centers on the important scientific factors of body weight control, including energy balance, basal metabolism, hunger versus appetite, nutritional function and needs, nature versus nurture of obesity, treatment of obesity, physical activity and it's importance in weight control and maintenance.  Eating disorders and medical interventions such as gastric bypass surgery will be presented.",3,Kinesiology and Exercise Sciences,141565,course_code: KES 340; course_name: Science: Diet & Weight Cntrl
KES,343,Musculoskeletal Anatomy,"Basic understanding of human anatomy from the perspective of movement, with emphasis on the skeletal and muscular systems.",3,Kinesiology and Exercise Sciences,141565,Prerequisites: BIOL 243 and BIOL 243L
KES,344,Musculoskeletal Physiology,"Basic understanding of human musculoskeletal physiology from the perspective of internal function, with emphasis on aerobic and anaerobic metabolism during muscular function.",3,Kinesiology and Exercise Sciences,141565,course_name: Musculoskeletal Physiology; course_number: KES 344; prerequisites: KES 343
KES,348,Exercise Physiology,Basic understanding of human physiology and its response to exercise and adaptations to various types of training. Physiological systems are reviewed as they respond to acute bouts of exercise and long-term exposure to exercise.,3,Kinesiology and Exercise Sciences,141565,Course Name: Exercise Physiology; Course Number: KES 348; Prerequisites: BIOL 243 & BIOL 244
KES,350,Health Promotion Prog Planning,"Student develop skills to effectively plan, design, implement, and evaluate health promotion programs in community/public health settings.",3,Kinesiology and Exercise Sciences,141565,prerequisites: KES 202
KES,351,Epidemiology,This course introduces students to epidemiology principles and methods. Topics covered include: measures of morbidity and mortality; vital statistics; incidence and prevalence measurements; adjustment of rates; measurements of risk; biological variability; screening; measurements of error; sampling; statistical significance; surveillance; study design; association and causation; and outbreak investigation.,3,Kinesiology and Exercise Sciences,141565,course_code: KES 351; course_name: Epidemiology
KES,355,Philosophy of Sport,"A philosophical treatment of the role of sports in society and a meaningful life. Topics include the phenomenology of sport, the ethics of doping and artificial enhancement, leadership ethics, sports in the context of Hawaiʻi, and sport fandom.",3,Kinesiology and Exercise Sciences,141565,Cross-listing: PHIL 355; Prerequisites: Previous work in philosophy or two courses in Kinesiology or instructor's consent
KES,361,History of Sport,A history of sport from the ancient world to the present. Special attention to the history of sport in Europe and the Americas,3,Kinesiology and Exercise Sciences,141565,course_name: History of Sport; course_number: KES 361; cross_listing: HIST 361
KES,368,Sports and Exercise Nutrition,"This course will introduce the student to the importance of nutrition in the field of exercise sciences.  The purpose of this course is to bridge between nutritional concepts and exercise concepts, and the practical applications.",3,Kinesiology and Exercise Sciences,141565,course_name: Sports and Exercise Nutrition; course_number: KES 368; prerequisites: KES 207
KES,370,Sport Psychology,"Survey of methods and findings in the application of psychological principles in sport. Topics include arousal and anxiety, cognitive processes, team performance, coaching behavior and techniques to maximize sports performance.",3,Kinesiology and Exercise Sciences,141565,course_name: Sport Psychology; course_number: KES 370; cross_listing: PSY 370
KES,371,Indigenous Health &amp; Wellness,"This course examines contemporary issues affecting the status of indigenous health and wellness. Emphasis is placed on indigenous perspectives of health and wellness and indigenous ways of knowing in Hawaiʻi, Oceania and Turtle Island.",3,Kinesiology and Exercise Sciences,141565,"Attributes: ['GCC', 'HPP']; Course: KES 371; Course Title: Indigenous Health & Wellness"
KES,375,Indigenous Kinesiology,"This course offers students an opportunity to explore indigenous perspectives on movement, exercise and sport and it's relation to health with emphasis on Hawaiʻi, Oceania, and Turtle Island. This course considers the impacts of colonization, globalization and commodification of exercise and movement on indigenous health and well-being.",3,Kinesiology and Exercise Sciences,141565,attributes: HPP; course_code: KES 375; course_name: Indigenous Kinesiology
KES,380,Applied Sport Psychology,"Based on the principles of sport and exercise psychology. Focus on methods and programs applying sport psychology in the field of health and physical education to enhance performance, adhere people to physical exercise programs and support the overall well-being.",3,Kinesiology and Exercise Sciences,141565,course_name: Applied Sport Psychology; course_number: KES 380; prerequisites: KES/PSY 370
KES,401,Sem in KES: Profess.Develop,"This course will study selected topics and research in Kinesiology and Exercise Science professions. The purpose of this class is to provide an on-going forum for presentation and discussion of emerging issues within various professions (e.g. health promotion, sport psychology, strength and conditioning, and allied health professions). Students will inventory their core values, interests, skills, and strengths and utilize them towards the application process. Students will learn about resume/curriculum vitae preparation, cover letter construction, interview preparation, the importance of social media presence (e.g. LinkedIN, facebook), and negotiation when applying for jobs/graduate school.",2,Kinesiology and Exercise Sciences,141565,course_name: Sem in KES: Profess.Develop; course_number: KES 401; prerequisites: Junior or Senior Standing
KES,440,Physiology of Aging,"Study of the physiological mechanisms and the effects of aging on the human systems including the cardiopulmonary, musculoskeletal, neurological, sensory, metabolic, and endocrinological. This course will present the topic of physiology of exercise and aging.",3,Kinesiology and Exercise Sciences,141565,course_name: Physiology of Aging; course_number: KES 440
KES,443,Adapted Physical Education,"Understanding the basics of various disabilities, how to assess the physical and motor skills of the disabled and how to develop individual activity programs for children and youth with disabilities.",3,Kinesiology and Exercise Sciences,141565,course_code: KES 443; course_name: Adapted Physical Education
KES,450,Health Promotion Practicum,"A planned, supervised, and evaluated practice experience. The goal of the practicum is to provide an opportunity for students to synthesize, integrate, and apply practical skills, knowledge, and knowledge, and training learned through courses. Students will gain professional experience in a professional health work environment, and work on health practice projects that are of particular interest to them.",3,Kinesiology and Exercise Sciences,141565,attributes: GCC; prerequisites: KES  202 and instructor consent
KES,470,Physical-Occupational Therapy,The Purpose of this course is to introduce students who are interested in pursuing post-graduate degrees and professional careers in teh fields of physical therapy and occupational therapy to these professions. This course is divided into three separate sections: The Profession; The Practitioner; and The Practice.,3,Kinesiology and Exercise Sciences,141565,"course_name: Physical-Occupational Therapy; course_number: KES 470; prerequisites: ['KES 260 and KES 261', 'BIOL 243 and BIOL 244']"
KES,480,Sports Medicine,"This course provides an opportunity for the study and application of the components of sports medicine, including, but not limited to: sports medicine ralated careers, organization, evaluation, and immediate care of athletic injuries, recognition, evaluation, and immediate care of athletic injuries, rehabilitation and management skills, emergency procedures, human anatomy and physiology, therapeutic modalities, and therapeutic exercise.",3,Kinesiology and Exercise Sciences,141565,"course_name: Sports Medicine; course_number: KES 480; prerequisites: ['KES 260 and KES 261', 'BIOL 243 and BIOL 244']"
KHAW,103,First Lvl Trans Hawn Immersion,"Development of analytical skills to improve existing listening, speaking, reading and writing skills at the first level. Taught partially in Hawaiian from a Kumu Honua Mauli Ola philosophical base.",4,Keʻelikōlani Hawaiian Language,141565,"attributes: ['DH', 'GH', 'GL', 'HPP']; course_name: First Lvl Trans Hawn Immersion; course_number: KHAW 103; prerequisites: Previous high school/beginning college level Hawaiian"
KHAW,104,First Lvl Partial Hawn Immers,"Strengthens and increases analytical skills as well as listening, speaking, reading and writing skills from KHAW 103 or HAW 102 or 105. Taught primarily in Hawaiian from a Kumu Honua Mauli Ola philosophical base.",4,Keʻelikōlani Hawaiian Language,141565,"attributes: DH, GH, GL, HPP; prerequisites: KHAW  103, or HAW  102 or 105 or placement exam"
KHAW,108,Accel First Lvl Hawn Immersion,"Contents of KHAW 103-104 covered in one semester. Development and strengthening of analytical skills to improve existing listening, speaking, reading and writing skills at the first level. Taught partially in Hawaiian from a Kumu Honua Mauli Ola philosophical base.",8,Keʻelikōlani Hawaiian Language,141565,"attributes: ['DH', 'GH', 'GL', 'HPP']; class_hours: two hours daily, Monday through Friday; prerequisites: previous high school/ beginning college level Hawaiian"
KHAW,133,First Lvl Hawn for Speakers,"Focus on strengthening skills in language analysis, vocabulary development, and writing at a university level Hawaiian. This course is designed primarily for students educated through the medium of Hawaiian, first language speakers of Hawaiians and native speakers.",4,Keʻelikōlani Hawaiian Language,141565,"attributes: DH, GH, GL, HPP; prerequisites: Placement exam"
KHAW,190,Fluency Community Support,"Fluency needed as a supporter of Hawaiian Revitalization. Stages/Subletters parallel units of structure and vocabulary topics in KHAW  103 &amp; KHAW  104 as follows: (A) Nā Pepeke Kumu; (E) Heluna, ʻAwe, Wā; (I) Nonoʻa, ʻOhana; (O) Kuanaʻike, Hoʻohālikelike; (U) Waeʻanona; (H) Alohuli (K) Pākuʻi Pepeke (M) Kālele, Kino ʻOkoʻa.",1,Keʻelikōlani Hawaiian Language,141565,course_name: Fluency Community Support; course_number: KHAW 190; prerequisites: Permission of the Department Chair; repeatability: May be repeated if subletters are different
KHAW,203,Second Lvl Univ Hawn Immers I,Second year skills in Hawaiian developed from KHAW 104 base or higher. Focus on accurate personal communicative use and connections to oral Hawaiian of earlier generations.,4,Keʻelikōlani Hawaiian Language,141565,"attributes: DH, GL, HPP; prerequisites: C or better in KHAW  104, 108 or 133 or HAW  202 or 205 or placement exam or equivalent approved by dept chair"
KHAW,204,Second Lvl Univ Hawn Immers II,Continuation and expansion of KHAW 203.,4,Keʻelikōlani Hawaiian Language,141565,"attributes: DH, GL, HPP; prerequisites: C or better in KHAW  203 or equivalent as approved by Dept chair"
KHAW,208,Accel Sec Lvl Univ Hawn Immers,"Contents of KHAW 203 and 204 covered in one semester. Second year skills in Hawaiian developed from KHAW 104 base or higher. Focus on accurate personal communicative use and connections to oral Hawaiian of earlier generations. Meets 2 hours daily, Monday through Friday.",8,Keʻelikōlani Hawaiian Language,141565,"attributes: DH, HPP; prerequisites: C or higher in KHAW  104 or KHAW  108 or KHAW  133 or equivalent"
KHAW,233,Second Level Hawn for Speakers,Continuation of HAW 133.,4,Keʻelikōlani Hawaiian Language,141565,"attributes: DH, GL, HPP; prerequisites: B or better in HAW  133 or equivalent as approved by dept chair"
KHAW,290,Fluency ʻOhana Support,"Develops fluency as ʻohana and community supporters of Hawaiian Revitalization to support one’s children, grandchildren, and neighbors in Hawaiian medium/immersion schools. Stages/subletters parallel units of structure and vocabulary topics in KHAW  203 &amp; KHAW  204 as follows: (A) NKE I 1-7; (E) NKE I 8-15; (I) NKE II 15-21; (O) NKE II 22-27; (U)NKE III 1-2; (H) NKE III 3-4; (K) NKE III 5-6; (M) NKE III 7-8.",1,Keʻelikōlani Hawaiian Language,141565,course_name: Fluency ʻOhana Support; course_number: KHAW 290; prerequisites: Permission of the Department Chair; repeatability: May be repeated if subletters are different
KHAW,303,Third Level Hawaiian I,Continuation of KHAW  204 and KHAW  208 and KHAW  233.  Focus on analysis as the key to strong community use as a modeled in 19th and 20th century native speaker produced writings and tapes.,4,Keʻelikōlani Hawaiian Language,141565,prerequisites: C or better in KHAW  204 or KHAW  208 or KHAW  233 or equivalent as approved by dept chair.
KHAW,304,Third Level Hawaiian II,Continuation of KHAW 303. Leadership development of informal use of Hawaiian among students from HAW 104-303.,4,Keʻelikōlani Hawaiian Language,141565,continued_from: KHAW 303; prerequisites: C or better in KHAW 303 or equivalent as approved by department chair
KHAW,333,Applied Skills,Practice skills developed in KHAW 304.,3,Keʻelikōlani Hawaiian Language,141565,Prerequisites: Previous or simultaneous enrollment in KHAW 304
KHAW,390,Hoʻoikaika Mākau ʻŌlelo Hawaiʻi,"Enhances Hawaiian language skills by analyzing various aspects of the Hawaiian language such as context, registers, domains, grammar, and pronunciation & intonation. ʻO ke kahua ma mua, ma hope ke kūkulu. “Set the foundation first, then build.” Simple grammatical forms will be reviewed to set the foundation so that more advanced forms can be added to that foundation. Language forms commonly found and used in instruction also examined.",1,Keʻelikōlani Hawaiian Language,141565,Prerequisites: Instructor's Consent
KHAW,403,Fourth Level Hawaiian I,"Continuation of KHAW 304. Advanced structures, expressions and patterns. Conducted in Hawaiian.",4,Keʻelikōlani Hawaiian Language,141565,prerequisites: C or better in KHAW 304 or permission of the instructor.
KHAW,404,Fourth Level Hawaiian II,"Continuation of KHAW 403. Advanced structures, expressions and patterns. Conducted in Hawaiian. Language laboratory required.",4,Keʻelikōlani Hawaiian Language,141565,course_name: Fourth Level Hawaiian II; course_number: KHAW 404; prerequisites: C or better in KHAW 403 or permission of the instructor.
KHAW,453,Hawaiian Phonetics &amp; Phonology,"Sound system of the Hawaiian language. Stylistic and regional variation. Interaction of the Hawaiian sound system with the sound system of other languages, especially that of English. Conducted in Hawaiian.",3,Keʻelikōlani Hawaiian Language,141565,"attributes: GCC, HPP; prerequisites: KHAW  204 or KHAW  233 or higher or instructor's consent; recommended_preparation: LING  102, LING  311"
KHAW,454,Hawaiian Morphology &amp; Syntax,Grammatical system of the Hawaiian language. Conducted in Hawaiian.,3,Keʻelikōlani Hawaiian Language,141565,prerequisites: KHAW  204 or KHAW  233 or higher or instructor's consent; recommended_preparation: LING  102
KHAW,490,Base-level Fluency Hawn Med Ed,A review and strengthening of Hawaiian language fluency skills with focus on the applicability to Hawaiian medium education.,1,Keʻelikōlani Hawaiian Language,141565,grading_method: CR/NC; language_of_instruction: Hawaiian; prerequisites: KHAW 303 or simultaneous enrollment
KHAW,603,Grad Level Hawn Lang,"Further development of Hawaiian language ability from the B.A. level to a level appropriate for graduate work. B.A. base reviewed with correction of any problem areas. Introduction of additional patterns, vocabulary, and styles in both oral and written form. Use of resources from late monarchy and early territorial periods.",3,Keʻelikōlani Hawaiian Language,141565,course_number: KHAW 603; course_title: Grad Level Hawn Lang; prerequisites: Approved MA Candidate of the Indigenous Language and Culture Education Program or approval from the Graduate Program Chair; previous_course_number: HAW 603
KHAW,631,History of Hawaiian Lang &amp; Lit,"Hawaiian language and literature since contact with Europeans. Styles of language and types of literature. Relationships between Hawaiian and other languages, especially Hawaiʻi Creole English.",3,Keʻelikōlani Hawaiian Language,141565,prerequisites: Approved MA Candidate of the Indigenous Language and Culture Education Program or approval from the Graduate Program Chair; previous_course_number: HAW 631
KHAW,632,Hawaiian As Second Language,"Teaching Hawaiian to speakers of other languages, particularly Hawaiian Creole English. This includes problems faced by students in acquiring native-like Hawaiian and history of Hawaiian language teaching.",3,Keʻelikōlani Hawaiian Language,141565,Prerequisites: Approved MA Candidate of the Indigenous Language and Culture Education Program or approval from the Graduate Program Chair; Previous Course Number: HAW 632
KHAW,654,Advanced Hawn Grammar,Advanced aspects of Hawaiian grammar.,3,Keʻelikōlani Hawaiian Language,141565,Prerequisites: Approved MA Candidate of the Indigenous Language and Culture Education Program or approval from the Graduate Program Chair; Previous Course Number: HAW 654
KHAW,693,Thesis and Proposal Writing,Seminar for writing and presentation of master's thesis proposal or a section of the master's thesis.,3,Keʻelikōlani Hawaiian Language,141565,grading_method: CR/NC; prerequisites: Approved MA Candidate of the Indigenous Language and Culture Education Program or approval from the Graduate Program Chair; previous_course_number: HAW 693
KHAW,751,Hoʻoikaika ʻŌlelo Hawaiʻi,Comparative analysis of the Hawaiian language spoken by native speakers to that of second language speakers of the doctoral level students. Examine areas to strengthen proficiency of second language speakers including Hawaiian language spoken by native speakers not prevalent among second language speakers and begin to normalize.,2,Keʻelikōlani Hawaiian Language,141565,course_name: Hoʻoikaika ʻŌlelo Hawaiʻi; course_number: KHAW 751; prerequisites: Approved PhD Candidate of the Hawaiian and Indigenous Language and Culture Revitalization Program or approval from the Graduate Program Chair
KHWS,120,Kālaiʻikepilihelu,"Taught through the medium of Hawaiian language. An introduction to statistical processes with strategies pertaining to the Hawaiian Language Medium Education based in Hawaiian culture and history. Application, analysis and decision-making skills through Hawaiian historical and contemporary lens. Topics incorporate measures of central tendency and dispersion; classification of variables, sampling techniques, elementary probability; normal probability distributions; tests of hypothesis; linear regression; and correlation to solve programs.",3,Keʻelikōlani Hawaiian Studies,141565,attributes: GQ; prerequisites: KHAW  303 or Instructor's Consent
KHWS,405A,Hana Noʻeau: Lau Hala,Traditional Hawaiian arts (lauhala) taught in Hawaiian.,1,Keʻelikōlani Hawaiian Studies,141565,concurrent_permission: True; course_name: Hana Noʻeau: Lau Hala; course_number: KHWS 405A; prerequisites: KHAW 204 or equivalent; repeatability: May be repeated for credit if topics are different.
KHWS,405E,Hana Noʻeau: ʻUpena/Koko,Traditional Hawaiian arts (ʻupena/koko) taught in Hawaiian.,1,Keʻelikōlani Hawaiian Studies,141565,concurrent_permission: True; course_code: KHWS 405E; course_name: Hana Noʻeau: ʻUpena/Koko; prerequisites: KHAW 204 or equivalent; repeatability: May be repeated for credit if topics are different.
KHWS,405I,Hana Noʻeau: Hulu Manu,Traditional Hawaiian arts (hula manu) taught in Hawaiian.,1,Keʻelikōlani Hawaiian Studies,141565,concurrent_enrollment_permission: True; course_number: KHWS 405I; course_title: Hana Noʻeau: Hulu Manu; prerequisites: KHAW 204 or equivalent; repeatability: May be repeated for credit if topics are different.
KHWS,461A,Pana Hawaiʻi: Hawaiʻi,"Traditions and literature of Pana (names of cultural importance).  Emphasis on island of Hawaiʻi, conducted in Hawaiian.",3,Keʻelikōlani Hawaiian Studies,141565,"Concurrent Permission: with permission, may be taken concurrently; Prerequisites: HWST 111, KHAW 204 or equivalent; Repeatability: May be repeated for credit if subletters are different"
KHWS,461E,Pana Hawaiʻi:  Maui,"Traditions and literature of Pana (names sites of cultural importance). Emphasis on island of (E) Maui, conducted in Hawaiian.",3,Keʻelikōlani Hawaiian Studies,141565,"Prerequisites: HWST 222, KHAW 204 or equivalent which, with permission, may be taken concurrently; Repeatability: May be repeated for credit if subletters are different"
KHWS,461I,Pana Hawaiʻi: Molokaʻi &amp;Lanaʻi,"Traditions and literature of Pana (names of cultural importance. Emphasis on islands of Molokaʻi and Lanaʻi, conducted in Hawaiian.",3,Keʻelikōlani Hawaiian Studies,141565,"Concurrent Permission: with permission, may be taken concurrently; Prerequisites: HWST 111, KHAW 204 or equivalent; Repeatability: May be repeated for credit if subletters are different"
KHWS,461O,Pana Hawaiʻi: Oʻahu,"Traditions and literature of Pana (names sites of cultural importance). Emphasis on island of Oʻahu, conducted in Hawaiian.",3,Keʻelikōlani Hawaiian Studies,141565,"Prerequisites: HWST 111, KHAW 204 or equivalent which, with permission, may be taken concurrently; Repeatability: May be repeated for credit if subletters are different"
KHWS,461U,Pana Hawaiʻi: Kauaʻi &amp; Niʻihau,"Traditions and literature of Pana (names sites of cultural importance). Emphasis on islands of Kauaʻi and Niʻihau, conducted in Hawaiian.",3,Keʻelikōlani Hawaiian Studies,141565,"prerequisites: HWST 111, KHAW 204, or equivalent, which, with permission, may be taken concurrently; repeatability: May be repeated for credit if subletters are different"
KHWS,462,Haku Mele,Hawaiian poetry with emphasis on sample of traditional literature and geographical sites of cultural importance of Hawaiʻi Island. Examine a variety of traditional and modern Hawaiian poetry and discover what inspired the composers relative to that time period. Focus on composing poetry in Hawaiian. Conducted in Hawaiian.,3,Keʻelikōlani Hawaiian Studies,141565,"prerequisites: KHAW  304, which may be taken concurrently, or instructor's consent; recommended_preparation: KHWS/ HWST  461"
KHWS,463,Intro Hawn Narrative Lit,"Introduction to Hawaiian narrative literature both oral and written. Traditional stories, excerpts from longer forms, comparison of narrative literature with poetry and conversation event recordings.",3,Keʻelikōlani Hawaiian Studies,141565,concurrent_permission: True; course_code: KHWS 463; course_name: Intro Hawn Narrative Lit; prerequisites: KHAW 303
KHWS,465,Haʻiʻōlelo Kuʻuna,"This course will develop a foundational understanding and practice in classical Hawaiian speech making. Through the Kumu Honua Mauli Ola Philosophy of Hawaiian Being, this course will focus on reading comprehension of classical Hawaiian literature, mainly to analyze ethnoliterary devices and lexical items.",3,Keʻelikōlani Hawaiian Studies,141565,Corequisites: may be taken concurrently with permission; Cross-listing: HWST 465; Prerequisites: KHAW 403 or equivalent
KHWS,466,Mele Kū I ka Wā,"An analysis of the poetic compositions of Nā Lani ʻEhā, the royal four siblings Kalākaua, Liliʻuokalani, Leleiohoku, and Likelike. Includes examination of royal genealogies, song contexts in political and personal relations, and the performance of their songs in friendly competition.",3,Keʻelikōlani Hawaiian Studies,141565,"course_number: KHWS 466; course_title: Mele Kū I ka Wā; prerequisite_exception: which, with permission may be taken concurrently; prerequisites: KHAW 303"
KHWS,475,Nā Mele/Hula Kahiko,Traditional dance and musical forms within the traditional hālau hula continued until the present. Traditions concerning their sources and history. Emphasis is placed on performance of these traditional forms of dance and music. Conducted in Hawaiian.,3,Keʻelikōlani Hawaiian Studies,141565,"attributes: GCC, HPP; prerequisites: KHAW  204 or KHAW  233 or higher or instructor's consent"
KHWS,476,Nā Mele/Hula ʻAuana,Hawaiian Dance forms initiated since 1778. Traditions concerning their sources and history. Emphasis is placed on performance of contemporary Hawaiian dance forms. Conducted in Hawaiian.,3,Keʻelikōlani Hawaiian Studies,141565,Course: KHWS 476; Course_Name: Nā Mele/Hula ʻAuana; Prerequisites: KHAW 204 or KHAW 233 or higher or Instructor's Consent
KHWS,496,Hawaiian Studies Seminar,"Readings, research and field work on the traditional and contemporary Hawaiian community. Conducted in Hawaiian.",3,Keʻelikōlani Hawaiian Studies,141565,"attributes: GCC, HPP; prerequisites: KHAW  303 and senior standing, or instructor's consent"
KHWS,662,Applied Hawaiian Chant,Applied study of the performance of various Hawaiian chant styles.,3,Keʻelikōlani Hawaiian Studies,141565,Prerequisites: Approved MA Candidate of the Indigenous Language and Culture Education Program or approval from the Graduate Program Chair.; Previous Course Number: HWST 662
KHWS,663,Traditional Hawn Literature,Focuses on indigenous oral and written literature forms and their relationship to folk tales.,3,Keʻelikōlani Hawaiian Studies,141565,course_name: Traditional Hawn Literature; course_number: KHWS 663; prerequisites: Approved MA Candidate of the Indigenous Language and Culture Education Program or approval from the Graduate Program Chair; previous_course_number: HWST 663
KHWS,664,European Influenced Hawn Lit,"Hawaiian literature developed on European models such as biographies, late nineteenth-century histories and journals.",3,Keʻelikōlani Hawaiian Studies,141565,prerequisites: Approved MA Candidate of the Indigenous Language and Culture Education Program or approval from the Graduate Program Chair; previous_course_number: HWST 664
KHWS,665,Ethnological &amp; Hist Narratives,Descriptions written in Hawaiian regarding traditional Hawaiian culture and history. Cultural topics range from religion and court life to farming and fishing. Conducted in Hawaiian.,3,Keʻelikōlani Hawaiian Studies,141565,Prerequisites: Approved MA Candidate of the Indigenous Language and Culture Education Program or approval from the Graduate Program Chair; Previous Course ID: HWST 665
KHWS,741,Classical Hwn Ed: Gen Hwn Cult,Further develops one's knowledge-base of classical Hawaiian literature through the study of aspects of traditional Hawaiian educational customs and practices.,3,Keʻelikōlani Hawaiian Studies,141565,course_number: KHWS 741; course_title: Classical Hwn Ed: Gen Hwn Cult; prerequisites: Approved PhD Candidate of the Hawaiian and Indigenous Language and Culture Revitalization Program or approval from the Graduate Program Chair
KHWS,742,Ka Hoʻomamau ʻŌlelo A Moʻomeheu,"Study of the relationships between society, history, politics, culture, and the economy to further the language and culture revitalization efforts in establishing it as the primary language and culture of the community while overcoming various barriers.",3,Keʻelikōlani Hawaiian Studies,141565,course_name: Ka Hoʻomamau ʻŌlelo A Moʻomeheu; course_number: KHWS 742; prerequisites: Approved PhD Candidate of the Hawaiian and Indigenous Language and Culture Revitalization Program or approval from the Graduate Program Chair
KHWS,752,Challenges in Hawn Lang Med Ed,"Study of education provided through the medium of Hawaiian language from early childhood through to the graduate level. Study of advantages and challenges, position in society and educational systems, outcomes and resource needs, cultural and legal contexts and historical factors. Students will focus on implementation in particular contexts, e.g., grade levels, administration, curriculum development, teacher training.",3,Keʻelikōlani Hawaiian Studies,141565,course_name: Challenges in Hawn Lang Med Ed; course_number: KHWS 752; prerequisites: Approved PhD Candidate of the Hawaiian and Indigenous Language and Culture Revitalization Program or approval from the Graduate Program Chair
KIND,240,Culture Revitalization Movemnt,"Efforts throughout the world to preserve the linguistic and cultural distinctiveness of indigenous and regional minorities. The interrelationship of such efforts with political, cultural, educational, and economic structures. Focus on comparison of other movements with that of Hawaiʻi.",3,Keʻelikōlani Indigenous Studies,141565,"attributes: ['FGC']; course_name: Culture Revitalization Movement; course_number: KIND 240; languages: ['English', 'Hawaiian', 'other language']"
KIND,441,Advanced Language in Culture I,First semester advanced level study of an indigenous language focusing on the use of the language in its cultural context.,2,Keʻelikōlani Indigenous Studies,141565,Prerequisites: Instructor's consent
KIND,442,Advancd Language in Culture II,Second semester advanced level study of an indigenous language focusing on the use of the language in its cultural context.,2,Keʻelikōlani Indigenous Studies,141565,Prerequisites: Instructor's consent
KIND,601,Language Maintenance and Shift,"Introduction to the study of social, historical, political, cultural and economic factors leading to language shift.",3,Keʻelikōlani Indigenous Studies,141565,Course Number: KIND 601; Course Title: Language Maintenance and Shift; Prerequisites: Approved Candidate of the MA in Indigenous Language and Culture Education Program; or the Graduate Certificate in Indigenous Language and Culture Revitalization program; or approval from the Graduate Program Chair.
KIND,602,Meth Res Indig Lang Comm Bldg,"Detailed overview of the various challenges to language and culture revitalization and approaches to solving those challenges, including issues of leadership, goal setting prioritizing and resourcing.",3,Keʻelikōlani Indigenous Studies,141565,Course Name: Meth Res Indig Lang Comm Bldg; Course Number: KIND 602; Prerequisites: Approved Candidate of the MA in Indigenous Language and Culture Education Program; or the Graduate Certificate in Indigenous Language and Culture Revitalization program; or approval from the Graduate Program Chair.
KIND,641,Advanced Language in Culture I,First semester advanced graduate level study of an indigenous language focusing on the use of the language in its cultural context.,3,Keʻelikōlani Indigenous Studies,141565,Prerequisites: Instructor's consent
KIND,642,Advanced Lang in Culture II,Second semester advanced graduate level study of an indigenous language focusing on the use of the language in its cultural context.,3,Keʻelikōlani Indigenous Studies,141565,Prerequisites: Instructor's consent
KIND,690,Fld Stdy Indigenous Community,Off-campus field work experience in an indigenous language other than Hawaiian.,3,Keʻelikōlani Indigenous Studies,141565,alternative: See graduate program chair for overseas minority language study option as substitute for this course; course_name: Fld Stdy Indigenous Community; course_number: KIND 690; prerequisites: Graduate status in Ka Haka ʻUla O Keʻelikolani and permission of the instructor
KIND,731,Indig/Minor Autochthonous Lang,"Cultural, social, political, economic, and educational uses of indigenous and minority autochthonous languages in society. Historical approach from period of relative isolation and autonomy to contemporary times where minority status is highly evident. Perspectives include those internal to the language community, surrounding dominant community, and supporters of indigenous and minority rights.",3,Keʻelikōlani Indigenous Studies,141565,course_name: Indig/Minor Autochthonous Lang; course_number: KIND 731; prerequisites: Approved PhD Candidate of the Hawaiian and Indigenous Language and Culture Revitalization Program or approval from the Graduate Program Chair
KIND,732,Lang Plcy/Pract Endanger/Indig,"Study, understand, and consider critical areas of linguistics such as language policy and documentary linguistics that purport to aid in the work of language revitalization.",3,Keʻelikōlani Indigenous Studies,141565,Course Name: Lang Plcy/Pract Endanger/Indig; Course Number: KIND 732; Prerequisites: Approved PhD Candidate of the Hawaiian and Indigenous Language and Culture Revitalization Program or approval from the Graduate Program Chair.
KIND,733,Hawn and Indig Language Med Ed,"Observe full range of programming of the Hawaiian language medium education operations of the P-20 Kuʻikahi ʻŌlelo Hawaiʻi consortium including its administration and support through Hawaiian. Research and analyze the strengths, weaknesses, history, future directions of the overall structure of the Kuʻikahi ʻŌlelo Hawaiʻi and Hawaiian language revitalization.",3,Keʻelikōlani Indigenous Studies,141565,Course Number: KIND 733; Course Title: Hawn and Indig Language Med Ed; Prerequisites: Approved PhD Candidate of the Hawaiian and Indigenous Language and Culture Revitalization Program or approval from the Graduate Program Chair.
KIND,734,Writing in/for Indigenous Lang,"Supports research writing of doctoral students who are in the process of identifying and finalizing dissertation research topics and writing related dissertation proposals for Indigenous language work. Also learn about finding, designing, and writing grant proposals to support the work of Indigenous language documentation and revitalization.",3,Keʻelikōlani Indigenous Studies,141565,course_name: Writing in/for Indigenous Lang; course_number: KIND 734; prerequisites: Approved PhD Candidate of the Hawaiian and Indigenous Language and Culture Revitalization Program or approval from the Graduate Program Chair
KIND,735,Indig Youth Multilingualism,Learn about Indigenous youth multilingualism in a diverse global context. Considers how young people’s linguistic repertoires are being mobilized in efforts to reclaim and support Indigenous knowledge systems and Indigenous languages.,3,Keʻelikōlani Indigenous Studies,141565,Prerequisites: Approved PhD Candidate of the Hawaiian and Indigenous Language and Culture Revitalization Program or approval from the Graduate Program Chair.
KLAN,441,Advanced Structures I,"First semester advanced level study of an indigenous or lesser studied language focusing on structure, e.g. Blackfeet, Rapanui.",2,Keʻelikōlani Indigenous Language,141565,course_name: Advanced Structures I; course_number: KLAN 441; prerequisites: Instructor's consent
KLAN,442,Advanced Structures II,"Second semester advanced level study of an indigenous or lesser studied language focusing on structure, e.g. Blackfeet, Rapanui.",2,Keʻelikōlani Indigenous Language,141565,Prerequisites: Instructor's consent
KLAN,641,Advanced Language Structures I,First semester advanced graduate level study of an indigenous or lesser studied language focusing on structure.,3,Keʻelikōlani Indigenous Language,141565,Prerequisites: Instructor's consent
KLAN,642,Advanced Lang Structures II,Second semester advanced graduate level study of an indigenous or lesser studied language focusing on structure.,3,Keʻelikōlani Indigenous Language,141565,Prerequisites: Instructor's consent
KLAN,701,Semantic/Pragmatic Indig Lang,"Seminar study of meaning and connotations as conveyed by the morphemes and vocabulary of a language, by its idioms and set metaphors and by other features. Focus on the indigenous languages being studied by the enrolled students.",1,Keʻelikōlani Indigenous Language,141565,course_number: KLAN 701; course_title: Semantic/Pragmatic Indig Lang
KLAN,702,Stylistics/Domains Indig Lang,"Seminar study of identity, levels of formality, and art as conveyed in languages.  Informal peer group language to highly formal language.  Highly traditional usages to the most contemporary of usages.  Focus on the indigenous languages being studied by enrolled students.",1,Keʻelikōlani Indigenous Language,141565,course_code: KLAN 702; course_name: Stylistics/Domains Indig Lang
KLAN,703,Semantics-Prag of Indig Langua,"Meaning and connotations as conveyed in a specific indigenous language through morphemes and vocabulary, idioms and set metaphors, and through other features.",3,Keʻelikōlani Indigenous Language,141565,Prerequisites: Instructor's consent
KLAN,704,Stylistics-Domain of Indig Lan,"Identity, levels of formality and art as conveyed in a specific indigenous language from the informal peer group language to highly formal artistic usages and from very traditional rooted situations to the most contemporary of usages.",3,Keʻelikōlani Indigenous Language,141565,Prerequisites: Instructor's consent
KLIN,601,General Ling in Indig Context,A broad overview of contemporary linguistics with a focus on indigenous languages.,3,Keʻelikōlani Linguistics,141565,Prerequisites: Approved Candidate of the MA in Indigenous Language and Culture Education Program; or the Graduate Certificate in Indigenous Language and Culture Revitalization program; or approval from the Graduate Program Chair.
KLIN,603,Socioling Analysis Indig Lang,"Expansion from KLIN 601 in the study of the relationship between language and society. Topics covered include varieties of languages (e.g., standard languages, varieties/dialects/pidgins/creoles/registers/styles) and types of speech communities (e.g., bi/multilingual, diglossia) and functions of language. Focus on application to indigenous language contexts.",3,Keʻelikōlani Linguistics,141565,course_name: Socioling Analysis Indig Lang; course_number: KLIN 603; prerequisites: KLIN 601 and Approved Candidate of the MA in Indigenous Language and Culture Education Program or the Graduate Certificate in Indigenous Language and Culture Revitalization program; or approval from the Graduate Program Chair
KLIN,604,Field Study in Applied Ling I,Students engage in observational research in sites of language teaching and/or language revitalization efforts with a focus on minority and/or indigenous languages.,3,Keʻelikōlani Linguistics,141565,Course Number: KLIN 604; Course Title: Field Study in Applied Ling I; Prerequisites: Approved MA Candidate of the Indigenous Language and Culture Education Program or approval from the Graduate Program Chair
KLIN,605,Field Study in Applied Ling II,Students participate actively in sites of language teaching and/or language revitalization efforts with a focus on minority and/or indigenous languages.,3,Keʻelikōlani Linguistics,141565,Prerequisites: Approved MA Candidate of the Indigenous Language and Culture Education Program or approval from the Graduate Program Chair.
KOR,101,Elementary Korean I,"A course designed to teach the linguistic fundamentals of the language and the culture of Korea. Emphasis is placed on the reading and writing of Han'gul, speaking and listening, and developing oral conversational skills.",4,Korean,141565,attributes: HPP; course_code: KOR 101; course_name: Elementary Korean I
KOR,102,Elementary Korean II,"Korean 102 Further builds on the basic foundation established by KOR 101 that will enable students to acquire and develop language skills in listening, speaking, reading, and writing in Korean in a linguistically and culturally appropriate manner. Emphasis is also given to understanding the linguistic ties between Korean and Chinese and Japanese.",4,Korean,141565,attributes: HPP; prerequisites: C or better in KOR  101
LANG,200,Intro to Jpns &amp; Chns Studies,"This course studies the two regions of East Asia (Japan and China) with emphasis on philosophical, religious and cultural traditions, and patterns of social, economic and political change.  Students will gain a general understanding of each region through a broad survey of important cultural movements and historical events that have made Japan and China what it is today.",3,Language,141565,"attributes: ['DH', 'GAHP', 'GCC', 'HPP']; course_code: LANG 200; course_name: Intro to Jpns & Chns Studies; equivalent_course: JPST 200"
LANG,240,Classical Languages,"This course surveys the classical languages. It aims to provide the students the overview of the development of classical languages from the antiquities until the Middle Ages. In this course, the students will be introduced to the religious, literary, cultural, educational, political, and international functions and roles of the classical languages and the related aspects of classics. It encompasses classical language families, literary traditions, linguistic geographies, history of classical languages, and language as a social means of international understanding from the classical period until the Middle Ages.",3,Language,141565,course_code: LANG 240; course_name: Classical Languages
LANG,350,Fundamentals of Language Educ,"This course introduces the students to the theories, methods, and research in language education. It makes use of applied linguistics and other associated interdisciplinary fields in dealing with the pedagogies, literacies, proficiencies, competencies, and trajectories related to human linguistic experiences. Learning these processes and concepts provides the students the analytical skills and knowledge to be used in interrogating and comprehending the various aspects encompassing language learning and acquisition, sociopolitical contexts, cultural processes, language policies, and historical trajectories.",3,Language,141565,attributes: DS; course_code: LANG 350; course_name: Fundamentals of Language Educ
LANG,360,Language and Migration,"This course introduces the students to the theories, methods, and research in language and migration studies. It makes use of applied linguistics and other allied interdisciplinary fields of inquiry. Students of this course are provided with the knowledge and skills in comprehending and analyzing the benefits of language learning & acquisition, competencies, and proficiencies in relation to the human mobility.",3,Language,141565,attributes: DS; course_code: LANG 360; course_name: Language and Migration
LANG,410,History of Chinese Characters,This course introduces Chinese civilization and history through an investigation of the evolution of Chinesescript and the socio-cultural factors related to it. Archaeological and historical materials are used in introducing its various forms in history: from tortoiseshellscript to seal and clericalscripts as well as regularscript. Historical and cultural setting of creating and using the specificscript are examined. The transformation of Chinesescript into Japanese “kanji” and cultural exchange between Asian countries are also discussed. (Same as CHNS/JPST 410).,3,Language,141565,"attributes: GAHP; prerequisites: one of the following: CHNS  101, CHNS  107, JPNS  101, JPNS  101S, or JPNS  107"
LING,102,Introduction to Linguistics,"A broad introduction to general linguistics: survey of phonology, morphological, syntactic, and semantic analysis, and historical and comparative linguistics.",3,Linguistics,141565,"attributes: ['DH', 'GL']; course_name: Introduction to Linguistics; course_number: LING 102; formerly: LING/ENG 203"
LING,133,Elem Indig Lang,"Examine formal study of indigenous languages and issues of formal writing systems. For highly fluent native speakers, immersion school students, and others with similar levels of fluency. May be specific to language spoken or systematic attention to target skills with students speaking several different languages. A) Systematic for multiple languages, B) Navajo, C) Chuukese, D) Central Alaskan Yup'ik E) Samoan, F) Other. May be taken again if the sub-letters are different.",3,Linguistics,141565,"Note: Fluency in Hawaiian cannot be used to enroll in sub-letter A of this course.; Prerequisites: LING 102 and fluency in an indigenous or minority autochthonous language appropriate to the sub-letter.; Repeatability: May be taken again if the sub-letters are different; Sections: {'A': 'Systematic for multiple languages', 'B': 'Navajo', 'C': 'Chuukese', 'D': ""Central Alaskan Yup'ik"", 'E': 'Samoan', 'F': 'Other'}"
LING,221,Intro to Language,"Linguistically oriented approaches to human behavior, including ethnolinguistics, sociolinguistics, and psycholinguistics. The way language functions in culture, society, and the cognitive processes.",3,Linguistics,141565,course_code: LING 221; course_name: Intro to Language; cross_listing: ANTH 221
LING,233,Inter Indig Langs,"Continuation of LING 133. A) systematic for multiple languages, B) Navajo, C) Chuukese, D) Central Alaskan Yupik, E) Samoan, F) Other. May be taken again if the sub-letters are different.",3,Linguistics,141565,course_name: Inter Indig Langs; course_number: LING 233; prerequisites: LING 133 with same sub-letter
LING,311,Phonetics and Phonology,"Provides a conceptual framework and practical skills to engage in work in phonetics and phonology.  Course includes training in the production and perception of speech sounds, as well as the physiological and acoustic description of them.  Students learn IPA transcription symbols and practice analyzing phonological data based on the languages of the world.",3,Linguistics,141565,course_number: LING 311; course_title: Phonetics and Phonology; prerequisites: LING 102 or 121 or instructor's consent
LING,320,Hist Of The English Lang,The major developments in the English language from the 5th century to the present day.,3,Linguistics,141565,"Cross-listing: ENG 320; Prerequisites: ENG/ESL 100, LING 102 or LING 121, or instructor's consent"
LING,321,Morphology And Syntax,"Introduction to grammatical analysis and theory; practical experience in solving problems in morphology and syntax, using data drawn from a wide variety of languages.",3,Linguistics,141565,"crosslistings: ['ANTH 321', 'ENG 321']; prerequisites: LING 102 or instructor's consent"
LING,324,Modern English Grammar &amp; Usage,"The fundamentals of English grammar and syntax, conventions of written and spoken English, and rhetorical choices at the sentence level.",3,Linguistics,141565,"Cross-listing: ENG 324; Prerequisites: C or better in ENG  100, ENG  100T, ESL  100, ESL  100T, HAW  201, KHAW  201, JPNS  201, FIL  201, CHNS  201, or SPAN  201"
LING,331,Lang in Culture &amp; Society,"An examination of the articulation of language in social and cultural context, including topics relevant to sociolinguistics and ethnolinguistics.",3,Linguistics,141565,Cross-listing: ANTH 331; Prerequisites: ANTH/LING 221 or LING 102 or instructor's consent
LING,333,Psycholinguistics,"Theory and method in the investigation of the relationship between language and cognition, first and second language acquisition, speech pathologies.",3,Linguistics,141565,Cross-listing: PSY 333; Prerequisites: LING 102 or PSY 100 or instructor's consent
LING,344,Children And Language,"Strategies of language acquisition used by children; emphasis on investigative skills and methods, including some field work.",3,Linguistics,141565,Prerequisites: LING 102 or ANTH/LING 221
LING,345,Historical &amp; Comparative Ling,This course provides an introduction to the principles of historical linguistics beginning with a survey of the features of the world's language families.  A problem-solving approach is adopted as students learn the comparative method of reconstruction and actually engage in the linguistic reconstruction of protolanguages.,3,Linguistics,141565,Course: LING 345; Course Title: Historical & Comparative Ling
LING,347,Pidgins And Creoles,A study of the world's pidgins and Creoles with special reference to the Pacific region; the origin and nature of pidgins and Creoles; the relationship of Hawaiian Creole English to other Creoles in the world; the link between the development of a Creole and language acquisition. (Same as ANTH 347 and ENG 347).,3,Linguistics,141565,attributes: GAHP; recommended_preparation: LING  102 or 121
LING,350,Second Lang Acquisition Theory,"Current research and theories of learning a second or additional language from social, psychological and linguistic perspectives. Topics include the attainment of communicative competence, the critical period hypothesis, focus on form, individual learning styles, and learner autonomy. The emphasis is on how the knowledge of second language acquisition theory helps improve the quality of classroom language teaching. (Same as ENG 350).",3,Linguistics,141565,"attributes: DH, GL; prerequisites: LING  102 or instructor's consent"
LING,351,Method Foreign Lang Tchg,Foreign language teaching and learning from the perspectives of theory and practice. The application of modern linguistics to specific problems confronting the teacher.,3,Linguistics,141565,course_name: Method Foreign Lang Tchg; course_number: LING 351; prerequisites: LING 102 or instructor's consent
LING,356,Language and Gender,Students engage in the analysis of gender as it relates to language and society.  Provides students with analytic resources for thinking critically about the relationship between language and social practice.  Students gather and analyze data based on current theories.,3,Linguistics,141565,"crosslistings: ['ENG 356', 'WS 356']; prerequisites: ENG/ESL 100 or 100T and LING 102, or instructor's consent"
LING,410,Semantics &amp; Pragmatics,"Introduction to the fundamentals and modern theories of meaning, reference and the relations between language and knowledge of the world.  Ways in which the interpretation of sentences in natural languages depends upon the literal meaning of propositions and their logical (semantic) and contextual (pragmatic) inferences.",3,Linguistics,141565,Prerequisites: LING 102 or instructor's consent
LING,412,Discourse Analysis,"This course examines the structure of function of language as its actually used in different contexts, including newspaper articles, poetry, doctor-patient interactions, news broadcasts, classrooms, and court trials.  Students also gain experience in gathering, presenting, and analyzing their own data.",3,Linguistics,141565,"attributes: ['DH', 'DS', 'GL']; course_name: Discourse Analysis; course_number: LING 412"
LING,432,Critical Applied Linguistics,"This course examines issues in applied linguistics such as language teaching, language learning, language policy, language ideology, linguistic human rights, and linguistic imperialism by considering indigenous language situations, dominant and minority languages as well as the notion of English as global language in order to appreciate the complex relationship between language and power.",3,Linguistics,141565,"Attributes: ['ALEX', 'DS', 'FGB', 'GCC']; Course: LING 432; Course Title: Critical Applied Linguistics"
LING,434,Indigenous Languages of the US,"This course surveys Indigenous languages of the US and the communities that speak them, focusing on a representative sample for closer study.  The role of languages in maintaining cultural identity is examined and prospects for the future of Indigenous languages are assessed.",3,Linguistics,141565,course_number: LING 434; course_title: Indigenous Languages of the US; prerequisites: LING 102
LING,442,Languages in Hawaiʻi,"This course explores the linguistic situation of Hawaiʻi with a focus on the history, structure, and political situation of the diverse set of languages spoken in the Islands. Languages to be examined include, but are not limited to, Hawaiian, Hawaiian Creole English, Japanese, Chinese, Ilocano, Portuguese, and Korean.",3,Linguistics,141565,"attributes: ALEX, GCC, HPP; prerequisites: LING  102 (Attributes: ALEX, GCC, HPP)"
LING,445,Explor Bilingual &amp; Immers Ed,"This course provides students with the opportunity to learn about, experience, and engage in research about bilingual and immersion education, which serves as the basis for many language revitalization efforts throughout the world.",3,Linguistics,141565,course_code: LING 445; course_name: Explor Bilingual & Immers Ed; prerequisite: Linguistics 102
LING,451,Structure Of Japanese I,"Phonology, morphology, syntax of modern colloquial grammar. (Same as JPNS 451).",3,Linguistics,141565,attributes: GAHP; prerequisites: LING  102 and JPNS  202 or instructor's consent
LING,452,Structure Of Japanese II,"Phonology, morphology, syntax of modern colloquial grammar. (Same as JPNS and JPST 452).",3,Linguistics,141565,attributes: GAHP; prerequisites: LING  102 and JPNS  202 or instructor's consent
LING,490,Res and Methods in Linguistics,"This course serves as a capstone course in Linguistics, offering student the opportunity to engage in in-depth research on a linguistic topic of their choice. Students first read articles and write reaction papers to those articles, then write a proposal describing and defending and their topic choice, and next engage in research on their topic and produce an outline of their final paper. Then, at the conclusion of the semester, students present their papers to their peers and faculty and submit a research paper of at least 15 pages.",3,Linguistics,141565,"attributes: ALEX; prerequisites: LING  102, 311 and 321"
MARE,103,Marine Option Program Proposal,"Introduction to the fundamentals of proposal writing and project development. Students will incorporate topics from MARE 100, identify a faculty mentor, and expand the project into a written proposal. This proposal is a prerequisite for the completion of a marine skills project required for the Marine Option Program Certificate.",2,Marine Science,141565,course_name: Marine Option Program Proposal; course_number: MARE 103; prerequisites: MARE 100 or instructor's consent
MARE,104,Marine Option Program Project,"Fundamentals of proposal writing and project development. Students assistance of a mentor and MOP coordinators. This course will provide strategies, methods, and techniques for successful project completion.",2,Marine Science,141565,Prerequisites: MARE 100 or instructor’s consent; Repeatability: Repeatable twice for a maximum of 6 credits
MARE,105,Marine Option Presentation,"A continuation of the marine skills project completed in MARE  104. Students expand their marine skills project, required for the Marine Option Program Certificate, into an oral or poster to be presented at the annual MOP symposium. This course will provide instruction on creating effective presentations, developing scientific posters, and explaining scientific results to both peers and the general public.",1,Marine Science,141565,"prerequisites: MARE  100, MARE  103, MARE  104, or instructor's consent; program_requirement: required for the Marine Option Program Certificate"
MARE,110,Current Issues in Marine Sci,"Introduction to marine science via the controversies and problems facing our ocean environment. Topics may include coastal population growth, sonar, fisheries, dolphin-safe tuna, cruise ship waste, global warming, mercury in fish, beach erosion, alien species, and coral reef decline. Designed for non-majors.",3,Marine Science,141565,attributes: DB; course_name: Current Issues in Marine Sci; course_number: MARE 110; general_education_requirement: Natural Sciences
MARE,140,Intro to Hawaiian Coral Reefs,Explore the underwater world of the Big Island of Hawaiʻi while learning about unique marine ecosystems found nowhere else on Earth. Students will acquire an appreciation for local aquatic fauna in the classroom including the basics of marine biology and natural history.,3,Marine Science,141565,"attributes: DB, GAHP, HPP; prerequisites: concurrent enrollment in MARE  140L required"
MARE,156,Nat Hist &amp; Conservatn Hawn Isl,"The formation of the Hawaiian Islands, establishment and evolution of their native terrestrial and marine flora and fauna, and human impacts and conservation.",3,Marine Science,141565,"attributes: ['DB', 'GAHP', 'HPP']; course_name: Nat Hist & Conservatn Hawn Isl; course_number: MARE 156; cross_listing: BIOL 156"
MARE,171,Marine Biology-Diversity,"Marine organisms: classification, structure, physiology, ecology and adaptations to the marine environment.",3,Marine Science,141565,attributes: DB; course_name: Marine Biology-Diversity; course_number: MARE 171; general_education_requirement: College of Arts and Sciences General Education Natural Science requirement
MARE,172,Marine Biology-Cellular Proc,"Introduction to the fundamentals of biology as they pertain to marine organisms. Principles of cell biology, molecular biology and biochemistry. Focuses are biological molecules, prokaryotic and eukaryotic cell structure and function, basic metabolism, and cellular processes. Emphases will be given to cellular level adaptations to marine environment.",3,Marine Science,141565,attributes: DB; prerequisites: High school Biology; or BIOL  101 and high school Chemistry; or CHEM  151 recommended
MARE,201,Oceanography,"Geological, chemical, physical and biological aspects of the ocean; structure, formation, and features of ocean basins; seawater's properties and their distribution; currents, waves; tides; characteristics of marine organisms; marine ecological principles.",3,Marine Science,141565,attributes: DP; prerequisites: Two high school or college science courses recommended
MARE,211,Marine Animal Response,"An introduction to marine animal stranding and response. Includes responding to sea turtles, pinnipeds, cetaceans, manatees, and sea otters.",3,Marine Science,141565,corequisites: Concurrent enrollment in MARE 211L; prerequisites: C- or better in MARE 171 or instructor's consent
MARE,250,Statistical Apps in Marine Sci,"Hands-on approach to designing field experiments, collection of ecological data, analysis of data on computers using statistical methods, and presentation of results. Requires completion of a project using data collected in the field followed by the preparation of both written and oral reports.",3,Marine Science,141565,"attributes: GQ; prerequisites: MARE/BIOL  171 or MARE  201, or instructor's consent"
MARE,264,Quest,"The application of commonly utilized nearshore underwater ecological surveying techniques using SCUBA. Intensive two-week course combining lecture and field work. Data will be collected in the field, reduced, analyzed and presented in an oral report.",3,Marine Science,141565,course_code: MARE 264; course_length: two-week; course_name: Quest; prerequisites: Authorization as a scientific diver in training before start of course and instructor's consent
MARE,265,Marine Ecology and Evolution,"Principles of ecology and evolution for Marine Science majors stressing integrative approach and recent advances. Topics include but are not limited to evolutionary mechanisms, macroevolution, systematics and the origin of life, population and community ecology and ecological processes, marine communities, dispersal, biodiversity and biogeography.",3,Marine Science,141565,"Course Number: MARE 265; Course Title: Marine Ecology and Evolution; Prerequisites: MARE 171/171L, MARE 172 and MARE 201 or instructor's consent"
MARE,282,Global Change,"Principal components of global change and impacts on the marine environment. Course focuses on the interdisciplinary nature of global change and interrelationships to biological, physical, anthropological, economic, and political concepts.",3,Marine Science,141565,attributes: DP; prerequisites: College-level science course
MARE,310,The Atoll Ecosystem,"Formation, structure, distribution, oceanography, biota and ecology of atolls. Human interactions, historical and modern, with atoll ecosystems. Atoll resource management issues and actions.",3,Marine Science,141565,"attributes: GAHP, HPP; prerequisites: MARE/BIOL  171, MARE  201, or BIOL  156 or instructor's consent"
MARE,317,Ocean Technology,"Various types of oceanographic instrumentation are introduced, focusing on instrument operating principles, calibration, operation, maintenance and repair. Students will learn various software for interfacing with instruments and an introduction to Python scientific computing for processing, analyzing and visualizing data.",3,Marine Science,141565,"course_name: Ocean Technology; course_number: MARE 317; prerequisites: ['MARE 201', 'MARE 250']"
MARE,325,Coral Reef Ecology,"Provides a background in evolutionary and natural history of tropical reefs, coral reef community structure and interactions, and coral reef ecosystem processes/functions. Students will learn ecology of Hawaiian and global coral reefs.  Students will review information on the increasingly important conservation issues related to tropical reef systems and review present management strategies employed.",3,Marine Science,141565,Prerequisites: C- or better in MARE 265 or instructor's consent
MARE,350,Coastal Methods and Analyses,"Planning of field and laboratory data collection and experimentation in the coastal environment. Course covers hypothesis development, experimental design, statistical analysis of data, data interpretation, scientific writing, and presentations.",3,Marine Science,141565,Corequisites: MARE  350L; Prerequisites: junior standing; a grade of C- or better in MARE  201; MARE  250; MARE  265; CHEM  162; Semester Offerings: Fall semester only
MARE,353,Pelagic Methods and Analyses,"Planning of field and laboratory data collection and experimentation in the neritic and pelagic marine environment from an oceanographic vessel platform. Course covers hypothesis development, experimental design, statistical analyses of data, data interpretation, scientific writing, and presentations.",3,Marine Science,141565,Corequisites: MARE 353L; Prerequisites: junior standing; a grade of C- or better in MARE 201; MARE 250; MARE 265; CHEM 162; Semester_Offerings: Spring semester only
MARE,360,Marine Resources,"A survey of human use of the marine environment including physical and biological resources. Topics covered include: fisheries, mariculture, marine mineral and energy resources, chemical resources of sea water, the use of coastal Islands and waste disposal in the sea.",3,Marine Science,141565,"course_name: Marine Resources; course_number: MARE 360; cross_listing: BIOL 360; prerequisites: MARE 201 or BIOL/MARE 171, or instructor's consent"
MARE,364,Advanced Quest,"Students lead a dive team learning underwater ecological surveying techniques; supervise field data collection, data reduction and analysis, and team presentation of written and oral reports; and assist in training students in identification of marine organisms.",3,Marine Science,141565,"Grading: CR/NC; Prerequisites: MARE 264, authorization as a scientific diver in training before start of course, and instructor's consent"
MARE,366,Trop Marine Research Investiga,"Research projects on marine-related problems. Students will do a literature search; develop experimental design; collect, reduce and analyze data; do a written final report; and present findings at a symposium. Projects will be selected from a list of topics or can be original with the consent of the instructor.",3,Marine Science,141565,course_name: Trop Marine Research Investiga; course_number: MARE 366; cross_listing: BIOL 366; prerequisites: instructor's consent
MARE,371,Biology Of Marine Invertebrate,"A survey of the major groups of invertebrates focusing on those dominant in the marine environment. Students will learn methods used to identify and classify invertebrates and will survey the anatomy, physiology, and natural history of the major groups.",3,Marine Science,141565,Corequisites: MARE 371L; Crosslisted: BIOL 371; Prerequisites: MARE 265 or BIOL 172 or equivalent
MARE,372,Biology Of Marine Plants,"Diversity, distribution and ecology of marine macroalgae and seagrasses. Students will learn methods to identify common marine plants of the Hawaiian Islands and the tropical Pacific. Marine plants and their relation to human affairs will be discussed.",3,Marine Science,141565,corequisites: MARE 372L; course_number: MARE 372; course_title: Biology Of Marine Plants; prerequisites: MARE 171 or BIOL 171 or instructor's consent
MARE,380,Nat. Hist. of Sharks and Rays,"This course will examine the natural history of the Elasmobranchs, an ancient group of fishes that have existed for almost 450 million years. Comprehensive investigations of sharks, rays, skates, sawfishes, and chimera, along with representative species from Hawaiʻi, will be conducted. Subjects will include evolution, taxonomy, anatomy, physiology, ecology, conservation and management of these unique animals. Discussions of current research papers along with group research projects will be covered during lectures",3,Marine Science,141565,corequisites: MARE 380L; prerequisites: MARE 171 or instructor's consent
MARE,390,Biology of Marine Mammals,"Comprehensive investigation of a diverse group of highly adapted marine vertebrates. Whales, dolphins, porpoises, seals, sea lions, walruses, manatees, dugongs, sea otters and polar bears will be covered. Focus will be on taxonomy, anatomy and physiology, behavior, reproductive ecology, adaptations to the marine environment, and conservation and management.",3,Marine Science,141565,Corequisites: MARE 390L; Prerequisites: MARE 171 or instructor's consent
MARE,405,Watersheds,"This course is designed to provide a mountain to ocean overview of tropical and temperate watersheds with regards to their hydrology, geology, biogeochemistry, and ecology, as well as their function in maintaining environmental quality in freshwater, coastal, and marine ecosystems.  Natural and human disturbances to watersheds will be examined, as well as their impacts on watershed function and downstream riparian, coastal, and marine environments.  Restoration and management of watersheds to improve freshwater and coastal environmental quality will be discussed.",3,Marine Science,141565,course_name: Watersheds; course_number: MARE 405; prerequisites: CHEM 162
MARE,410,Marine Debris in the Pacific,"Scientific study of marine debris issues in the Pacific Ocean, including sources, dispersal, distribution, degradation, effects, persistent organic pollutants, plastic additives, monitoring efforts, and solutions.",3,Marine Science,141565,"attributes: GAHP; prerequisites: MARE  171 and MARE  201, or instructor's consent"
MARE,423,Marine Policy,"Introduction to marine policy, law, and environmental regulations. Topics include protected species, fisheries, clean water, clean air, coastal wetlands, pollution, marine protected areas, climate change.",3,Marine Science,141565,cross_listing: CBES 623; prerequisites: C- or better in MARE 265 or instructor's consent
MARE,425,Chemical Oceanography,"Chemical processes occurring in marine and estuarine waters and their impact on the near shore and oceanic environments.  Topics include: salinity, chlorinity, major and minor elements, and dissolved gasses in seawater; macro and micronutrients, dissolved and particulate organic matter; geochemistry of marine sediments; radiometric dating and stable isotopes as water mass tracers.",3,Marine Science,141565,course_name: Chemical Oceanography; course_number: MARE 425; prerequisites: C- or better in CHEM 162 and MARE 201
MARE,434,Teaching Marine Science,"Marine science concepts and teaching strategies for pre-service and inservice teachers. Includes geological, chemical, physical and biological topics.",3,Marine Science,141565,"attributes: ALEX, GCC; prerequisites: MARE/BIOL  171, MARE  201, and MARE  265"
MARE,440,Physical Oceanography,"Topics in physical oceanography include: distribution of water characteristics in the ocean; dynamics of circulation; water masses; wave characteristics including formation, propagation, dispersion and refraction; dynamic and equilibrium theories of tides as well as tsunami, seiche, and internal waves; sound and optics; and the latest methods and instrumentation in physical oceanography.",3,Marine Science,141565,"prerequisites: MARE  201, MATH  241, and PHYS  151/151L or PHYS  170/170L, or instructor's consent; recommended_preparation: MATH  242"
MARE,444,Biological Oceanography,"This course focuses on the interaction of phytoplankton, zooplankton, and pelagic organisms in the open ocean environment.  Students will learn aspects of plankton taxonomy, physiology, and pelagic population dynamics. Students will survey the current research status of the field using primary literature.  The student's knowledge will then be applied to the study of local and global productivity and trophodymanics.",3,Marine Science,141565,"course_name: Biological Oceanography; course_number: MARE 444; prerequisites: junior standing, MARE 265 and CHEM 162 or instructor's consent"
MARE,445,Marine Microbial Ecology,"Marine microorganisms in a diversity of roles within the marine environment including microbial food webs, biogeochemical cycling, symbioses as well as host-pathogen interactions, extreme environments and bioremediation.  Microbial interactions in tropical and temperate systems are presented.",3,Marine Science,141565,course_name: Marine Microbial Ecology; course_number: MARE 445; prerequisites: MARE 265 or instructor's consent
MARE,446,Phytoplankton,Phytoplankton are the microbial primary producers in marine ecosystems and are sensitive indicators of the ecosystem change. The lecture section will give students baseline information on phytoplankton ecology and their roles in marine ecosystems. We will also discuss phytoplankton in the context of global environmental change.,3,Marine Science,141565,corequisites: 446L; prerequisites: MARE  250 and MARE  265
MARE,460,Marine Conservation,"Concepts and issues in marine conservation and marine resource management.  Topics include resource exploitation, invasive species, eutrophication, marine pollution and global climate change.  Ecological impacts of resource depletion, environmental modification, and biodiversity loss will be discussed along with methods used to address impacts.",3,Marine Science,141565,course_name: Marine Conservation; course_number: MARE 460; prerequisites: C- or better in MARE 265 or instructor's consent
MARE,461,Geological Oceanography,"A detailed study of the ocean floor to include marine stratigraphy, plate tectonics, oceanic sediments and paleoceanography.",3,Marine Science,141565,"Course Number: MARE 461; Course Title: Geological Oceanography; Prerequisites: ['MARE 201', 'GEOL 111', 'CHEM 162']"
MARE,463,Fisheries Ecology,"Case studies, lectures, and class discussions provide an interactive exploration of the ecology of fishes related to management and conservation. Topics include: predator-prey theory, reproduction and early life-history, habitat selection, fish biodiversity, and response to anthropogenic climate change.",3,Marine Science,141565,cross_listing: CBES  663; prerequisites: MARE  265 or BIOL  281 or instructor's consent
MARE,474,Applied Informatics,"Introduction to the theory and application of informatics tools used in Marine and Natural Sciences. Students will learn the fundamentals of data management, data analytics, ecoinformatics, bioinformatics, and data visualization.",3,Marine Science,141565,"crosslistings: ['DATA 474', 'CBES 674']; prerequisites: C or better in DATA  171 or DATA  172, C or better in MATH  271 or MARE  250 or instructor's consent; previous_course_number: MARE 375"
MARE,480,Senior Internship,"Applications of knowledge and skills in public, private, or government agency involved in marine science education or research. Junior or senior class standing, instructor's consent, and preapproved placement.",3,Marine Science,141565,"attributes: ALEX, GCC; prerequisites: Current or previous enrollment in MARE  350 or MARE  353"
MARE,484,Biology Of Fishes,"The biology of marine and freshwater fishes. Topics covered include: general anatomy, locomotion, respiration, osmoregulation, sensory systems, reproduction, electrosensitive and electrogenic fishes, coloration and bioluminescence in fishes, genetic interrelationships. Students are encouraged to enroll in MARE/BIOL  484L, the corresponding lab course when offered.",3,Marine Science,141565,course_name: Biology Of Fishes; course_number: MARE 484; cross_listing: BIOL 484; prerequisites: C- or better in MARE  171 or BIOL  172 or their equivalent; C- or better in MARE  265 or equivalent; or instructor's consent; recommended_course: MARE/BIOL 484L
MARE,488,Kūʻula: Integrated Science,"This course will compare content, context, and methodology of Native Hawaiian and Western sciences and explore ways to apply both to understand the environment of Hawaiʻi. Students will be exposed to scientific knowledge and endeavors of Native Hawaiians through field trips and will also explore ways to integrate sciences to address research and management issues facing Hawaiʻi today.",3,Marine Science,141565,"attributes: ALEX, GCC; prerequisites: MARE  171, MARE  201, and MARE  250 or instructor's consent"
MARE,490,Sea Turtle Conserv &amp; Ecology,"All-encompassing look at the natural history of these ancient marine vertebrates.  Topics include investigations of sea turtles, sea snakes, saltwater crocodiles and marine iguanas throughout the world.  Subjects will consist of conservation and management, human impacts, reproductive and feeding ecology, evolution, taxonomy, and anatomy and physiology of these unique marine animals.",3,Marine Science,141565,Corequisites: MARE 490L; Prerequisites: MARE 265 or equivalent or instructor's consent
MATH,100,Survey Of Math,"Survey of Mathematics course is intended primarily for non-science liberal arts majors to satisfy the university's quantitative reasoning requirement. Core topics include mathematical logic and mathematical thinking and problem solving. Additional topics may include number systems, computers, algebra, and probability.",3,Mathematics,141565,"attributes: FQ, GQ; prerequisites: None"
MATH,103,Intro to College Algebra,"For students who need to improve algebraic skills prior to taking Pre-calculus or Applied Calculus, or for courses in Introductory Chemistry, Physics or Statistics.  Topics include exponents and radicals, factoring, systems of equations, linear equations, quadratic equations, general properties of functions, graphing, polynomial functions, exponential and logarithmic functions.",3,Mathematics,141565,course_name: Intro to College Algebra; course_number: MATH 103
MATH,125,Applied Calculus,"The course emphasis is on computations and applications to Business and Life Sciences. Topics include exponential and logarithmic functions, right triangle trigonometry, derivatives, optimization, integration and applications in these areas.",3,Mathematics,141565,"attributes: FQ, GQ; prerequisites: C or better in MATH  103, or C or better in MATH  135T or higher, or recommendation from the Math Placement Test"
MATH,135,Precalc: Elementary Functions,"Investigates linear, quadratic, polynomial, rational, exponential, logarithmic functions, and relevant topics. This course is the first part of the precalculus sequence.",3,Mathematics,141565,"attributes: FQ, GQ; prerequisites: C or better in MATH  103, or an appropriate recommendation on the Math Placement Test"
MATH,135T,Precal: Elem Funct w/ Tutorial,"The main topics of the course are graph sketching, definition and properties of functions, polynomial and rational functions, and exponential and logarithmic functions. In addition, this course provides supplemental algebra instruction that directly supports the main topics of the course.",4,Mathematics,141565,"attributes: FQ, GQ; prerequisites: An appropriate recommendation on the Math Placement Test (Attributes: FQ, GQ)"
MATH,140,Precalc:Trig/Analytic Geometry,"Studies trigonometric functions, analytic geometry, polar coordinates, vectors, and related topics. The course is the second part of the precalculus sequence.",3,Mathematics,141565,"attributes: FQ, GQ; prerequisites: C of better in MATH  135T or higher, or an appropriate recommendation on the Math Placement Test"
MATH,140X,Precalculus,"MATH 140X is an accelerated one semester course on the material covered in the sequence 135-140. Topics include the essential pre-calculus skils needed for success in calculus: functions, with special attention to polynomial, rational, exponential, logarithmic and trigonometric functions; plane trigonometry; and polar coordinates. Credit may not be earned for both MATH 140 and MATH 140X.",4,Mathematics,141565,"attributes: FQ, GQ; prerequisites: B+ or better in MATH  103, or C or better in Math 135, or an appropriate recommendation on the Math Placement Test"
MATH,211,Matrix Algebra w/Applications,"Matrix Algebra with Applications. (3) Focus on computation, intuition, and applications: elementary row reduction, matrix multiplication and inversion, linear systems, least squares, eigensystems and SVD.",3,Mathematics,141565,"attributes: FQ, GQ; prerequisites: C or better in MATH  140 or higher, or placement into MATH  241 or higher"
MATH,220,Mathematical Reasoning,"An introduction to mathematical reasoning with an emphasis in proof writing. The main topics of the course are direct proof, proof by contradiction, mathematical induction, and basic set theory. Additional topics may include: function theory and relations.",3,Mathematics,141565,"attributes: GL, GQ; prerequisites: Placement into MATH  241, or C or better in MATH  140 or MATH  140X"
MATH,241,Calculus I,"First half of a standard first year calculus sequence intended primarily for Natural Science majors. Topics include differential calculus, applications, and an introduction to integration. (Previously offered as MATH 205).",4,Mathematics,141565,"attributes: FQ, GQ; prerequisites: C or better in MATH  140X or MATH  140, or an appropriate recommendation on the Math Placement Test"
MATH,242,Calculus II,"Second semester of a standard first year calculus sequence intended primarily for Natural Science majors. Topics include applications of the definite integral, techniques of integration, an introduction to differential equations, and infinite series. (Previously offered as MATH 206).",4,Mathematics,141565,"attributes: FQ, GQ; prerequisites: C or better in MATH  241"
MATH,243,Calculus III,"Introduction to calculus of functions of several variables. Topics include partial differentiation; gradient, divergence, curl, and multi-variable optimization.",3,Mathematics,141565,"attributes: FQ, GQ; prerequisites: C or better in MATH  242 (Previously offered as MATH  231)"
MATH,244,Calculus IV,"Introduction to calculus of functions of several variables. Topics include multiple integrals, line integrals, and surface integrals; Green's Theorem and Stoke's Theorem.",3,Mathematics,141565,course_number: MATH 244; course_title: Calculus IV; prerequisites: C or better in MATH 243; previous_course_number: MATH 232
MATH,271,Applied Statistics with R,"Introduction to probability and statistics, with an emphasis on applied use of the R statistical computing system. Topics include categorical and quantitative random variables, probability distributions, descriptive statistics, estimation, hypothesis testing, and linear regression. (Same as DATA 271).",3,Mathematics,141565,"attributes: FQ, GQ; prerequisites: C or better in MATH  135T or higher, or placement into MATH  140 or higher; C or better in DATA  171 or instructor consent"
MATH,300,Ordinary Diff Equations,"Theory and methods of solutions of ordinary differential equations and systems of linear differential equations with constant coefficients. Power series solutions, Laplace transforms, and applications.",3,Mathematics,141565,course_name: Ordinary Diff Equations; course_number: MATH 300; prerequisites: C in MATH 242
MATH,301,Partial Differential Equatns,"Construction and behavior of solutions of partial differential equations in physical and engineering applications, classical equations of mathematical physics, initial and boundary value problems, and eigenvalue problems.",3,Mathematics,141565,prerequisites: C in MATH  300 and MATH  243; recommended_preparation: MATH  244 or concurrent
MATH,303,Complex Variables W/ Apps,"An introduction to the theory of functions of a complex variable. Complex differentiation and the Cauchy-Riemann equations. Analytic functions, conformal mappings, and Laurent series. Cauchy's Theorem, residue theory, and their applications. Additional topics include Riemann surfaces and the algebraic closure of the complex numbers.",3,Mathematics,141565,prerequisites: C or better in MATH  243; recommended_preparation: C or better in MATH  244
MATH,310,Discrete Mathematics,"Topics from discrete mathematics, including logic, proof techniques, recurrence relations, set theory, combinatorics, relations, functions, graphs, Boolean algebraic structures and applications to coding theory.",3,Mathematics,141565,Prerequisites: C or better in MATH 242
MATH,311,Intro Linear Algebra,"A formal investigation of linear algebra, real and complex vector spaces. There is an emphasis on concepts and abstraction, and instruction of careful mathematical writing.",3,Mathematics,141565,course_name: Intro Linear Algebra; course_number: MATH 311; prerequisites: C or better in MATH 211 and MATH 241
MATH,314,Topology,"A study of topological spaces and their continuous functions. A focus on properties of topologies, including compactness, Hausdorff, and connectedness. The construction of topologies, including the metric, quotient, product, and subspace topologies. Additional topics include manifold theory and functional analysis.",3,Mathematics,141565,"course_name: Topology; course_number: MATH 314; prerequisites: C or better in MATH 220 and MATH 242 or higher Math course excluding MATH 271 and MATH 243 which can be taken concurrently, or C or better in MATH 311"
MATH,317,Intro To Theory Of Equations,"Algebraic systems as related to solutions of polynomial equations, division algorithms and factorization for polynomials and integers, fundamental theorem of algebra, and related topics from elementary number theory including linear congruencies and rings of residue classes.",3,Mathematics,141565,course_number: MATH 317; course_title: Intro To Theory Of Equations; prerequisites: C or better in MATH 310 or instructor's consent
MATH,324,Ring Theory,"An introduction to algebraic structures with two binary operations. A focus on the properties of the ring of integers, ring of integers modulo n, polynomial rings, and quotients of polynomial rings. Topics include the normal structure of rings: subrings; ideals, homomorphisms and quotients with focus on the above examples. Additional topics include an introduction of fields.",3,Mathematics,141565,"course_name: Ring Theory; course_number: MATH 324; prerequisites: C or better in MATH 220 and MATH 242 or higher Math course excluding MATH 271, or C or better MATH 311"
MATH,360,Mathematical Physics,"Special functions of mathematical physics which arise from Sturm-Liouville equations: Bessel, beta, elliptical, gamma and Legendre functions. Generating functions, complex integral representations. Other topics may include integral transforms, Fourier analysis and linear algebra.",3,Mathematics,141565,"course_name: Mathematical Physics; course_number: MATH 360; cross_listing: PHYS 360; prerequisites: MATH 244, or MATH 243 and 300 or instructor's consent"
MATH,371,Multivariate Modeling with R,"Multivariate statistical methods and model selection using R. Topics include the multivariate normal distribution and covariances, multiple regression, analysis of variance, principal component analysis, logistic regression, and decision trees. The course will emphasize model selection and techniques such as validation sets to address the problem of overfitting.",3,Mathematics,141565,course_name: Multivariate Modeling with R; course_number: MATH 371; cross_listing: DATA 371; prerequisites: C or better in MATH 271
MATH,375,Intro to Probability Theory,"Sets, sample spaces, combinatorial probability, random variables, mathematical expectation, classical distributions, applications.",3,Mathematics,141565,course_name: Intro to Probability Theory; course_number: MATH 375; prerequisites: C or Better in MATH 242; previous_course_number: MATH 421
MATH,380,Chaos,"An introduction to nonlinear dynamical systems for science majors. Topics include dynamics in one and several dimensions, stability, excitable media, fractals, and time series analysis. Applications in physics, chemistry, ecology and other fields are illustrated.",3,Mathematics,141565,course_name: Chaos; course_number: MATH 380; cross_listing: PHYS 380; prerequisites: C or better in MATH 242 and C or better in PHYS 272 or Math 244
MATH,407,Intro To Numerical Analysis I,"Solutions of equations in one variable, direct and iterative methods for systems of linear equations, the algebraic eigenvalue problem, interpolation and polynomial approximation, error analysis and convergence for specific methods.",3,Mathematics,141565,course_name: Intro To Numerical Analysis I; course_number: MATH 407; cross_listing: Same as CS 407; prerequisites: C in MATH 242 and MATH 211 and programming experience; semester_offerings: spring semester
MATH,408,Intro To Numerical Analysis II,"A continuation of MATH 407. Topics will include approximation theory, numerical integration and differentiation, solution of systems of nonlinear equations, numerical solutions to differential equations.",3,Mathematics,141565,Cross Listing: CS 408; Prerequisites: C in MATH 407
MATH,421,Elem Probability Theory,"Sets, sample spaces, combinatorial probability, random variables, mathematical expectation, classical distributions applications.",3,Mathematics,141565,course_number: MATH 421; course_title: Elem Probability Theory; prerequisites: C or better MATH 242
MATH,422,Mathematical Statistics,"Statistical inference, estimation, hypothesis testing, regression, correlation, introduction to analysis of variance.",3,Mathematics,141565,Course Name: Mathematical Statistics; Course Number: MATH 422; Prerequisites: C or better in MATH 375 or instructor's consent.
MATH,424,Group Theory,"An introduction to the theory of groups. Topics include the normal structure of groups: subgroups; normal subgroups, homomorphisms and quotients; direct products, and the structure of finite Abelian groups. Additional topics may include the Sylow theorems and/or Galois Theory.",3,Mathematics,141565,"course_name: Group Theory; course_number: MATH 424; prerequisites: C or better in MATH  220, MATH  211, and MATH  242 or higher Math course excluding MATH  271, or C or better in MATH  311, or C or better in MATH  324"
MATH,431,Real Analysis,"A rigorous axiomatic development of single variable calculus. Completeness, limits (functions, sequences, and series), continuity, differentiation, and integration. Topics covered: The real number system; the complete ordered field axioms with emphasis on completeness; sequences and series of real numbers, limits and continuity, differentiation, Riemann Integral, uniform and pointwise convergence.",3,Mathematics,141565,"course_name: Real Analysis; course_number: MATH 431; prerequisites: C or better in MATH 220 and MATH 242 or higher Math course excluding MATH 271, or C or better in MATH 311, MATH 324, or MATH 424"
MATH,432,Real Analysis II,"This course is a continuation of MATH 431, classical analysis concepts and theorems, including the topology of the real number and higher dimensional Euclidean spaces, convergence, continuity, uniform and pointwise convergence, differentiability, and integration",4,Mathematics,141565,course_name: Real Analysis II; course_number: MATH 432; prerequisites: C or better in MATH 431
MATH,441,Geometry I,"The course is specifically designed for future Math teachers. Emphasis is equally split between content and pedagogy of teaching high school Geometry. Topics include: foundations of Geometry, formal direct and indirect geometric proofs, geometric constructions, Euclidean Geometry in 2D and 3D. Pedagogy topics include: learning and practicing different teaching methods and techniques, developing lesson plans, teaching experience in a real classroom environment.",3,Mathematics,141565,"course_name: Geometry I; course_number: MATH 441; prerequisites: C or better in MATH 243; and C or better in MATH 310, MATH 314, or MATH 324; and MATH 311 which may be taken concurrently"
MATH,442,Geometry II,"Axiomatic system-independence and consistency, advanced concepts in Euclidean geometry, elements of non-Euclidean geometries: spherical, elliptic, hyperbolic, introduction to classical Riemann geometry and modern geometry of manifolds.",3,Mathematics,141565,course_name: Geometry II; course_number: MATH 442; prerequisites: C or better in MATH 441 or instructor's consent
MATH,454,Modern Algebra I,"Theory of groups, rings, and fields. Polynomial rings, unique factorization, and Galois Theory.",3,Mathematics,141565,prerequisites: C or better in MATH  310 and MATH  311 or instructor's consent; recommended_preparation: MATH  317 and PHIL  345
MATH,455,Modern Algebra II,This course is a continuation of Modern Algebra I.,3,Mathematics,141565,Prerequisites: C or better in MATH 454
MATH,490,Senior Capstone I,"Working with a Mathematics faculty advisor, students research and learn a topic in Mathematics that uses the skills and techniques they have gained throughout the Mathematics program to create a capstone project.",1,Mathematics,141565,Course Number: MATH 490; Course Title: Senior Capstone I; Prerequisites: Instructor Approval
MATH,491,Senior Capstone II,"Working with a Mathematics faculty advisor, students complete their capstone project by communicating a Mathematical topic, both orally and in writing, that uses the skills and techniques they have gained throughout the Mathematics program.",1,Mathematics,141565,Course Name: Senior Capstone II; Course Number: MATH 491; Prerequisites: Instructor Approval
MATH,496,Tchg Assist &amp; Tutoring Math,"Practice in individual tutoring and in the preparation of the selected topics in mathematics lecture or laboratory courses, under direct instructional supervision.",1–3,Mathematics,141565,course_name: Tchg Assist & Tutoring Math; course_number: MATH 496; prerequisites: consent of the supervisor and the department chair; repeatability: may be repeated for a maximum of 6 credits; substitution_restriction: may not be used for substitution for any specific course or elective requirements of Mathematics major
MGT,300,"Mgt, Orgs &amp; Human Behavior","Survey of classical and modern management theory and practice. Management implications of organization theory. Basic concepts in work motivation, communication, group dynamics, leadership, organizational change, conflict, personality, and leadership.",3,Management,141565,Prerequisites: C or better in QBA 260 or MATH 115; C or better in ENG 209 or 287 or 225 or COM 240/WI; C or better in BUS 290
MGT,330,Human Resource Mgt,"The contemporary theory and practice relating to the management of human resources; recruiting, selection, psychological testing, interviewing, job evaluation, performance review, training and development, wage and salary administration, benefit and service programs, and labor-management relations.",3,Management,141565,course_name: Human Resource Mgt; course_number: MGT 330; prerequisites: C or better in MGT 300
MGT,332,Org Behavior &amp; Manage,"The human relations movement; basic concepts in behavior pertaining to organizations including personality, motivation, leadership, communication, change, conflict, and group dynamics. Course includes the relationship of these concepts to performance, job satisfaction and organizational commitment.",3,Management,141565,course_name: Org Behavior & Manage; course_number: MGT 332; prerequisites: C or better in MGT 300
MGT,333,International Business Mgt,"Provides a systematic introduction to international business management, drawing examples from Pacific Rim business and commerce. Course introduces multinational marketing and international aspects of personnel management, plus introductory material on international business financial transactions.",3,Management,141565,"attributes: DS, GAHP, HPP; prerequisites: C or better in ECON  130 (Attributes: DS, GAHP, HPP)"
MGT,341,Project Management,"This course focuses on the technical and social aspects of project management.  The basic principles of project management will be introduced to prepare students for possible Project Management Institute (PMI) certification.  Topics covered include contract proposal, project definition and planning, identification and sequencing of project deliverables, automated scheduling, resource planning, cost estimation and budgeting, risk analysis, project tracking, building a project team and strategic issues of project management.  Students will be assigned to teams to complete a project.",3,Management,141565,course_name: Project Management; course_number: MGT 341; prerequisites: C or better in CS 201 or QBA 362
MGT,379,Hist Of Entrepreneurship in Am,"The role of entrepreneurship in developing the American business system from its European origins to its current global manifestations and its future prospects.  Focus on the values, characteristics, and practices of entrepreneurs and on the changing relations over time between business, labor and government.",3,Management,141565,course_name: Hist Of Entrepreneurship in Am; course_number: MGT 379; prerequisites: 45 college credits successfully completed
MGT,423,Business Ethics,"Examination of the ethical and social responsibilities of businesses and management, including introductions to prominent ethical theories as they pertain to business ethics.",3,Management,141565,Course Name: Business Ethics; Course Number: MGT 423; Prerequisites: C or better in BUS 240; C or better in MGT 300
MGT,425,Bus Planning for New Ventures,"Development of a business plan for a new venture with attention to form of business organization; competitive advantage; accounting systems and controls; financial, marketing, human relations, operations and risk management; government regulation and compliance; social responsibility. Identification of sponsors and sources of help for small business.",3,Management,141565,"attributes: ALEX, GCC; prerequisites: C or better in any 200-level ENG course; C or better in ECON  130 or BUS  110 or BUS  100; C or better in QBA  260 or  MATH  115"
MGT,429,Bus. Ethics and Sustainability,Philosophical examination of environmental ethics and sustainability in the context of economic development and corporate responsibility.,3,Management,141565,attributes: DH; prerequisites: MGT  423 or instructor approval
MGT,490,Strategic Mgt,"Integrative capstone course using concepts of strategy formulation, competitive analysis, and strategy implementation as models for problem solving and decision making in an organizational setting.  Computer software applications are used to aid in comprehensive case analysis.",3,Management,141565,"course_name: Strategic Mgt; course_number: MGT 490; prerequisites: 75 successfully-completed college credits; C or better BUS  290, MGT  300, QBA  300, MKT  310, and FIN  320"
MKT,310,Princ of Marketing,"Fundamental marketing concepts and contemporary marketing issues are analyzed within present economic, social and legal environments; consumer and functional analysis are emphasized.",3,Marketing,141565,Prerequisites: C or better in ECON 130 and ACC 201
MKT,311,Marketing Management,"Planning, evaluation, and control of the marketing function. Procedures for developing the analysis and solution to common marketing management problems involving pricing, distribution, product development and promotion.",3,Marketing,141565,Prerequisites: MKT 310
MKT,313,Promotional Strategy,"The role of promotion in an organization's communication processes from a theoretical and managerial perspective. Advertising, personal selling and sales promotion are analyzed from the view of both the organization and its consumer groups.",3,Marketing,141565,course_name: Promotional Strategy; course_number: MKT 313; prerequisites: MKT 310
MKT,315,Consumer Behavior,"An integrated framework for understanding consumer behavior from a marketing perspective. Course focuses on environmental issues, as well as consumer decision processes.",3,Marketing,141565,Course Number: MKT 315; Course Title: Consumer Behavior; Prerequisites: C or better in MKT 310
MKT,318,Internet Marketing,"Marketing principles applied to Internet commerce.  This course examines the tools and techniques currently used to harness the potential of the Internet.  Internet marketing strategies that effectively blend the product, price, distribution channels and communication variables will be discussed along with the use of relationship marketing through on-line strategies.  The preparation and use of an Internet marketing plan will be developed through case studies and/or student projects.",3,Marketing,141565,course_name: Internet Marketing; course_number: MKT 318; prerequisites: C or better in MKT 310
MKT,319,Market Research,"An overview of the marketing research process as part of an organization's decision support systems. Topics include research design, attitude measurement, along with data sources, collection and analysis. A research application component will emphasize the planning, execution, and analysis of a real-world marketing research project.",3,Marketing,141565,"course_name: Market Research; course_number: MKT 319; prerequisites: MKT 310, and C or better in MATH 115 or QBA 260"
MKT,333,International Marketing,"Focused on identifying and satisfying global customer needs better than the competition, both domestic and international, and coordinating marketing activities within the context of the global environment.",3,Marketing,141565,attributes: GAHP; prerequisites: C or better in MKT  310
MKT,351,Professional Selling,"This course includes the principles of personal selling for both industrial and retail sales persons covering topics of prospecting, approaching, presenting, closing and follow-up. A major emphasis is placed on understanding the customer's needs and contributing to the success of the customer, with a focus on building long-term relationships based on trust.",3,Marketing,141565,Prerequisites: C or better in MKT 310
MUS,106,Intro to Music Literature,"Appreciation of western art music through discussion, listening and reading. Study of elements, textures, forms and style characteristics.",3,Music,141565,"attributes: ['DA', 'DH']; formerly_offered_as: MUS 160; prerequisites: No previous music knowledge required"
MUS,107,Music in World Cultures,"Explores music as an aspect of human culture focusing on selected non-Western music styles from Asia, Africa, and the Americas.",3,Music,141565,attributes: FGC; course_name: Music in World Cultures; course_number: MUS 107; formerly_offered_as: MUS 166
MUS,108,Music Fundamentals/Songwriting,"Musical notation: pitch, rhythm, tonality, and chord structure. Aural skills and first experiences at the piano also included.",3,Music,141565,attributes: DA; course_name: Music Fundamentals/Songwriting; course_number: MUS 108; former_course_number: MUS 180
MUS,108L,Fund of Western Music Lab,"Development and application of aural skills through analysis, dictation, and sight-singing. Reinforces concepts presented in MUS 180.",1,Music,141565,Prerequisites: Concurrent enrollment with MUS 108; Previous Course Number: MUS 180L
MUS,109,Music &amp; Pop Culture in America,"A survey of American musical styles of the 20th century, including rock, blues, jazz, country, Motown, R &amp; B, and other folk idioms, as well as American art music. Emphasis will be on stylistic evolution, interactions, and social context. No previous musical knowledge is required.",3,Music,141565,attributes: ['DA']; course_name: Music & Pop Culture in America; course_number: MUS 109; former_course_number: MUS 163
MUS,110,Introduction to Jazz,"A survey of classic and modern jazz in a historical framework. Study of elements, trends, genres, forms and style characteristics. Appreciation of jazz through discussion, listening and reading.",3,Music,141565,"attributes: ['DA', 'DH']; course_name: Introduction to Jazz; course_number: MUS 110; prerequisites: No previous musical knowledge is required.; previous_course_number: MUS 165"
MUS,114,University Chorus,"Large ensemble singing of various genres of choral music including classical, choral/orchestral, world and Hawaiian, traditional as well as contemporary. Study of composers and compositional styles from selected cultures and periods of music. Public performance required.",3,Music,141565,"attributes: ['DA', 'DA']; course_name: University Chorus; course_number: MUS 114; formerly_offered_as: MUS 102; no_audition: True; repeatable: True"
MUS,121,Class Instruction I,Basic principles of voice technique and performance; relevant problems in literature.,1,Music,141565,"audit: Cannot be audited; former_course_numbers: ['MUS 123', 'MUS 125']; grading: Must be taken for letter grade; instruments: ['Voice', 'Piano', 'Guitar']; repeatability: Repeatable in different sections"
MUS,122,Class Instruction II,A continuation of MUS  123. Basic principles of performance; relevant problems in literature. Voice; Piano; Guitar.,1,Music,141565,"course_number: MUS 122; course_title: Class Instruction II; former_course_numbers: ['MUS 124', 'MUS 126']; grading_type: letter grade; prerequisites: MUS  121 or Instructor's Consent; repeatability: Repeatable in different sections; sections: ['(B) Voice', '(C) Piano', '(D) Guitar']"
MUS,125,Class Piano I,Basic principles of piano technique and performance. Relevant problems in piano literature.,1,Music,141565,course_name: Class Piano I; course_number: MUS 125; repeatability: Course may be repeated once for credit
MUS,126,Class Piano II,Principles of piano technique and performance. Relevant problems in piano literature.,1,Music,141565,course_name: Class Piano II; course_number: MUS 126; prerequisites: MUS 125 or instructor's consent
MUS,130,Convocation,Seminar in music performance. Study of best practices in preparation/performance of music drawn from each student's Applied Music lessons. In-class solo performances; and public performance required at the end of semester Convocation Student Recital.,1,Music,141565,corequisite: MUS 231 or 331; course_name: Convocation; course_number: MUS 130; repeatability: May be repeated for credit as many times as desired
MUS,131,Beginning Applied Music,Individual instruction in solo vocal or instrumental performance.,1,Music,141565,"course_name: Beginning Applied Music; course_number: MUS 131; fees: Course fees are in addition to regular tuition. For course fee amount, see Applied Music Coordinator and consult instructor at time of registration.; repeatability: May be repeated for credits three times"
MUS,175,Intro Music Of Polynesia,"A general survey of the traditional and acculturated music of eight major Polynesian island groups:  Tonga, Samoa, New Zealand, Cook Islands, Society Islands, Marquesas Islands, Easter Island, and Hawaiʻi.  Music is viewed as both an organization of sound and as a product of culture and people.",3,Music,141565,"attributes: ['DH', 'GAHP', 'GH', 'HPP']; course_name: Intro Music Of Polynesia; course_number: MUS 175; cross_listing: HWST 175"
MUS,176,Hist &amp; Dev Of Hawn Music,A general survey of the interrelationships of traditional and acculturated Hawaiian music. Vocal music genres to be discussed include: chant; Christian hymn singing; secular choral singing; male and female falsetto singing; Chalangalang; Hapa Haole; and contemporary. Instrumental music genres include: pre-European instrumental styles; slack key guitar; ʻukulele; and steel guitar.,3,Music,141565,"attributes: ['DH', 'GAHP', 'GH', 'HPP']; course_number: MUS 176; course_title: Hist & Dev Of Hawn Music; cross_listing: HWST 176"
MUS,195,Contemporary Island Music,"Survey of contemporary music in Hawaiʻi from the 1970’s to today’s popular music. Emphasis on performance, via the understanding of multi-cultural influences, styles of composers, and development of musical trends in Hawaiʻi. Practical experience with singing and ʻukulele.",3,Music,141565,"attributes: ['DA', 'HPP']; course_name: Contemporary Island Music; course_number: MUS 195"
MUS,225,Music Synthesis,"The use of computer-controlled synthesizers in musical composition, recording and performance; Music Instrument Digital Interface procedures and applications.",3,Music,141565,Course Name: Music Synthesis; Course Number: MUS 225; Prerequisites: MUS 126 and MUS 131C (Applied Music/Piano) or conference
MUS,231,Applied Music,"Individual instruction in solo vocal or instrumental performance at a foundational level. Performance at end of semester Convocation and Juries required. (B) voice; (C) piano; (D) organ; (F) recorder; (G) classical guitar; (H) violin; (I) viola; (J) cello; (K) double bass; (M) flute; (N) oboe; (O) clarinet; (P) bassoon; (Q) saxophone; (R) trumpet; (S) French horn; (T) trombone; (U) tuba; (X) euphonium; (Y) percussion; (Z) other. Repeatable for four semesters. A-F only. (Formerly offered as MUS 135, MUS 136, MUS 235, and MUS 236).",1,Music,141565,corequisites: MUS  130; prerequisites: Audition or Instructor's Consent
MUS,240,Creative Apps of Music Tech,Fundamental technology concepts learned through creative projects. Exposure to a variety of music and audio software.,3,Music,141565,attributes: DA; prerequisites: MUS  108 or Instructor's consent
MUS,276,"Music, Gender, and Sexuality","An examination of the connections between gender, sexuality, and music, with emphasis on the music's relation to cultural, social, political, and historical contexts.",3,Music,141565,attributes: DH; prerequisites: ENG  100/100T or ESL  100/100T
MUS,281,Theory I,"Materials and organization of music; analysis, writing, and keyboard application. (Formerly offered as MUS 185).",2,Music,141565,corequisites: MUS  283 or Instructor's consent; prerequisites: MUS  108 or Instructor's consent
MUS,282,Theory II,Continuation of MUS 281. (Formerly offered as MUS 186).,2,Music,141565,corequisites: MUS  284 or Instructor's consent; prerequisites: MUS  281 or Instructor's consent
MUS,283,Aural Training I,"Perception, identification, and notation of musical sounds through dictation and sight singing.",1,Music,141565,"Prerequisites: MUS 108 and ability to sing diatonic melodies at sight, or Instructor's consent; Previous Course Number: MUS 185L"
MUS,284,Aural Training II,Continuation of MUS 283. (Formerly offered as MUS 186L).,1,Music,141565,corequisites: MUS  282 or Instructor's consent; prerequisites: MUS  283 or Instructor's consent
MUS,285,Music Theory III,"Detailed study of theory: writing, analysis, keyboard application.",3,Music,141565,corequisites: MUS  287 or Instructor's consent; prerequisites: MUS  282
MUS,286,Theory IV,Continuation of MUS 285.,3,Music,141565,corequisites: MUS  288 or Instructor's consent; prerequisites: MUS  285
MUS,287,Aural Training III,"Advanced level of perception, identification, and notation of musical sounds through dictation and sight-singing. (Formerly offered as MUS 285L).",1,Music,141565,corequisites: MUS  285 or Instructor's consent; prerequisites: MUS  284
MUS,288,Aural Training IV,Continuation of MUS 287. (Formerly offered as MUS 286L).,1,Music,141565,corequisites: MUS  286 or Instructor's consent; prerequisites: MUS  287
MUS,324,Choral Conducting,"Basic conducting technique and its application to the directing of choral organizations. Includes score reading, lyric dictation, rehearsal techniques, and interpretative problems. Research in conducting skills and problems.",3,Music,141565,corequisites: Concurrent enrollment in a choral ensemble; former_course_number: MUS 390; prerequisites: MUS 282 or Instructor's consent
MUS,331,Applied Music,"Individual instruction in solo vocal or instrumental performance at a foundational level. Performance at end of semester Convocation and Juries required. (B) voice; (C) piano; (D) organ; (F) recorder; (G) classical guitar; (H) violin; (I) viola; (J) cello; (K) double bass; (M) flute; (N) oboe; (O) clarinet; (P) bassoon; (Q) saxophone; (R) trumpet; (S) French horn; (T) trombone; (U) tuba; (X) euphonium; (Y) percussion; (Z) other. Repeatable for four semesters. A-F only. (Formerly offered as MUS 335, MUS 336, MUS 435, and MUS 436).",1,Music,141565,corequisites: MUS  130; prerequisites: Advancement from MUS  231 or Instructor's consent
MUS,340,Electronic Music,Basic techniques of electronic sound synthesis.,3,Music,141565,Prerequisites: MUS 240 or Instructor's consent; Previous Course Number: MUS 325
MUS,359,Music and Activism,"An exploration of the ways in which music has been used to create and support social change. The role of music in movements involving resistance, protest, and activism for political, social, and environmental justice, both in the U.S. and globally.",3,Music,141565,attributes: DH; course_name: Music and Activism; course_number: MUS 359; cross_listing: WS 359
MUS,365,History of Western Music I,"Development of Western music from its origins to the 1750. Styles, schools, and composers.",3,Music,141565,attributes: DA; prerequisites: MUS  160 or instructor's consent
MUS,366,History Of Western Music II,"Development of Western music from its origins to the twentieth century. Styles, schools, and composers.",3,Music,141565,attributes: DA; prerequisites: MUS  160 or instructor's consent
MUS,367,History of Pop Music,"MUS 367 History of American Pop Music (3) An examination of American popular music from the 16th through 21st centuries with emphasis on the music's relation to cultural and historical contexts, and technological and aesthetic developments. Listening and discussions focus on a variety of music including jazz, blues, rock and roll, reggae and hip hop.",3,Music,141565,attributes: DH; prerequisites: ENG  100
MUS,375,Japanese Music,"Historical survey of traditional, contemporary, and Western-influenced music of Japan and study of major genres. No previous musical knowledge is required. (Same as JPST 375).",3,Music,141565,attributes: GAHP; prerequisites: Junior standing or consent of instructor
MUS,383,Orchestration,Survey of instruments for the orchestra and band. Study of selected scores. Basic principles of scoring and transcribing for the orchestra or band. Two semester projects.,3,Music,141565,course_name: Orchestration; course_number: MUS 383; formerly_offered_as: MUS 349; prerequisites: MUS 282 or Instructor's consent
MUS,400,Topics in Music,"Topics in history, literature, theory, world music, and applied music. May be repeated for credit once. (Formerly offered MUS 465).",3,Music,141565,"attributes: DA, DH; prerequisites: ENG  100"
MUS,401,Vulcan Band,"Rehearsals and performances for athletic events, pep rallies, and other similar events. Public performance required.",2,Music,141565,course_name: Vulcan Band; course_number: MUS 401; prerequisites: Audition; repeatability: May be repeated for credit
MUS,402,Jazz Orchestra,"Instruction and rehearsal in various types/genres of depending on instrumentation and personnel. Emphasis instrumental music. Public performance may be required, on music literacy and individual performance skills.",3,Music,141565,course_name: Jazz Orchestra; course_number: MUS 402; prerequisites: audition or instructor's consent; repeatable: True
MUS,404,Kapili Choir,"Performance of choral literature, including accompanied, a capella, and major choral works. Includes pan-Pacific music and features Hawaiian language and place-based mele. May be repeated for credit as many times as desired.",3,Music,141565,"attributes: DA, GCC; prerequisites: audition or instructor's consent"
MUS,406D,Keyboard Accompanying,Rehearsals and performance of chamber music for small instrumental/vocal groups. Public performance required.,2,Music,141565,Course_Name: Keyboard Accompanying; Course_Number: MUS 406D; Prerequisites: audition and consultation; Repeatability: May be repeated for credit
MUS,406E,Saxophone Quartet,Rehearsals and performance of chamber music for small instrumental/vocal groups. Public performance required.,2,Music,141565,course_name: Saxophone Quartet; course_number: MUS 406E; prerequisites: audition and consultation; repeatability: May be repeated for credit
MUS,406F,Chamber Music Ensemble,Rehearsals and performance of chamber music for small instrumental/vocal groups. Public performance required.,2,Music,141565,course_name: Chamber Music Ensemble; course_number: MUS 406F; prerequisites: audition and consultation; repeatability: May be repeated for credit
MUS,406G,Brass Ensemble,Rehearsals and performance of chamber music for small instrumental/vocal groups. Public performance required.,2,Music,141565,Prerequisites: audition and consultation; Repeatability: May be repeated for credit
MUS,406H,String Ensemble,Rehearsals and performance of chamber music for small instrumental/vocal groups. Public performance required.,2,Music,141565,Prerequisites: audition and consultation; Repeatability: May be repeated for credit
MUS,406I,Woodwind Ensemble,Rehearsals and performance of chamber music for small instrumental/vocal groups. Public performance required.,2,Music,141565,Prerequisites: audition and consultation; Repeatability: May be repeated for credit
MUS,406J,Percussion Ensemble,Rehearsals and performance of chamber music for small instrumental/vocal groups. Public performance required.,2,Music,141565,course_name: Percussion Ensemble; course_number: MUS 406J; prerequisites: audition and consultation; repeatability: May be repeated for credit
MUS,406L,New Music Ensemble,Rehearsals and performance of chamber music for small instrumental/vocal groups. Public performance required.,2,Music,141565,course_name: New Music Ensemble; course_number: MUS 406L; prerequisites: audition and consultation; repeatability: May be repeated for credit
MUS,406M,Musical Theatre Ensemble,Rehearsals and performance of chamber music for small instrumental/vocal groups. Public performance required.,2,Music,141565,course_number: MUS 406M; course_title: Musical Theatre Ensemble; prerequisites: audition and consultation; repeatability: May be repeated for credit
MUS,410,Ensembles,Performance of literature for ensembles and performing groups of various sizes and kinds; (A) Musical Theatre; (B) Vocal Chamber Ensemble; (C) Instrumental Chamber Ensemble; (Z) Other.,3,Music,141565,"Course_Sections: ['(A) Musical Theatre', '(B) Vocal Chamber Ensemble', '(C) Instrumental Chamber Ensemble', '(Z) Other']; Prerequisites: Audition and Instructor's consent; Previous_Course_Number: MUS 406; Repeatability: May be repeated for credit as many times as desired"
MUS,419,Music in Education,Study of practical methods and materials used in teaching basic musical concepts in educational settings serving children and youth. Opportunities for field work will be incorporated into class activities.,3,Music,141565,"attributes: ['DA', 'GCC']; course_name: Music in Education; course_number: MUS 419"
MUS,485,Form &amp; Analysis,"Form, texture, and style in music literature from Renaissance to present. Formal analysis and writing. Larger forms with various textures; recent contemporary approaches to continuity.",3,Music,141565,Prerequisites: instructor's consent
MUS,487,Counterpoint,"Form, texture, and style in music literature from Renaissance to present. Formal analysis and writing. Contrapuntal textures and forms.",3,Music,141565,Course Name: Counterpoint; Course Number: MUS 487; Prerequisites: Instructor Consent
MUS,490,Lyric Theatre,"Examination of history, theory, and techniques that shaped American Musical Theatre, with emphasis on major composers, choreographers, and performers. Lab work in singing and other performance requirements, leading to a final performance project.",3,Music,141565,attributes: ['DA']; course_name: Lyric Theatre; course_number: MUS 490; previous_course_number: DRAM 490
NRES,196,Intro to Natural Resource Mgmt,"This course highlights the biological and physical science aspects of natural resource management at local, national, and global scales.  Topics covered will include resource management of soil, water, forests, rangelands, wetlands, coasts and wildlife.  This is an intro-level course designed to introduce key concepts and topical areas in natural resources and environmental management.",3,Natural Resources,141565,"attributes: ['DB', 'HPP']; course_name: Intro to Natural Resource Mgmt; course_number: NRES 196"
NRES,230,Philippines Envirn &amp; Nat Resou,"Examination of the Philippines environment and natural resources from a long-term perspective.  Analysis of the effects of resource management practices on environmental quality, agroecosystems, the economy, and food security. Consideration of conflicting values and resolution.",3,Natural Resources,141565,attributes: GAHP; course_code: NRES 230; course_title: Philippines Envirn & Nat Resou
NRES,410,Invasive Species &amp; Ecosystems,"Invasive species comprise one of the greatest immediate threats to global biodiversity.  This course will focus on the ecological impacts of such species, the factors influencing their establishment, and the theory and practice of controlling invasive species.",3,Natural Resources,141565,"course_name: Invasive Species & Ecosystems; course_number: NRES 410; prerequisites: ['FOR 202', 'BIOL 171', 'BIOL 281', ""Instructor's consent""]"
NRES,425,Marine Biogeochemistry,"Marine Biogeochemistry examines the chemical processes occurring in marine and estuarine waters, their impact on near shore and oceanic environments, and their connection to climatic stability.  Marine biogeochemistry is inherently interdisciplinary, involving aspects of biology, earth science and physics, as well as chemistry.",3,Natural Resources,141565,Prerequisites: CHEM 151 or CHEM 161 or consent of instructor
NRES,430,GIS Application in Nat Res Mgt,"GIS and spatial techniques in natural resource management. Spatial data structures, map projection, global positioning system. How to create spatial data sets through GPS survey. Utilization of GIS software and performance of basic spatial analysis.",3,Natural Resources,141565,course_name: GIS Application in Nat Res Mgt; course_number: NRES 430; prerequisites: Instructor consent required
NRES,455,Pac Climate Change Adaptation,This course focuses on three major components: 1) understanding the basic science of climate change; 2) impacts on productive sectors and coastal activities; and 3) vulnerability assessments and adaptation strategies for integrated coastal management initiatives as well as for individual sectors.,3,Natural Resources,141565,attributes: GAHP; prerequisites: Junior standing
NSCI,476,Communicating Science,"Introduction to theory and practice of communicating science to general audiences, focusing on adults but including teens and children.",3,Natural Sciences,141565,"course_name: Communicating Science; course_number: NSCI 476; prerequisites: Senior standing and six credits from upper division courses in ASTR, BIOL, CHEM, ENSC, GEOL, MARE, or PHYS"
NURS,202,Health Promotion,"This course is designed for students to understand health in the broadest sense of the word -- as an integrated process for discovering, using, and protecting all possible resource within the individual, 'ohana, community, and environment.",3,Nursing,141565,course_name: Health Promotion; course_number: NURS 202; cross_listed: KES 202
NURS,203,General Pharmacology,"Pharmaceuticals discussed with emphasis on methods and sites of administration, mechanisms of action, toxicity, rate and uses of major therapeutic agents. Intended for undergraduates in the health sciences and related fields.",3,Nursing,141565,"course_name: General Pharmacology; course_number: NURS 203; prerequisites: MATH 100, BIOL 243, 243L, 244, 244L or instructor's consent"
NURS,347,Health Assessment,Introduction to comprehensive health assessment of clients across the life span using critical thinking skills. Emphasis on the pathophysiologic influences on subjective and objective findings of selected systems. Detailed health assessment techniques will be introduced as well as methods of comprehensive history-taking.,3,Nursing,141565,course_name: Health Assessment; course_number: NURS 347; restrictions: Restricted to Nursing students only
NURS,348,Human Pathophysiology,This course explores concepts of the biological basis for disease in adults and children. Alterations in normal body functions leading to disease and discomfort of the individual will be presented with an organized framework.,3,Nursing,141565,course_name: Human Pathophysiology; course_number: NURS 348; restrictions: Restricted to Nursing and Pre-Nursing students only
NURS,350,Transcultural Care &amp; Hlth Prom,"The course introduces basic principles of teaching-learning, adult learning, group process and basic transcultural  care and health promotion concepts.",3,Nursing,141565,"attributes: ['DS', 'GAHP', 'HPP']; course_name: Transcultural Care & Hlth Prom; course_number: NURS 350; restrictions: Restricted to Nursing Students Only"
NURS,351,Professnl Nsg Issues &amp; Trends,"Introduction of contemporary health reform issues and trends affecting the nursing profession. Overview of the history of nursing, significant national nursing studies, code of ethics, relationship of nursing theory to nursing practice and nursing research. Includes introduction to client care management.",3,Nursing,141565,Prerequisites: Junior standing; Restrictions: Restricted to Nursing Students Only
NURS,358,Nursing Research,Introduction to the research process and the application of scientific method in nursing.,3,Nursing,141565,course_name: Nursing Research; course_number: NURS 358; restrictions: Restricted Nursing students only
NURS,359,Foundation of Health Promotion,"Exploration of the relationship between health promotion, health policy, and the impact on health conditions in diverse populations. Examination of the importance of health behavior and social determinants of health as contributors to current health problems, and the role of health promotion and education programs in addressing them.",3,Nursing,141565,course_name: Foundation of Health Promotion; course_number: NURS 359
NURS,360,Health Care Policy,"Analyses of local, national and global economic, legal and social factors impacting health care policies.  Discussion of relationship between emerging social issues/trends and health care disparities and capacities.  Discussion of social justice, cultural competence, and equity in access and delivery of health care services.  Opportunities are provided to participate in political processes impacting nursing and health care policy.",3,Nursing,141565,course_name: Health Care Policy; course_number: NURS 360; cross_listing: SOC 360
NURS,361,BSN Nursing Preview,Preview of academic and clinical opportunities for baccalaureate level nurses with an emphasis on leadership roles and advanced practice. Exploration of strategies for success as a life-long learner. An experiential component is included in this course which will supplement didactic content.,3,Nursing,141565,"course_name: BSN Nursing Preview; course_number: NURS 361; restrictions: restricted to licensed registered nurses who are in the RN to BSN option of the BSN Program, or by instructor's consent; semester_offerings: every spring"
NURS,362,Nursing Professional Writing,The professional writing course is tailored for students planning careers in nursing.  This class assists the student in developing professional writing skills.  Writing is an essential component of the communication skills that help define professional nursing practice.  The APA style is included to guide clear and professional communication.  It encompasses standards for the content and organization of a paper and ways to express ideas clearly while reducing bias in language.,3,Nursing,141565,course_code: NURS 362; course_name: Nursing Professional Writing
NURS,370,Transcultural Health Care,"Introduces theories of transcultural nursing and human caring with an emphasis on exploring the caring values, beliefs, client/family lifeways and health practices of different ethnic groups and self by using culturalogical care assessment skills.",3,Nursing,141565,course_name: Transcultural Health Care; course_number: NURS 370; restrictions: Restricted to Pre-nursing and Nursing students only
NURS,371,Health Information Technology,"Overview of information technology. Topics cover concepts and methodologies to plan, analyze, design, implement and evaluate health information systems.",3,Nursing,141565,course_name: Health Information Technology; course_number: NURS 371; restrictions: Restricted to Pre-nursing and Nursing students only
NURS,372,Spirituality in Health Care,An examination of the role of spirituality in patient care for clients of multicultural backgrounds across the life span. Exploration of spirituality as an integral part of self.,3,Nursing,141565,Course: NURS 372; Title: Spirituality in Health Care
NURS,373,Gerontological Health Care,Care of the aging adult with an emphasis on successful aging and health promotion.  Integration of theory and evidence-based practice in providing culturally congruent care.,3,Nursing,141565,Course: NURS 373; Course_Title: Gerontological Health Care
NURS,374,Skills Nursing Leadrshp &amp; Mgmt,"Development of effective leadership skills, communication skills, interpersonal skills, presentation and technical writing skills necessary for nursing leadership and management. Emphasis on team management and conflict resolution skills are included.",3,Nursing,141565,course_code: NURS 374; course_name: Skills Nursing Leadrshp & Mgmt
NURS,375,Applied Human Nutrition,"Applied nutrition in human health and disease, and the nurse's role in supporting nutritional care.",3,Nursing,141565,"Prerequisites: one chemistry and one anatomy/physiology course, or consent of instructor; Restrictions: Restricted to Pre-nursing and Nursing students only"
NURS,376,Human Lactation,"An in-depth focus on the anatomical and physiological basis of lactation and breastfeeding. This course includes the history of infant feeding in the US, the role of culture, benefits of breastfeeding, anatomy and physiology of human lactation including composition of human milk, evidence-based breastfeeding support for expectant and new mothers, and identification of barriers and common breastfeeding problems.",3,Nursing,141565,corequisites: No corequisites; course_name: Human Lactation; course_number: NURS 376; cross_listing: No cross-listing; prerequisites: No prerequisites; repeatability_for_credit: No repeatability for credit; special_grading_options: No special grading options
NURS,377,End of Life Care,"This course will introduce, explore and assist interdisciplinary providers (nursing physicians, social workers, spiritual counselors, volunteers, etc) and other individuals to recognize and understand issues related to end of life care.",3,Nursing,141565,course_name: End of Life Care; course_number: NURS 377
NURS,409,Perinatal &amp; Pediatric Health,"Emphasizes the nursing process in providing culturally appropriate care to perinatal women and to children, in the context of the family. Explores preventative health care, anticipatory guidance and health promotion in a developmental context.",3,Nursing,141565,course_name: Perinatal & Pediatric Health; course_number: NURS 409; restrictions: Restricted to Nursing students
NURS,409L,Perinatal &amp; Pediatric Hlt Prac,"Application of the nursing process in providing culturally congruent nursing care to perinatal women, and to infants, children, adolescents, and their families. Supervised clinical experiences in labor/delivery, nursery, postpartum, inpatient pediatrics and/or community settings.",3,Nursing,141565,course_name: Perinatal & Pediatric Hlt Prac; course_number: NURS 409L; restrictions: Restricted to Nursing students only
NURS,411,Community &amp; Collaborative Hlt,Emphasis on culturally sensitive care to families and other groups in community health delivery settings. Identification of organizational resources and delivery patterns are investigated for effectiveness in addressing client needs in a variety of community settings.,3,Nursing,141565,course_name: Community & Collaborative Hlt; course_number: NURS 411; restrictions: Restricted to Nursing students only
NURS,411L,Community &amp; Collaboration Prac,"Application of the nursing process in delivery of nursing care to individuals, families, groups, and communities. Integration of a service learning project utilizing organizational resources in collaborative relationships with community agencies.",3,Nursing,141565,course_name: Community & Collaboration Prac; course_number: NURS 411L; restrictions: Restricted to Nursing students only
NURS,457,Ldrshp &amp; Transition to Practic,Management and leadership concepts in delivering comprehensive nursing care to clients with complex health care needs. Emphasize critical thinking and evaluation of clinical judgments in nursing practice.,3,Nursing,141565,"attributes: ['ALEX', 'DS', 'GCC']; course_name: Ldrshp & Transition to Practic; course_number: NURS 457; restrictions: Restricted to Nursing students only"
NURS,458,Nursing Review,"Review of human body systems, nursing management, concepts, and skills in client health care. This review includes math and pharmacology with emphasis on critical thinking by discussion of NCLEX practice questions and related rationales.",3,Nursing,141565,course_name: Nursing Review; course_number: NURS 458; restrictions: Restricted to Nursing Students Only
NURS,458L,Nursing Review Practicum,Application of nursing skills in concentrated clinical experience in the acute care setting.,2,Nursing,141565,course_name: Nursing Review Practicum; course_number: NURS 458L; restrictions: Restricted to Nursing Students Only
NURS,459,Nursing Review,"Review of human body systems, nursing management, concepts, and skills in client health care.",2,Nursing,141565,Prerequisites: Nursing Major
NURS,471,Intro Rural-Home Health Care,Introduction to the theory and role of the nurse in providing culturally congruent care in rural and home settings for client/family systems.  Will examine the establishment of cooperative relationships with appropriate rural agencies.,3,Nursing,141565,course_name: Intro Rural-Home Health Care; course_number: NURS 471; restrictions: Restricted to Pre-nursing and Nursing students only
NURS,480,Nursing Remediation Theory,This course prepares the registered nurse who has been out of nursing for 5 years or more years to return to work. This course also meets the requirement as a remediation course for any applicant who has not passed their NCLEX 3 times within the past 3 years. Students needing NCLEX remediation are only required to complete this theory course.,4,Nursing,141565,"Eligibility Requirements: Graduated from an accredited school of nursing in good standing, attempted the NCLEX examination within the past 3 years, eligible to sit for the NCLEX exam upon completion of the course; Prerequisites: Instructor's Consent; Target Audience: Registered nurses who have been out of nursing for 5 years or more, applicants who have not passed their NCLEX 3 times within the past 3 years"
NURS,490,Contemporary Healthcare Ethics,"Contemporary Healthcare Ethics provides a thorough grounding in ethical principles and theories as evidenced in current healthcare issues and policies. Introduction of various frameworks for ethical decision-making, as well as current trends in the political, economic and legal spheres of the contemporary health care arena.",3,Nursing,141565,Other Requirements: Open to other non-nursing majors with permission from instructor.; Prerequisites: Enrollment in UH Hilo School of Nursing.
NURS,500,Masters Plan Studies,Used for continuous enrollment purposes. Does not count toward fulfillment of degree requirements.,1,Nursing,141565,Prerequisites: Master's or Doctoral candidacy and instructor's consent
NURS,601,Social Aspects of Health,"Complex interactions among the physical and social environment; health status; education; culture; and human capital in urban and rural communities are examined. Issues related to quality of life as the outcome of micro and macro-determinants of health, consequences of health that operate at the individual, family, neighborhood, community, national and global levels, and the influence of sociopolitical agendas and community organizations are addressed through a multidisciplinary framework.",3,Nursing,141565,course_code: NURS 601; course_name: Social Aspects of Health
NURS,602,Information Systems/Technology,"Examines emerging health information resources including: 1) the theory and conceptual base for healthcare information systems and technology; 2) design, selection, and use of current and developing health information technology applications; and 3) approaches to evaluating the effective- ness of health information systems used in health care systems, for patient care and in education.",3,Nursing,141565,Course: NURS 602; Course Title: Information Systems/Technology
NURS,603,Adv Clinical Pharmacology,"Focus on the pharmacotherapeutic principles of drugs most commonly used by advanced practice nurses.  Emphasis on the process of selecting appropriate agents for therapy, and monitoring adverse drug reactions or interactions with prescription, over-the-counter and alternative therapies. Emphasis on integration of pharmacy, physiology and physical assessment in developing evidence-based primary clinical management skills for patients across the lifespan with regard to their medication use.  Foundations of prescriptive authority will be addressed.",3,Nursing,141565,course_name: Adv Clinical Pharmacology; course_number: NURS 603
NURS,604,Advanced Clin Pathophysiology,"Advanced pathophysiological concepts and clinical manifestations of diseases necessary to support clinical decision-making of advanced practice nurses in the management of common acute and chronic diseases of adults, older adults and children are presented. Internal and external causative factors for disease expression including genetic, autoimmune, environmental, and biochemical will be addressed and rational therapies to prevent or control illness will be offered. Analysis of the interrelated effects of genes, environment, and lifestyle on patterns of disease in populations will be an integral part of developing evidence-based care. Relevant screening and diagnostic laboratory evaluation methods will be presented.",3,Nursing,141565,Course: NURS 604; Course Title: Advanced Clin Pathophysiology
NURS,606,Rural Health Promotion,"Focus is on the responsiveness of organizational health services to health needs of populations, individuals, and families in rural communities.  The impact of political, ecological, economic and cultural factors on community health in rural areas will be analyzed.  Utilization of evidence-based processes and collaborative leadership in designing and structuring health promotion services to address rural community needs are emphasized.",3,Nursing,141565,course_name: Rural Health Promotion; course_number: NURS 606
NURS,607,Primary Care of Adults,"Course focus is on primary care of adults addressing the evidence-based strategies for health promotion and disease prevention.  Integration and application of advanced pathophysiology and pharmacology will aid in addressing the management of common acute, episodic and chronic health problems.  Transcultural and biobehavioral assessments are used in the diagnosis and evidence-based management of health problems and are integrated into patient education and evaluation of care.",3,Nursing,141565,course_name: Primary Care of Adults; course_number: NURS 607
NURS,608,Primary Care of Older Adults,"Building on the management of acute and chronic illness of the adult, this course emphasizes special needs of the older adult.  The focus on quality of life will be supported utilizing theories of aging, management of complex chronic health problems, polypharmacy, dementia and frailty. Evidence-based management plans incorporating transcultural and functional assessments are used to address issues of self-care, family care giving, surrogate decision-making and end of life care.",3,Nursing,141565,course_name: Primary Care of Older Adults; course_number: NURS 608
NURS,609,Primary Care of Women,"The provision of comprehensive and culturally competent primary care to women including the maturation process from menarche, through pregnancy, childbearing period and menopause is presented.  Emphasis is on evidence-based health assessment, diagnosis, health education, health promotion, disease prevention, perinatal care, clinical management and evaluation of common gynecologic and obstetric health care needs of women commonly encountered in diverse and rural settings.",2,Nursing,141565,course_name: Primary Care of Women; course_number: NURS 609
NURS,610,Primary Care of Children,"Using normal development and physiology as the foundation of care, evidence-based management of the health and social needs of children will be addressed.  Management of acute and episodic illnesses in children commonly encountered in diverse primary care settings is emphasized.  Health education, health promotion and disease prevention of children are addressed.",2,Nursing,141565,course_name: Primary Care of Children; course_number: NURS 610
NURS,611,Advanced Research Methods,"This course focuses on the systematic examination and application of the qualitative, quantitative, and outcome processes used in nursing research.  The interrelationships among research theory, research ethics and evidence-based nursing practice are explored.  Uses of culturally appropriate research database tools consistent with specific patients or populations are included.",3,Nursing,141565,course_name: Advanced Research Methods; course_number: NURS 611
NURS,612,Evidence Based Practice,"Focus is on culturally appropriate evidence-based practice (EBP) used to produce best outcomes for diverse populations. Steps of the EBP process, implementation and evaluation of EBP, practical strategies and information systems approaches are explored. Proposal development for the practice inquiry project will be a primary objective of the course and will address issues and practices relevant to culturally diverse and rural populations.",3,Nursing,141565,Course: NURS 612; Title: Evidence Based Practice
NURS,613,Program Develop/Evaluation,"This course builds on the synthesis of evidence-based knowledge for a specific culturally diverse clinical target population/practice. Students will identify and propose appropriate strategies for organizational/practice program development and evaluation. An innovative policy action plan for a population of interest based on an understanding of the cultural, financial, legal, and human resource needs of the health care environment is developed.",3,Nursing,141565,course_name: Program Develop/Evaluation; course_number: NURS 613
NURS,614,System-Based Leadership,Leadership and management concepts used to address complex microsystem and macrosystem issues within selected health organizations are explored.  The role of the DNP within complex health organizations will be addressed using the interrelationships of special theoretical frameworks and models of care.  Emphasis is on the application of advanced communication skills necessary to serve on collaborative and interdisciplinary teams within health care organizations.,3,Nursing,141565,course_code: NURS 614; course_name: System-Based Leadership
NURS,615,Health Policy: Local to Global,"Emphasis will be on exploration and analysis of health policy from the perspective of evidence development, analysis, and socio-economic context.  The leadership role of the DNP in developing and implementing health policy is examined.  Social justice, access equity, and delivery of health care services will be discussed.  Opportunities are provided to participate in the political processes impacting nursing and health care policy.",4,Nursing,141565,course_name: Health Policy: Local to Global; course_number: NURS 615; credit_hours: 2 semester hours; practicum_hours: 90 clock hours
NURS,616,Health Economics,"Basic economic theory, market drivers and restraints, cost/ benefit analysis, and reimbursement are analyzed.  Theory and application are integrated with a focus on the role of the DNP in complex healthcare organizations, the delivery of healthcare in rural settings, and the DNP as entrepreneur. Issues of equity, fairness, ethics, and efficacy in health care resource allocation and management are explored.",3,Nursing,141565,course_name: Health Economics; course_number: NURS 616
NURS,618,EPI/Environmental Health,"Epidemiological concepts and quantitative research techniques used in modern epidemiology will be examined as well as the health effects on the general population associated with selected environmental exposures.  The course emphasizes analytical studies, quantitative measures of association, and critical readings of current literature.  Epidemiology approaches estimating the burden of disease and evaluation of primary, secondary and tertiary prevention strategies are presented.",3,Nursing,141565,course_name: EPI/Environmental Health; course_number: NURS 618
NURS,619,Mentorship in Nursing Educ,Supervised practicum in instructional planning and teaching in nursing education. Students may choose between two pathways: mentorship and teaching in a didactic course or clinical practicum.,3,Nursing,141565,course_name: Mentorship in Nursing Educ; course_number: NURS 619
NURS,620,Contemp Health Care Ethics,"Contemporary Health Care Ethics provides a thorough grounding in ethical principles and theories as evidenced in current healthcare issues and policies.  Introduction of various frameworks for ethical decision-making and policy analysis, as well as current trends in the political, economic and legal spheres of the contemporary health care arena.",3,Nursing,141565,course_name: Contemp Health Care Ethics; course_number: NURS 620
PACS,108,Pacific Worlds,"Introduces students to the geography, societies, histories, cultures, contemporary issues, and arts of Oceania, including Hawai‘i. Combines lectures and discussion that emphasize Pacific Islander perspectives and experiences.",3,Pacific Islands Studies,141565,attributes: HPP; course_name: Pacific Worlds; course_number: PACS 108
PHAR,500,Cornerstone Pharmacy and Sci,"Fundamentals of basic sciences pertinent to the profession of pharmacy including but not limited to, review of organic chemistry functional groups, application of biochemistry and biological sciences, human anatomy/physiology, and mathematical principles and pharmacy calculations.",2,Pharmacy,141565,Course: PHAR 500; CourseTitle: Cornerstone Pharmacy and Sci; Prerequisites: Enrolled in the Daniel K Inouye College of Pharmacy
PHAR,501,Intro Pharm Prac Exp I,"First Introductory Pharmacy Practice Experience (IPPE) course that will introduce students to some of the common healthcare settings, increasing their exposure to career pathways, and gaining an introductory understanding of pharmacists’ roles and responsibilities in practice.",1,Pharmacy,141565,Prerequisites: Enrolled in the Daniel K Inouye College of Pharmacy
PHAR,511,Foundational Pharm Biochem,This course will present principles critical for understanding the biochemical basis for disease states and drug action. Clinical correlates and metabolic diseases will be highlighted.,2,Pharmacy,141565,course_name: Foundational Pharm Biochem; course_number: PHAR 511; prerequisites: Enrolled in the Daniel K Inouye College of Pharmacy
PHAR,512,Foundational Pharm Immunology,Basic concepts of immunology will lay the groundwork for understanding immunity in a clinical context including how the immune system can be pharmacologically manipulated to improve or prevent diseases.,2,Pharmacy,141565,course_name: Foundational Pharm Immunology; course_number: PHAR 512; prerequisites: Enrolled in the Daniel K Inouye College of Pharmacy
PHAR,513,Pharmaceutical Formulations I,"This course introduces principles, practices and technologies applied in the preparation of pharmaceutical dosage forms and drug delivery systems. Students will integrate these principles to understand issues in the rational and selection of dosage forms and drug delivery systems.",2,Pharmacy,141565,Prerequisites: Enrolled in the Daniel K Inouye College of Pharmacy
PHAR,514,Pharmacology/Medicinal Chem I,"Pharmacology and medicinal chemistry of medications including the pharmacy practice-relevance specific to each drug class and how these medications work in the body, with particular emphasis on mechanisms of drug action.",3,Pharmacy,141565,Prerequisites: Enrolled in the Daniel K Inouye College of Pharmacy
PHAR,515,Drug Information,"Introduction to different types of drug literature, drug information and evidence-based medicine resources and tools, and adverse drug reactions and medication error databases which is vital to keep pharmacists knowledgeable of current advancements.",2,Pharmacy,141565,course_name: Drug Information; course_number: PHAR 515; prerequisites: Enrolled in the Daniel K Inouye College of Pharmacy
PHAR,517,Foundational Calculations,Fundamentals of and how to accurately perform calculations used in different types of pharmacy practice settings to assure medications are safe and effective.,1,Pharmacy,141565,course_name: Foundational Calculations; course_number: PHAR 517; prerequisites: Enrolled in the Daniel K Inouye College of Pharmacy
PHAR,519,Therapeutic Prob Solving I,"First course in Therapeutic Problem Solving series; Integration and application of patient-centered care that focuses on general health, wellness, and disease prevention, and appropriate self-care therapy for commonly encountered conditions in the community setting.",2,Pharmacy,141565,course_name: Therapeutic Prob Solving I; course_number: PHAR 519; prerequisites: Enrolled in the Daniel K Inouye College of Pharmacy
PHAR,520,Princ of Pharm Readiness II,"Second course in series; Emphasis on the skills, attitudes, and values that are essential for achieving high performance in healthcare practice and in achieving personal career success as a pharmacist. Course serves as an anchor for the co-curriculum and interprofessional education activities.",1,Pharmacy,141565,"attributes: GCC, HPP; prerequisites: Enrolled in the Daniel K Inouye College of Pharmacy (Attributes: GCC, HPP)"
PHAR,523,Pharmaceutical Formulations II,"This course continues to provide an introduction to and discussion of other pharmaceutical dosage forms and drug delivery systems such as liquid, sterile and non-sterile drug delivery systems, and emerging delivery systems. Concepts of extemporaneous aseptic and non-sterile compounding of dosage forms will be introduced.",2,Pharmacy,141565,Course Name: Pharmaceutical Formulations II; Course Number: PHAR 523; Prerequisites: Enrolled in the Daniel K Inouye College of Pharmacy
PHAR,524,Pharmacology/Medicinal Chem II,"Second course in a 2-course series, teaching pharmacy practice-relevant specific pharmacology and medicinal chemistry of each drug class and how these medications work in the body, with particular emphasis on mechanisms of drug action.",3,Pharmacy,141565,course_name: Pharmacology/Medicinal Chem II; course_number: PHAR 524; prerequisites: Enrolled in the Daniel K Inouye College of Pharmacy
PHAR,525,Evidence-Based Sci &amp; Prac I,"Introduction to research designs/methods, pharmacoepidemiology, statistical concepts and reasoning, and their relevance and importance to the practice of pharmacy. Coursework will provide students with foundational knowledge to justify and select the proper research methods and interpret statistical results in clinical research and medical literature.",2,Pharmacy,141565,Prerequisites: Enrolled in the Daniel K Inouye College of Pharmacy
PHAR,526,Topics in Healthcare I,"An overview of the US healthcare delivery system, including social, organizational, and economic aspects, from the perspective of the pharmacy profession, healthcare system, laws governing medications/devices and the cost effectiveness of drugs/devices.",1,Pharmacy,141565,course_name: Topics in Healthcare I; course_number: PHAR 526; prerequisites: Enrolled in the Daniel K Inouye College of Pharmacy; series_info: First course in series
PHAR,527,Foun Indiv Pharmacotherapy,"Introduction to pharmacokinetics (PK), pharmacodynamics (PD) and pharmacogenomics (PGx) that will provide students with the tools and principles to individualize a patient’s treatment by selecting an optimal dose and dosing regimen.",1,Pharmacy,141565,Prerequisites: Enrolled in the Daniel K Inouye College of Pharmacy
PHAR,528,Therapeutic Prob Solving II,"Second course in Therapeutic Problem Solving series and a continuation of PHAR 519; Integration and application of patient-centered care that focuses on general health, wellness, and disease prevention, and appropriate self-care therapy for commonly encountered conditions in the community setting.",2,Pharmacy,141565,course_name: Therapeutic Prob Solving II; course_number: PHAR 528; prerequisites: Enrolled in the Daniel K Inouye College of Pharmacy
PHAR,529,Therapeutic Prob Solving III,"Third course in Therapeutic Problem Solving series focusing on pharmacotherapy related to different disease states, applying pathophysiology, pharmacology, and medicinal chemistry concepts. This holistic approach fosters the development of a comprehensive clinical understanding to prevent and manage associated disease states.",2,Pharmacy,141565,Course Number: PHAR 529; Course Title: Therapeutic Prob Solving III; Prerequisites: Enrolled in the Daniel K Inouye College of Pharmacy
PHAR,530,Princ of Pharm Readiness III,"Third course in series; Emphasis on the skills, attitudes, and values that are essential for achieving high performance in healthcare practice and in achieving personal career success as a pharmacist. Course serves as an anchor for the co-curriculum and interprofessional education activities.",1,Pharmacy,141565,Prerequisites: Enrolled in the Daniel K Inouye College of Pharmacy
PHAR,535,Evidence-Based Sci &amp; Prac II,"Introduction and application of concepts of evidence-based medicine and practice, measures of risk and benefit, and provides tools to evaluate medical literature from a variety of clinical study designs for shared decision-making in practice.",2,Pharmacy,141565,Prerequisites: Enrolled in the Daniel K Inouye College of Pharmacy
PHAR,537,Therapeutic Prob Solving IV,"Fourth course in Therapeutic Problem Solving series focusing on pharmacotherapy related to different disease states, applying pathophysiology, pharmacology, and medicinal chemistry concepts. This holistic approach fosters the development of a comprehensive clinical understanding to prevent and manage associated disease states.",2,Pharmacy,141565,Course Name: Therapeutic Prob Solving IV; Course Number: PHAR 537; Prerequisites: Enrolled in the Daniel K Inouye College of Pharmacy
PHAR,538,Therapeutic Prob Solving V,"Fifth course in Therapeutic Problem Solving series focusing on pharmacotherapy related to different disease states, applying pathophysiology, pharmacology, and medicinal chemistry concepts. This holistic approach fosters the development of a comprehensive clinical understanding to prevent and manage associated disease states.",2,Pharmacy,141565,course_name: Therapeutic Prob Solving V; course_number: PHAR 538; prerequisites: Enrolled in the Daniel K Inouye College of Pharmacy
PHAR,539,Therapeutic Prob Solving VI,"Sixth course in Therapeutic Problem Solving series focusing on pharmacotherapy related to different disease states, applying pathophysiology, pharmacology, and medicinal chemistry concepts. This holistic approach fosters the development of a comprehensive clinical understanding to prevent and manage associated disease states.",2,Pharmacy,141565,Prerequisites: Enrolled in the Daniel K Inouye College of Pharmacy
PHAR,540,Princ of Pharm Readiness IV,"Fourth course in series; Emphasis on the skills, attitudes, and values that are essential for achieving high performance in healthcare practice and in achieving personal career success as a pharmacist. Course serves as an anchor for the co-curriculum and interprofessional education activities.",1,Pharmacy,141565,Prerequisites: Enrolled in the Daniel K Inouye College of Pharmacy
PHAR,546,Topics in Healthcare II,"Second course in series; Continuation of discussions related to US healthcare delivery systems, including social, organizational, and economic aspects, from the perspective of the pharmacy profession, healthcare system, laws governing medications/devices and the cost effectiveness of drugs/devices.",3,Pharmacy,141565,course_name: Topics in Healthcare II; course_number: PHAR 546; prerequisites: Enrolled in the Daniel K Inouye College of Pharmacy
PHAR,547,Therapeutic Prob Solving VII,"Seventh course in Therapeutic Problem Solving series focusing on pharmacotherapy related to different disease states, applying pathophysiology, pharmacology, and medicinal chemistry concepts. This holistic approach fosters the development of a comprehensive clinical understanding to prevent and manage associated disease states.",2,Pharmacy,141565,course_name: Therapeutic Prob Solving VII; course_number: PHAR 547; prerequisites: Enrolled in the Daniel K Inouye College of Pharmacy
PHAR,548,Therapeutic Prob Solving VIII,"Eighth course in Therapeutic Problem Solving series focusing on pharmacotherapy related to different disease states, applying pathophysiology, pharmacology, and medicinal chemistry concepts. This holistic approach fosters the development of a comprehensive clinical understanding to prevent and manage associated disease states.",2,Pharmacy,141565,Course Number: PHAR 548; Course Title: Therapeutic Prob Solving VIII; Prerequisites: Enrolled in the Daniel K Inouye College of Pharmacy
PHAR,549,Therapeutic Prob Solving IX,"Ninth course in Therapeutic Problem Solving series focusing on pharmacotherapy related to different disease states, applying pathophysiology, pharmacology, and medicinal chemistry concepts. This holistic approach fosters the development of a comprehensive clinical understanding to prevent and manage associated disease states.",2,Pharmacy,141565,course_name: Therapeutic Prob Solving IX; course_number: PHAR 549; prerequisites: Enrolled in the Daniel K Inouye College of Pharmacy
PHAR,550,Princ of Pharm Readiness V,"Fifth course in series; Emphasis on the skills, attitudes, and values that are essential for achieving high performance in healthcare practice and in achieving personal career success as a pharmacist. Course serves as an anchor for the co-curriculum and interprofessional education activities.",1,Pharmacy,141565,Prerequisites: Enrolled in the Daniel K Inouye College of Pharmacy
PHAR,552,Essential Pharm Skills IV,Please contact the department or division office for more information about this course.,2,Pharmacy,141565,
PHAR,555,Pharmacy Informatics and Tech,"Information systems and technologies that are used in healthcare, focusing on those used to prescribe, dispense, and manage medications across the continuum of care settings to deliver optimal medication- related patient care and health outcomes.",2,Pharmacy,141565,course_name: Pharmacy Informatics and Tech; course_number: PHAR 555; prerequisites: Enrolled in the Daniel K Inouye College of Pharmacy
PHAR,557,Therapeutic Prob Solving X,"Tenth course in Therapeutic Problem Solving series focusing on pharmacotherapy related to different disease states, applying pathophysiology, pharmacology, and medicinal chemistry concepts. This holistic approach fosters the development of a comprehensive clinical understanding to prevent and manage associated disease states.",2,Pharmacy,141565,Prerequisites: Enrolled in the Daniel K Inouye College of Pharmacy
PHAR,558,Therapeutic Prob Solving XI,"Eleventh course in Therapeutic Problem Solving series focusing on pharmacotherapy related to different disease states, applying pathophysiology, pharmacology, and medicinal chemistry concepts. This holistic approach fosters the development of a comprehensive clinical understanding to prevent and manage associated disease states.",2,Pharmacy,141565,Course Number: PHAR 558; Course Title: Therapeutic Prob Solving XI; Prerequisites: Enrolled in the Daniel K Inouye College of Pharmacy
PHAR,559,Therapeutic Prob Solving XII,"Twelfth course in Therapeutic Problem Solving series focusing on pharmacotherapy related to different disease states, applying pathophysiology, pharmacology, and medicinal chemistry concepts. This holistic approach fosters the development of a comprehensive clinical understanding to prevent and manage associated disease states.",2,Pharmacy,141565,course_name: Therapeutic Prob Solving XII; course_number: PHAR 559; prerequisites: Enrolled in the Daniel K Inouye College of Pharmacy
PHAR,560,Princ of Pharm Readiness VI,"Last course in series; Emphasis on the skills, attitudes, and values that are essential for achieving high performance in healthcare practice and in achieving personal career success as a pharmacist. Course serves as an anchor for the co-curriculum and interprofessional education activities.",1,Pharmacy,141565,Prerequisites: Enrolled in the Daniel K Inouye College of Pharmacy
PHAR,566,Topics in Healthcare III,Last course in series; Builds upon knowledge from Topics in Healthcare I and II and has students apply related skills needed in the Advanced Pharmacy Practice Experiential (APPE) rotations.,3,Pharmacy,141565,Course Name: Topics in Healthcare III; Course Number: PHAR 566; Prerequisites: Enrolled in the Daniel K Inouye College of Pharmacy
PHAR,567,Therapeutic Prob Solving XIII,"Thirteenth course in Therapeutic Problem Solving series focusing on pharmacotherapy related to different disease states, applying pathophysiology, pharmacology, and medicinal chemistry concepts. This holistic approach fosters the development of a comprehensive clinical understanding to prevent and manage associated disease states.",2,Pharmacy,141565,course_name: Therapeutic Prob Solving XIII; course_number: PHAR 567; prerequisites: Enrolled in the Daniel K Inouye College of Pharmacy
PHAR,568,Therapeutic Prob Solving XIV,"Fourteenth course in Therapeutic Problem Solving series focusing on pharmacotherapy related to different disease states, applying pathophysiology, pharmacology, and medicinal chemistry concepts. This holistic approach fosters the development of a comprehensive clinical understanding to prevent and manage associated disease states.",2,Pharmacy,141565,Course Name: Therapeutic Prob Solving XIV; Course Number: PHAR 568; Prerequisites: Enrolled in the Daniel K Inouye College of Pharmacy
PHAR,569,Therapeutic Prob Solving XV,"Last course in Therapeutic Problem Solving series focusing on pharmacotherapy related to different disease states, applying pathophysiology, pharmacology, and medicinal chemistry concepts. This holistic approach fosters the development of a comprehensive clinical understanding to prevent and manage associated disease states.",2,Pharmacy,141565,course_name: Therapeutic Prob Solving XV; course_number: PHAR 569; prerequisites: Enrolled in the Daniel K Inouye College of Pharmacy
PHIL,100,Intro to Philosophy,"Major philosophers, methods, and issues in Western and non- Western philosophy.  Discussion of such problems as our knowledge of reality, the freedom of the will, the relations between the mind and body, morality, the meaning of life and the existence of God.",3,Philosophy,141565,attributes: FGC; course_code: PHIL 100; course_name: Intro to Philosophy
PHIL,101,Intro to Asian Philosophy,"Philosophical teachings of Hinduism, Buddhism, Jainism, Confucianism, Taoism, Neo-Confusianism, and Shintoism.",3,Philosophy,141565,"attributes: ['DH', 'GAHP', 'HPP']; course_code: PHIL 101; course_name: Intro to Asian Philosophy"
PHIL,209,Reasoning,"Informal logic: Study of practical reasoning, argument, and the use and misuse of language. Emphasis on development of critical thinking skills.",3,Philosophy,141565,attributes: DH; course_name: Reasoning; course_number: PHIL 209
PHIL,211,History of Ancient Philosophy,"Philosophy of the Pre-Socratics, Plato, Aristotle and Roman thinkers.",3,Philosophy,141565,attributes: ['DL']; course_number: PHIL 211; course_title: History of Ancient Philosophy
PHIL,213,History of Modern Philosophy,From the Renaissance to the 19th century.,3,Philosophy,141565,attributes: DH; recommended_preparation: PHIL  211
PHIL,220,Social Ethics,"Contemporary ethical issues, such as abortion, euthanasia, the death penalty, sexual equality, sexual integrity, discrimination and reverse discrimination, violence, pornography, ethnic injustice, and environmental and population control.",3,Philosophy,141565,attributes: DH; course_number: PHIL 220; course_title: Social Ethics
PHIL,230,"Belief, Knowledge &amp; Truth","The sources and limits of human knowledge. Classical and contemporary epistemological theories, and their application to the everyday search for knowledge.",3,Philosophy,141565,"attributes: DH; course_number: PHIL 230; course_title: Belief, Knowledge & Truth"
PHIL,270,Love and Sex,"Survey of classical and contemporary perspectives of the philosophy of love, marriage, relationships, sex, sexual identity, representations of sex and sexuality. (Previously.",3,Philosophy,141565,"attributes: DH, GCC; semester_offered: PHIL  180; Same as WS  270)"
PHIL,300,History of Indian Philosophy,"The historic Indian schools of thought, Brahmanism, Jain, Carvaka, Buddhist, Samkyha, Yoga, Nayaya, Vaisheskika, Mimamsa, and Vedanta. The main philosophers and thinkers of India including Gandhi, Radhakrishnan, and Tagore.",3,Philosophy,141565,"attributes: DH, GAHP, HPP; recommended_preparation: previous work in philosophy or religious studies"
PHIL,301,Hist Of Chinese Philosophy,"History of the Confucian, Taoist, and Buddhist philosophies and their interaction in China. The pivotal thinkers including Mao.",3,Philosophy,141565,"attributes: DH, GAHP, HPP; recommended_preparation: previous work in philosophy or religious studies"
PHIL,302,Hist Of Buddhist Philosophy,History of Buddhist philosophy and its cultural influence and intellectual development in Asia and Hawaiʻi.,3,Philosophy,141565,"attributes: DH, GAHP, HPP; recommended_preparation: previous work in philosophy or religious studies"
PHIL,304,"Race, Ethics &amp; Cultural Diversity","Philosophical examination of the meaning of cultural diversity and pluralism for questions concerning community and knowledge from a variety of American and non-western cultures as well as their interactions with categories of identity, based upon nation, race, class, gender and sexuality.  Addresses the interactions of the social experience of individuals based upon categories of identity and the emergence of forms of community and knowledge.  A global or transnational section will be one component of the course.",3,Philosophy,141565,"attributes: ['ALEX', 'DH', 'FGB', 'GCC']; course_name: Race, Ethics & Cultural Diversity; course_number: PHIL 304; cross_listing: WS 304"
PHIL,307,Social Epistemology,"The sources and limits of human knowledge. Classical and contemporary epistemological theories, and their application to the everyday search for knowledge. The course will cover various themes of social epistemology including feminist, indigenous, and alternative epistemologies.",3,Philosophy,141565,course_name: Social Epistemology; course_number: PHIL 307; cross_listing: WS 307
PHIL,310,Metaphysics,"Puzzling problems in Western thought, such as the nature of personal identity, the freedom of the will, time, and the relation between mind and body.",3,Philosophy,141565,attributes: DH; prerequisites: previous work in philosophy
PHIL,313,19th Century Philosophy,"The history of 19th century philosophy, with an emphasis on the philosophers of continental Europe, including Hegel, Schopenhauer, Kierkegaard, and Nietzsche.",3,Philosophy,141565,attributes: DH; course_name: 19th Century Philosophy; course_number: PHIL 313
PHIL,315,Ethical Theory,Classical and contemporary theories of right and good.,3,Philosophy,141565,attributes: DH; prerequisites: previous work in philosophy
PHIL,320,Social &amp; Political Phil,"Good and right applied to economic, political, and religious establishments; obligation, freedom of dissent, capital punishment, violence, rights, revolution, and war.",3,Philosophy,141565,attributes: DH; prerequisites: previous work in philosophy; recommended_preparation: PHIL  220
PHIL,323,Professional Ethics,"Professional conduct is being questioned as never before—lawyers, physicians, engineers, accountants, etc., are criticized for disregarding the rights of clients and the public interest. The course addresses the ethical problems of “the professions” in general and will focus on professions in business, law, and health care.",3,Philosophy,141565,attributes: DH; prerequisites: previous course work in philosophy
PHIL,325,Philosophy Of Law,"Problems and controversies in the nature of law and its bearing on human conduct. Topics: legal and moral obligation, obedience and respect, enforcement of morality, punishment and responsibility, justification of practices such as plea bargaining, bail, prosecutorial discretion, etc.",3,Philosophy,141565,attributes: DH; prerequisites: previous work in philosophy
PHIL,327,Bioethics,"An examination of controversial topics related to life and health, such as euthanasia, treatment of animals, genetic engineering, individual autonomy, and the health care system.",3,Philosophy,141565,attributes: DH; prerequisites: Previous course work in philosophy
PHIL,328,Visual Politics,"Exploration of the visual, the sensory, and the embodied across legal, social, political, and cultural frameworks involving materialism, mobility-ies, place/placelessness, and public memory",3,Philosophy,141565,attributes: DS; course_name: Visual Politics; course_number: PHIL 328; cross_listing: POLS 328
PHIL,329,Environmental Ethics,"Central ethical questions concerning the natural world, including environmental justice, responding to climate change and environmental devastation, and the relationship between human beings and the environment.",3,Philosophy,141565,attributes: ['DH']; course_name: Environmental Ethics; course_number: PHIL 329
PHIL,330,Philosophy of Art,"The aesthetic object, form in art, representation, meaning in art, and claims of knowledge in art.",3,Philosophy,141565,attributes: DH; prerequisites: previous work in philosophy and in art or music
PHIL,340,Philosophy Of Religion,"Philosophical problems in religious beliefs and religious knowledge. The existence of God, immorality, the problem of evil.",3,Philosophy,141565,attributes: DH; prerequisites: previous work in philosophy or religious studies
PHIL,343,Comparative Philosophy,A study of the mutual influences of Western and Eastern philosophical traditions and the potential each has to respond to the programs of the other.,3,Philosophy,141565,"attributes: DH, HPP; prerequisites: previous work in philosophy or instructor's consent"
PHIL,345,Symbolic Logic,"Techniques of symbolic logic, including propositional logic, predicate logic and the logic of relations.",3,Philosophy,141565,attributes: ['GQ']; course_name: Symbolic Logic; course_number: PHIL 345
PHIL,350,Hawaiian Phil: Aloha ʻĀina,Introduction to Indigenous Hawaiian philosophy and how to engage with Aloha ‘Āina relying upon a methodology and pedagogy consistent with the philosophy being discussed.,3,Philosophy,141565,attributes: HPP; prerequisites: previous work in philosophy
PHIL,355,Philosophy of Sport,"A philosophical treatment of the role of sports in society and a meaningful life. Topics include the phenomenology of sport, the ethics of doping and artificial enhancement, leadership ethics, sports in the context of Hawaiʻi, and sport fandom. (Same as KES 355).",3,Philosophy,141565,attributes: DH; prerequisites: Previous work in philosophy or two courses in Kinesiology or instructor approval
PHIL,360,Existentialism,The themes which recur in the works of existential philosophers from the 19th century to the present.,3,Philosophy,141565,attributes: DH; prerequisites: junior standing or instructor's consent
PHIL,375,Feminist Philosophy,"Exploration of the feminist contributions to traditional philosophical questions in metaphysics, epistemology, and ethics as swell as examining the philosophical implications of the intersections of race, class, gender and sexuality.",3,Philosophy,141565,"attributes: ['ALEX', 'DH', 'GCC']; course_name: Feminist Philosophy; course_number: PHIL 375; cross_listing: WS 375"
PHIL,381,Philosophy Of Wittgenstein,"Topics in the philosophy of Ludwig Wittgenstein, such as: meaning, understanding, pain, private language, “family resemblance,” language-games, knowledge and certainty, other minds, forms of life and the purpose of philosophy.",3,Philosophy,141565,attributes: DH; prerequisites: previous work in philosophy
PHIL,385,Philosophy of Marxism,"History and philosophy of Marxism from the early Marx through recent times, including such topics as:  dialectical materialism, alienation, exploitation, surplus value, class struggle, revolution, socialism, communism, and the Marxian critique of capitalism, imperialism, fascism, terrorism, and capitalist cultural hegemony.",3,Philosophy,141565,Prerequisites: Previous work in philosophy or instructor's consent
PHIL,390,History &amp; Phil of Science,"Natural science as a knowledge-seeking activity. Major episodes in the history of the physical and biological sciences; philosophical understanding of scientific observation, theory, and revolutionary change.",3,Philosophy,141565,attributes: DH; prerequisites: previous work in philosophy or consent of instructor
PHIL,392,Biology &amp; Philosophy,"Philosophical examination of the implications of modern biology for how we understand ourselves and our relations to the natural world.  Evolutionary, genetic, developmental, and ecological topics will be discussed.",3,Philosophy,141565,"Cross-listing: BIOL 392; Prerequisites: previous work in philosophy and biology, or consent of instructor"
PHIL,393,"Normality, Abnormality &amp; Soc","Philosophical study of how human diversity interacts with social norms. Topics include health and illness, disability, gender, and sexual orientation. Perspectives from biology and the social sciences are included in a study of how beliefs about normality vary between cultures, change through time, and affect human relations. (Same as WS 393).",3,Philosophy,141565,attributes: DH; prerequisites: Previous work in philosophy or instructor's consent
PHIL,412,Philosophy of Nature,"Examination of the philosophical theories of nature from classical to contemporary texts, and their interaction with questions of metaphysics, identity, the environment, and human freedom.",3,Philosophy,141565,course_code: PHIL 412; course_name: Philosophy of Nature
PHIL,416,"Science, Technology &amp; Human Values","Impact of science and technology on various philosophical issues. Through a variety of readings that exemplify the field's content, students will examine the social, political, aesthetic, ethical, economic, and environmental constructs that shape modern institutions in science and technology.",3,Philosophy,141565,"course_name: Science, Technology & Human Values; course_number: PHIL 416; cross_listing: WS 416"
PHIL,430,Philosophy of Zen,"Chief philosophical teachings of Zen, its methods and cultural influences. Comparative study of Zen and Western thought. (Same as JPST 430).",3,Philosophy,141565,"attributes: DH, GAHP, HPP; prerequisites: previous work in philosophy or religious studies, or consent of instructor; recommended_preparation: PHIL  302"
PHIL,435,Daoism,"Philosophical ideas of Lao Tzu, Zhuangzi, and the Neo- Daoists, and their influences upon the lives of the Chinese and Japanese peoples. Comparative study of Daoist and Western philosophy.",3,Philosophy,141565,"attributes: DH, GAHP, HPP; prerequisites: previous work in philosophy or religious studies, or instructor's consent; recommended_preparation: PHIL  301 (Attributes: DH, GAHP, HPP)"
PHIL,450,Mahayana Buddhist Phil,"Important tenets and major schools of Mahayana Buddhist philosophy in India, China, Japan, Tibet, and Hawaiʻi. Comparative study of Mahayana and Western philosophy. (Same as JPST 450).",3,Philosophy,141565,"attributes: DH, GAHP, HPP; prerequisites: previous work in philosophy, religious studies, or instructor's consent; recommended_preparation: PHIL  302"
PHIL,480,Nietzsche,"Philosophy of Friedrich Nietzsche. Topics include the death of God, the problem of morality, perspectivism, the overhuman, the will to power, the eternal recurrence, and the relationship between philosophy and art.",3,Philosophy,141565,Prerequisites: PHIL 213 or PHIL 313 or PHIL 360 or consent of instructor
PHIL,484,ConservEthics &amp; EnvironJustice,"A study of a range of environmental ethical theories, conservation ethics and environmental justice paradigms. An examination of the historical, political, and social context in conservation management: the problem of wilderness, biocultural frameworks, and the ethics of invasive species.",3,Philosophy,141565,"attributes: ['DH', 'GCC']; course_name: ConservEthics & EnvironJustice; course_number: PHIL 484; dual_listed_with: CBES 684"
PHIL,496,Seminar in Philosophy,For serious students of philosophy. The topics vary and the course may thus be repeated for credit.,3,Philosophy,141565,course_name: Seminar in Philosophy; course_number: PHIL 496
PHPP,505,Intr Pharm Prac Experiential V,This course is the fifth course in a sequential series. Content encompasses exposure to institutional hospital pharmacy.,1,Pharmacy Practice,141565,attributes: GCC; prerequisites: Acceptance in the UH Hilo CoP (Attributes: GCC)
PHPP,508,Intro to Biostatistics,"This course introduces the pharmacy students to statistical concepts and research methods important to the practice of pharmacy and medicine. Students will learn the various research designs and methods, evaluate their strengths their weaknesses, and when each is appropriate and inappropriate to use. Statistical concepts include descriptive and inferential statistics, measurement, sampling, probability, normal distribution, sampling distributions, parameter estimation including point and confidence interval estimation, hypothesis testing, sample size, statistical power, common inferential statistical tests including parametric and nonparametric tests being used in research. Students will be developed familiarity with reading excerpts from articles published in the medical literature and will be well versed in the interpretation of statistical principles and methods being used as well as results of analyses. The goal of this course is to give the student an appreciation for the role of statistics in health care (medical) research.",2,Pharmacy Practice,141565,course_name: Intro to Biostatistics; course_number: PHPP 508
PHPP,510,Pharmacy Self Care I,"This course serves as an introduction to patient-focused pharmacy practice through the topic of self-care, including identification and use of appropriate drug information resources and in-depth study of nonprescription medications for a variety of self-treatable conditions. This course also demonstrates the importance of professionalism in the communicative consultation process. In addition, this course introduces the Top 100 prescription medications. Content from this course will continue into the Self-Care II course.",2,Pharmacy Practice,141565,course_number: PHPP 510; course_title: Pharmacy Self Care I
PHPP,511,Pharmacy Self Care II,"This course continues the in-depth examination of self-care and over-the-counter (OTC) medications, and development of Top 200 prescription drug knowledge, begun in PHPP  510. Additionally, this course provides a foundation for organizing patient-specific information necessary in the management of medical conditions, as well as identifying and interpreting laboratory test values commonly used in the management of medical conditions, in preparation for the Integrated Therapeutics course series.",2,Pharmacy Practice,141565,course_name: Pharmacy Self Care II; course_number: PHPP 511; prerequisites: Admissions to the PharmD program; related_course: PHPP 510
PHPP,514,Evidence-Based Medicine,"This course will allow students to apply their knowledge of clinical research study designs, epidemiology, evidence-based medicine, and biostatistical principles to interpret and evaluate the findings published in the medical literature, and translate evidence to support patient-care decisions. Students are expected to read, interpret, evaluate, and synthesize information published in medical literature. Objective and rational conclusions are drawn from the analysis of information and applied to patient care. Examinations and literature evaluation project assignment are based on materials from didactic lectures and published articles. Evaluation of medical literature is a cornerstone of clinical pharmacy practice and is an important component of integrated therapeutics courses and experiential rotations.",3,Pharmacy Practice,141565,course_name: Evidence-Based Medicine; course_number: PHPP 514; prerequisites: PHPP 508
PHPP,515,Integrated Therapeutics I,"This is the first in a sequence of four courses. Pathophysiology, medicinal chemistry, pharmacology and therapeutics will be integrated into the teaching of pharmacotherapy based on organ systems and disease states. Students will learn to apply knowledge of the basic sciences to drug treatment of specific disorders. Topics covered in this course include autonomic, renal and cardiovascular systems.",7,Pharmacy Practice,141565,course_name: Integrated Therapeutics I; course_number: PHPP 515; course_sequence: first in a sequence of four courses
PHPP,517,Integrated Therapeutics III,"This is the third course in the four-part integrated therapeutics series. An integrated approach to the following topics will be covered: disease states associated with the genitourinary, gastrointestinal, reproductive, and hematologic systems, pain management, and oncology.",7,Pharmacy Practice,141565,course_name: Integrated Therapeutics III; course_number: PHPP 517; prerequisites: PHPP 516
PHPP,518,Integrated Therapeutics IV,"This is the fourth and final course in the integrated therapeutics series. An integrated-discipline approach to the following topics will be covered: the central nervous system, pediatrics and geriatrics, neurological disorders, anesthetics, and critical care medicine.",7,Pharmacy Practice,141565,Prerequisites: PHPP 517
PHPP,519,Health Care Systems,"This course is designed to give students a history and overview of the American health care system. Roles of the major drivers in health care including government, employer groups, HMO's, hospitals, providers, and payors will be examined. Market components of prescription drug utilization will be discussed in detail. Additionally, the European health care model will be compared to the American system.",2,Pharmacy Practice,141565,course_name: Health Care Systems; course_number: PHPP 519
PHPP,520,Pharmacy Law and Ethics,"This course provides the student with a working knowledge of the legal and ethical responsibilities of pharmacists. Content includes: Federal and State Statutes; the legislative and regulatory process that produce statutes, rules and regulations; and discussion of the nature and influence of moral and ethical dimensions on decisions and actions taken in the delivery of patient-centered health care.",3,Pharmacy Practice,141565,Course: PHPP 520; Title: Pharmacy Law and Ethics
PHPP,521,Applied Pharmaceutical Care,"This course will be the capstone course for the Pharmacy Practice curriculum before the Advanced Pharmacy Practice Experiential rotations and will emphasize critical thinking and evaluation for multi-disease state patient cases as well as patient education. This course will consist of workshops and case presentations to incorporate previously taught material in order to prepare students for experiences across all patient-care settings, including acute care, ambulatory care, and community pharmacy. Students will work individually and in various sized groups to review patient cases and present in the structured SOAP format.",3,Pharmacy Practice,141565,course_name: Applied Pharmaceutical Care; course_number: PHPP 521
PHPP,522,Pharm Practice Mgmt &amp; Mktng,"The first part of the course, marketing of pharmacy services, programs or products, is intended to use the marketing skills learned, to effectively collaborate in groups to develop a two market plan for innovative pharmacy services, programs or products.  In developing these market plans, topics covered in lecture including consideration of economic, environmental, marketing and financial factors are stressed along with the use of appropriate outcome measures to determine success of the plans.  Group interaction and activities will further help build upon principles learned in the course and ultimately culminate in the completion of a formal business proposal which will be presented to an executive committee. The second part of this course deals with practice management and is designed to introduce concepts and encourage further development of essential managerial skills, specific areas of focus includes personnel management, dealing with conflict in the work place, and continuous quality improvement.  Communicating, understanding, and collaborating with fellow employees or colleagues are vital to any practice and are demonstrated through activities over the duration of the course.  This section also includes certain standard practice that is carried out as managerial responsibilities in the health care setting.",2,Pharmacy Practice,141565,course_name: Pharm Practice Mgmt & Mktng; course_number: PHPP 522; prerequisites: Admission to PharmD
PHPP,523,Wellness &amp; Disease Prevention,"This course provides students with an overview of what constitutes a healthy lifestyle and how it contributes to the prevention of chronic disease.  Pharmacists are key providers in helping to educate patients about wellness and disease prevention.  Disease State Management (DSM) is an organized, coordinated process to manage specific disease states over the entire course of the disease to improve clinical and economic outcomes for the patient.  Students will be exposed to important DSM models such as the Asheville Project in North Carolina and utilize this information in creating a disease management program.",2,Pharmacy Practice,141565,course_code: PHPP 523; course_name: Wellness & Disease Prevention
PHPP,524,Pharmacoeconomics,"This course introduces pharmacy students to the basic concepts, terminology, and applications of pharmacoeconomics and its usefulness in making informed decisions in health care.",2,Pharmacy Practice,141565,course_name: Pharmacoeconomics; course_number: PHPP 524
PHPP,525,Complementary Medicine,"This course is designed as an overview of complementary medicine.  Students will be presented a balanced unbiased view of the theory and practice of some of the more popular complementary therapies such as acupuncture, traditional Chinese medicine, homeopathy, herbal medicine, and other dietary supplements.",3,Pharmacy Practice,141565,attributes: HPP; course_number: PHPP 525; course_title: Complementary Medicine
PHPP,527,Drug Information,"This course will introduce the students to different types of drug literature and drug information resources; primary, secondary and tertiary resources; evidence-based medicine resources; adverse drug reactions and medication error reporting systems; formulary management; investigational drugs; and tools to keep pharmacists knowledgeable of current advancements. In addition, student pharmacists will gain skills to evaluate drug information resources, systematically approach drug information requests, communicate health information and create a drug monograph.",2,Pharmacy Practice,141565,Course: PHPP 527; Course Title: Drug Information
PHPP,528,Pharmacy Comm &amp; Culture,"This course serves as an introduction to pharmacy practice. The multi-cultural State of Hawaiʻi will serve as a practical laboratory for students to begin practicing the skills necessary to provide and communicate pharmaceutical care. This course is designed to introduce student pharmacists to the skills needed to communicate effectively with patients and the interprofessional skills needed to communicate with other healthcare providers and professionals. The course is also designed to enhance student confidence in public speaking. The culture component of the course is designed to introduce student pharmacists to the skills needed to communicate effectively with patients and other healthcare providers, and understanding the impact of cultural diversity. In-class exercises will facilitate cultural self-awareness, disparities in healthcare, exploration of cultural diversity, and methods to apply communication skills in practice.",3,Pharmacy Practice,141565,course_name: Pharmacy Comm & Culture; course_number: PHPP 528
PHPP,530,Basic Research Methods,"This course is designed to give students an introduction to basic research methods, including measurement and designs as well as research ethics and writing skills for research.",1,Pharmacy Practice,141565,course_name: Basic Research Methods; course_number: PHPP 530; required_for: pharmacy students in the Certificate Program in Health Science Research
PHPP,531,"Survey, Epidem, Qual Methods","This course is designed to give students an introduction to survey, epidemiology, and qualitative research methods.",1,Pharmacy Practice,141565,"course_number: PHPP 531; course_title: Survey, Epidem, Qual Methods; requirements: Required for students enrolled in the Health Science Research certificate program"
PHPP,532,Pharmacy Research,"This course is designed to give students an introduction to research methodology in pharmacy practice, including program evaluation and big data designs.",1,Pharmacy Practice,141565,course_name: Pharmacy Research; course_number: PHPP 532; requirements: Required for students enrolled in the Health Sciences Research certificate program
PHPP,533,Pharmacogenomics,"Pharmacogenomics is the study of genetics variations that may influence an individual's response to drug therapy. Knowing whether a patient carries any of these genetic variations can help prescribers and pharmacists individualize drug therapy, decrease the chance for adverse drug events, and increase therapy effectiveness.",2,Pharmacy Practice,141565,course_code: PHPP 533; course_name: Pharmacogenomics
PHPP,534,Using SS/AI for Data Analy/Vis,Use of spreadsheets and artificial intelligence websites as effective tools for statistical analysis and data visualization in pharmacy research or practice.,1,Pharmacy Practice,141565,course_code: PHPP 534; course_name: Using SS/AI for Data Analy/Vis; prerequisites: Enrolled in the Daniel K Inouye College of Pharmacy
PHPP,535,Healthcare Leadership,"This course will provide a focused review of the research on effective leadership and application of this research to healthcare settings, anchoring students in the science of leadership with an opportunity to assess their own strengths and weaknesses. Based on this foundation, students will lead and participate in discussions of actual leadership cases.",1,Pharmacy Practice,141565,course_name: Healthcare Leadership; course_number: PHPP 535; prerequisites: PHPP 557 and PHPP 558
PHPP,536,Strategic Management,"This course will provide a focused review and application of evidence-based approaches to strategic management, including strategy formulation and implementation. Starting with an evaluation of the research and current theories on strategic management, this course will anchor students in the science of organizational effectiveness. Based on this foundation, students will then apply this knowledge to real- world strategic issues, taking on the role of Chief Strategy Officer or strategic consultant.",1,Pharmacy Practice,141565,course_name: Strategic Management; course_number: PHPP 536; prerequisites: PHPP 557 and PHPP 558
PHPP,537,Using EHR for Research,"How electronic health record systems can support evidence-based pharmacy practice, taking into account data extraction, analysis methods, and ethical issues around patient data access and use.",1,Pharmacy Practice,141565,course_name: Using EHR for Research; course_number: PHPP 537; prerequisites: Enrolled in the Daniel K Inouye College of Pharmacy
PHPP,538,Systematic/Scoping Rev of Lit,Comprehensive understanding and application of systematic and scoping reviews in the field of pharmacy research.,1,Pharmacy Practice,141565,Course Number: PHPP 538; Course Title: Systematic/Scoping Rev of Lit; Prerequisites: Enrolled in the Daniel K Inouye College of Pharmacy
PHPP,539,Effec Technique Scholarly Writ,"Fundamentals of writing a research paper, along with efficient writing techniques and scientific writing skills.",1,Pharmacy Practice,141565,Course Code: PHPP 539; Course Title: Effec Technique Scholarly Writ; Prerequisites: Enrolled in the Daniel K Inouye College of Pharmacy
PHPP,540,Adv Pharm Prac Exp: Ambulatory,"This six week rotation focuses on pharmaceutical care in the ambulatory care environment where students will interface with their pharmacist preceptor, physicians, nurses and other health professional to provide services to ambulatory care patients. Some examples of ambulatory care practices will include hypertension clinics, anticoagulation clinics, hyperlipidemia clinic, medication therapy management (MTM) services and disease state management. (R) Rural Placement.",6,Pharmacy Practice,141565,attributes: ALEX; prerequisites: Successful completion of all introductory Pharmacy Practice Experience (IPPE) courses PHPP  501-509 and successful completion of all didactic components of the DKICP PharmD Program
PHPP,540R,Adv Pharm Prac Exp: Ambulatory,"This six week rotation focuses on pharmaceutical care in the ambulatory care environment where students will interface with their pharmacist preceptor, physicians, nurses and other health professional to provide services to ambulatory care patients.  Some examples of ambulatory care practices will include hypertension clinics, anticoagulation clinics, hyperlipidemia clinic, medication therapy management (MTM) services and disease state management. (R) Rural Placement.",6,Pharmacy Practice,141565,course_name: Adv Pharm Prac Exp: Ambulatory; course_number: PHPP 540R; duration: six week rotation; prerequisites: Successful completion of all introductory Pharmacy Practice Experience (IPPE) courses PHPP  501-509 and successful completion of all didactic components of the DKICP PharmD Program.
PHPP,541,Adv Pharm Prac Exp: Community,"This six week rotation focuses on pharmaceutical care in the community pharmacy setting where students will work with pharmacy preceptors to learn about dispensing techniques, pharmacy databases, community pharmacy management, patient counseling, over the counter (OTC) medications, medication therapy management (MTM), and disease state management. (R) Rural Placement.",6,Pharmacy Practice,141565,attributes: ALEX; prerequisites: Successful completion of all Introductory Pharmacy Practice Experience (IPPE) courses PHPP  501-509 and successful completion of all didactic components of the DKICP PharmD program
PHPP,541R,Adv Pharm Prac Exp: Community,"This six week rotation focuses on pharmaceutical care in the community pharmacy setting where students will work with pharmacy preceptors to learn about dispensing techniques, pharmacy databases, community pharmacy management, patient counseling, over the counter (OTC) medications, medication therapy management (MTM), and disease state management. (R) Rural Placement.",6,Pharmacy Practice,141565,course_name: Adv Pharm Prac Exp: Community; course_number: PHPP 541R; duration: six week rotation; prerequisites: Successful completion of all Introductory Pharmacy Practice Experience (IPPE) courses PHPP  501-509 and successful completion of all didactic components of the DKICP PharmD Program.
PHPP,542,Adv Pharm Prac Exp: Medicine,This six week rotation will place students in a hospital or other acute care facility to learn about pharmaceutical care in an inpatient environment. Students will work closely with physicians and clinical pharmacists to provide services to acutely ill patients and provide clinical pharmacy services. Students may round with medical teams or be partnered with other physicians to learn more about the interface between medicine and pharmacy. (R) Rural Placement.,6,Pharmacy Practice,141565,attributes: ALEX; prerequisites: Successful completion of all Introductory Pharmacy Practice Experience (IPPE) Courses PHPP  501-509 and successful completion of all didactic components of the DKICP PharmD Program
PHPP,542R,Adv Pharm Prac Exp: Medicine,This six week rotation will place students in a hospital or other acute care facility to learn about pharmaceutical care in an inpatient environment.  Students will work closely with physicians and clinical pharmacists to provide services to acutely ill patients and provide clinical pharmacy services.  Students may round with medical teams or be partnered with other physicians to learn more about the interface between medicine and pharmacy.,6,Pharmacy Practice,141565,course_name: Adv Pharm Prac Exp: Medicine; course_number: PHPP 542R; placement_type: hospital or other acute care facility; prerequisites: Successful completion of all Introductory Pharmacy Practice Experience (IPPE) Courses PHPP  501-509 and successful completion of all didactic components of the DKICP PharmD Program; rotation_length: six week; rural_placement: True
PHPP,545,Adv Pharm Prac Exp: Elect II,"This six week rotation will place students where they may spend time in the many different areas of pharmacy practice including: adult medicine, pediatrics, geriatrics, infectious disease, critical care, oncology, psychiatry, ambulatory care, community practice, drug information, pharmacy compounding, home health care, clinical or basic sciences research, and pharmacy administration. (R) Rural Placement.",6,Pharmacy Practice,141565,attributes: ALEX; prerequisites: Successful completion of all Introductory Pharmacy Practice Experience (IPPE) courses PHPP  501-509 and successful completion of all didactic components of the DKICP PharmD Program
PHPP,545R,Adv Pharm Prac Exp: Elect II,"This six week rotation will place students where they may spend time in the many different areas of pharmacy practice including:  adult medicine, pediatrics, geriatrics, infectious disease, critical care, oncology, psychiatry, ambulatory care, community practice, drug information, pharmacy compounding, home health care, clinical or basic sciences research, and pharmacy administration. (R) Rural Placement.",6,Pharmacy Practice,141565,course_name: Adv Pharm Prac Exp: Elect II; course_number: PHPP 545R; duration: six week rotation; prerequisites: Successful completion of all Introductory Pharmacy Practice Experience (IPPE) courses PHPP  501-509 and successful completion of all didactic components of the DKICP PharmD Program.
PHPP,547,APPE - NAPLEX/MPJE Preparation,"This course will introduce students to the North American Pharmacist Licensure Examination (NAPLEX) and the Multistate Pharmacy Jurisprudence Examination (MPJE) used by the National Association of Boards of Pharmacy (NABP) as part of the assessment of a pharmacy graduate’s competence to practice as a pharmacist. In order to prepare students for their licensure examinations, this course reviews content taught in the didactic curriculum and offers guidance on creating a study plan to cover content assessed in the NAPLEX. The MPJE will also be addressed through supplemental material pertaining to both federal and Hawaiʻi state pharmacy laws.",1,Pharmacy Practice,141565,Course: PHPP 547; Course Title: APPE - NAPLEX/MPJE Preparation; Prerequisites: Acceptance and fourth year standing in the Daniel K. Inouye College of Pharmacy
PHPP,550,History of Pharmacy,"This elective is of value to appreciate the origin of pharmacy and the manner in which ancestors of the field practiced their art.  These historical aspects will be discussed as well as techniques, tools, symbols, and art in pharmacy.",2,Pharmacy Practice,141565,course_name: History of Pharmacy; course_number: PHPP 550; course_type: elective
PHPP,553,Current Topics in Healthcare,"Healthcare is no longer defined as a patient seeking the service of a provider.  Healthcare inflation is exacerbated by the cost of government programs such as Medicare, unemployment, fraud, defensive medicine and changing technology in healthcare.  Pending healthcare reform promises to change some of the healthcare delivery system as we know it today.  This course will focus on the healthcare issues facing providers of healthcare with a focus on pharmacy, payers of healthcare, and users of the healthcare delivery system.  Current events will be the basis of topics for discussion.",1,Pharmacy Practice,141565,course_number: PHPP 553; course_title: Current Topics in Healthcare; prerequisites: PHPP 519
PHPP,554,Zoonotic Diseases,"This course is designed to introduce students to the definition, history, origin and transmission of zoonoses; commonly encountered zoonotic diseases as well as those commonly encountered in Hawaiʻi. Covered are bacterial, tick-borne bacterial, fungal, parasitic, viral and prion zoonoses. Emphasis will be made on those that are life-threatening to humans, for example, leptospirosis, rabies, transmissible spongiform encephalopathies, etc.",1,Pharmacy Practice,141565,course_name: Zoonotic Diseases; course_number: PHPP 554; prerequisites: acceptance and second year standing in the College of Pharmacy
PHPP,555,Intro to Veterinary Medicine,"This course is designed to introduce students to the profession of veterinary medicine and how it is dependent on pharmacology.  Lectures include veterinary medical education; and practicing small animal medicine, large animal medicine (equine and food animal), and exotic animal medicine, inclusive of the daily challenges encountered in practicing medicine.  Introductions to diseases, whether infectious or non-infectious, of various etiologies will be made.  The realms of veterinary medicine, for example, diagnostic tools (physical examination, imaging, clinical pathology, etc.), treatment options (medicinal, surgical, physical therapy, conservative, etc.) and career opportunities will be emphasized.",1–2,Pharmacy Practice,141565,course_number: PHPP 555; course_title: Intro to Veterinary Medicine; prerequisites: Acceptance and second year standing in College of Pharmacy
PHPP,556,Adv Topics in Hypertension,High blood pressure affects over 70 million people in the United States today.  This disease carries significant morbidity and mortality which will only increase with our aging population.  The treatment of hypertension is highly complex and frequently changes based on new clinical evidence.  Students will discuss in depth the diagnosis and various treatments (both pharmacologic and non-pharmacologic) of hypertension.,1,Pharmacy Practice,141565,course_number: PHPP 556; course_title: Adv Topics in Hypertension; prerequisites: PHPP 515
PHPP,557,Personal Finance,"This course will provide an introduction to the basic principles and skills of personal financial management, including saving, borrowing, insurance, investment, and budgeting.  Special emphasis will be given to the issues most relevant to new pharmacists, such as student loan repayment, financial implications of career mobility, and retirement options based on type of healthcare employer.",1,Pharmacy Practice,141565,course_number: PHPP 557; course_title: Personal Finance
PHPP,558,Business Admin Overview,"This course will provide an overview of the basic concepts and functions involved in managing a business, including accounting, human resource management, production and operations management, organizational behavior and culture, and project management.",1,Pharmacy Practice,141565,course_name: Business Admin Overview; course_number: PHPP 558
PHPP,559,Spanish for Healthcare Profess,"This course provides a unique opportunity in developing culturally aware clinical language skills for the Spanish speaking patient population, optimizing all aspects of medication therapy management for this patient population.",1,Pharmacy Practice,141565,Prerequisites: Second year standing in College of Pharmacy
PHPP,560,Pharmacy Leadership,"Leadership skills is one of the determining factors in the success of many new pharmacy graduates.  This course will incorporate current literature, management theory and viewpoints of academic and practice community leaders to understand leadership at different levels in pharmacy practice environment.  This course will focus on raising awareness of leadership and exercising core leadership skills in pharmacy students.",1,Pharmacy Practice,141565,Course Name: Pharmacy Leadership; Course Number: PHPP 560; Prerequisites: admission to PharmD
PHPP,561,Pharmacy and Therapeutics Comp,This course is designed to inform pharmacy students about the importance and functions of Pharmacy and Therapeutics Committees.  All hospitals and managed care organizations use P and T committees to make therapeutically appropriate pharmacoeconomic decisions about their formularies.  This course will serve to navigate the mechanics of a P and T. All students will present a drug to the committee with a rationale for it's inclusion or exclusion from a formulary. A competition will be held at the end of the course.,1,Pharmacy Practice,141565,course_code: PHPP 561; course_name: Pharmacy and Therapeutics Comp; prerequisites: Admission to the Pharm D
PHPP,564,Advanced Managed Health Care,"This course will provide an introduction to the basic principles and alphabet soup of managed healthcare, to include MCO's, PBM's, PPO's, HMO's, CDH, VA, and DoD. We will present and discuss topics of particular interest to the future of Pharmacy management including Pay-for Performance, Medicare, and Medicaid along with a discussion on the Obama Health Care Reform.  Special emphasis will be given to providing students a better understanding of the financial drivers of healthcare management within each segment.  A discussion of taxonomy and functional differences between managed health care segments provide the framework for the operational differences.",1,Pharmacy Practice,141565,course_name: Advanced Managed Health Care; course_number: PHPP 564; prerequisites: Acceptance in the College of Pharmacy and second or third year standing
PHPP,567,Rural Health Science Intro,"Introduction to basic concepts in rural health science, including measurement, methods, and testing solutions to rural health problems.",2,Pharmacy Practice,141565,
PHPP,571,Story-telling in Healing,"Examine the role of narrative medicine and story-telling in health and health systems. The goal is to increase empathy and to better understand how story-telling can be incorporated into healing, through discussion, active learning, and sharing the student’s own stories.",1,Pharmacy Practice,141565,course_code: PHPP 571; course_title: Story-telling in Healing
PHPP,572,Intro to Residency Application,"This course is designed to provide students an introduction to the process of preparing for post-graduate residency, fellowship and employment applications.",1,Pharmacy Practice,141565,Prerequisites: Enrolled in DKICP
PHPP,573,Pediatric Pharmacotherapy,Elective course on the pathophysiology and therapeutics of various disease states in pediatric population in the inpatient and outpatient setting and will also address challenges to providing pharmaceutical care to children.,2,Pharmacy Practice,141565,course_name: Pediatric Pharmacotherapy; course_number: PHPP 573; prerequisites: Third year standing at DKICP
PHPP,574,Social Media for Pharmacists,"Exploration of ways that healthcare and social media intersect. An overview of current social media platforms, digital citizenship, and ways that pharmacists and other healthcare providers may use social media in their professional careers.",1,Pharmacy Practice,141565,course_number: PHPP 574; course_title: Social Media for Pharmacists; prerequisites: Enrolled in the Daniel K Inouye College of Pharmacy
PHPP,575,Drug Info Veterinary Medicine,Improve safety and efficacy of pharmacotherapeutics in veterinary patients by enabling pharmacists to be an integral part of the veterinary healthcare team. Drug information resources to answer drug information questions pertaining to veterinary pharmacy.,1,Pharmacy Practice,141565,Course Number: PHPP 575; Course Title: Drug Info Veterinary Medicine; Prerequisites: Enrollment in PharmD program at DKICP
PHPP,578,Rx to Wellness and Resilience,"Introductory course promoting the holistic (physical, mental, social, spiritual, and emotional) well-being of pharmacy students by addressing intellectual (self-awareness, mindfulness), emotional (self-care, stress management), and occupational (resiliency, burnout prevention) wellness.",1,Pharmacy Practice,141565,Prerequisites: Enrolled in the Daniel K Inouye College of Pharmacy
PHPS,450,Biochem I - Biomolecules,"This course is designed to provide a basic foundation for the understanding of the structure and function of various biomolecules.  Topics will include a review of organic chemistry, discussion of water as a solvent, the acid/base properties of functional groups, structural and physical properties of amino acids and proteins, properties and mechanisms of enzymes, the role of coenzymes and vitamins in biochemical processes, structure and function of carbohydrates, lipids, and lipid membranes.  The course will conclude with an introduction to metabolism and discussion of carbohydrate metabolic pathways.  These principles will provide a foundation for understanding the biochemical basis for disease states and drug action that are central to therapeutics.",3,Pharmaceutical Science,141565,course_name: Biochem I - Biomolecules; course_number: PHPS 450; prerequisites: Enrollment in the Program
PHPS,451,Biochem II - Metabolism,"This course will delve into metabolism and the interrelationships of metabolic processes.  The biochemistry of metabolism focuses on glycolysis, the tricarboxylic acid cycle, gluconeogenesis, and the synthesis and breakdown of biomolecules (carbohydrates, lipids, and amino acids). Metabolic control and regulation of pathways will be emphasized.  Clinical correlates and metabolic diseases will be discussed.",3,Pharmaceutical Science,141565,course_name: Biochem II - Metabolism; course_number: PHPS 451; prerequisites: Enrollment in the Program
PHPS,500,Master's Plan Studies,Used for continuous enrollment purposes. Does not count toward fulfillment of degree requirements.,1,Pharmaceutical Science,141565,Prerequisites: Master's or Doctoral candidacy and instructor's consent
PHPS,501,Biochemistry - Biomolecules,"This course lays the biochemical foundation for the understanding of medicinal chemistry, pharmaceutics, pharmacology and pathophysiology. Topics include physical and chemical properties of amino acids, structure and physical properties of proteins, structure and function of hemoglobin, enzyme kinetics, types of inhibitors, and the catalytic triad of chymotrypsin. This course also covers DNA and RNA function, nucleotide biosynthesis and its regulation in disease, DNA replication, damage, mutation and repair, and transcriptional control of gene expression. Roles of cytochromes P450 as phase I enzymes in the biotransformation of xenobiotics drug and their regulation will also be addressed.",2,Pharmaceutical Science,141565,course_number: PHPS 501; course_title: Biochemistry - Biomolecules
PHPS,502,Biochemistry - Metabolism,"This course will delve into metabolism and the interrelationships of metabolic processes. The biochemistry of metabolism focuses on glycolysis, the tricarboxylic acid cycle, gluconeogenesis, and the synthesis and breakdown of biomolecules (carbohydrates, lipids, and amino acids). Metabolic control and regulation of pathways will be examined. Clinical correlates and metabolic diseases will be discussed.",2,Pharmaceutical Science,141565,course_number: PHPS 502; course_title: Biochemistry - Metabolism
PHPS,503,Pharmaceutical Calculations,"In this course, students will learn the fundamentals of pharmaceutical calculations, including use of the SI system of units, methods of measurement and expressions of concentration.  In addition they will learn what constitutes an accurate, understandable and legal prescription or medication order.  Through a series of lectures and exercises based on intensive problem solving, students will learn to perform the calculations required for the preparation of a range of pharmaceutical dosage forms as well as for their proper administration to the patient. Emphasis will be placed on accuracy and prevention of medication errors.",2,Pharmaceutical Science,141565,Course: PHPS 503; Title: Pharmaceutical Calculations
PHPS,504,Pharmaceutical Immunology,"Basic concepts of immunology, including innate immunity, antigen recognition, lymphocyte development and adaptive immunity will lay the groundwork for understanding immunity in a clinical context.  Students will learn the role of the immune system in allergy, auto-immune disease, graft rejection and tumor immunogenicity.  Methods of manipulating the immune system pharmacologically will be discussed as well as biotechnology applications.",3,Pharmaceutical Science,141565,course_code: PHPS 504; course_name: Pharmaceutical Immunology
PHPS,511,Pharmacokinetics,"Students will learn about the time course a drug occupies in the human body.  Topics to be covered include drug bioavailability, drug absorption, distribution, metabolism and elimination, pharmacokinetics of various dosage forms, routes of administration and drug effects over time.  The effects of patient weight, gender and age on drug pharmacokinetics will be discussed along with the therapeutic variation that occurs with these patient parameters.  Students will use pharmacokinetic calculations to be able to solve problems in clinical pharmacokinetics.  Emphasis will be placed on using pharmacokinetic principles to decrease the risk of toxicity and improve therapeutic outcomes using a variety of commonly used medications.",3,Pharmaceutical Science,141565,course_name: Pharmacokinetics; course_number: PHPS 511
PHPS,512,Intro to the Pharm Sciences,"This course is designed to introduce first year pharmacy students to the areas included in Pharmaceutical Sciences.  Areas that will be presented are Introduction to Pharmacology, Medicinal Chemistry and Pharmacognosy.  This course will allow students to successfully transition into the integrated Therapeutics sequences of courses taught in years 2 and 3.",3,Pharmaceutical Science,141565,Course: PHPS 512; Title: Intro to the Pharm Sciences
PHPS,539,Common Animal Disease Pharm I,"First in two course series introducing common animal diseases, the pathophysiology and pharmacotherapy used for such disease.",1,Pharmaceutical Science,141565,Course Name: Common Animal Disease Pharm I; Course Number: PHPS 539; Prerequisites: Enrolled in the Daniel K Inouye College of Pharmacy
PHPS,540,Drug Action - Part I,"This course will introduce the student to the pharmaceutical sciences, including basic principles of medicinal chemistry and pharmacology. Topics include: the physicochemical properties of drugs, organic functional group chemistry, basic pharmacokinetics and pharmacodynamics, as well as the chemistry of drug-target interactions.",2,Pharmaceutical Science,141565,course_name: Drug Action - Part I; course_number: PHPS 540
PHPS,541,Drug Action - Part II,"This course will draw on the basic principles of drug design, development and drug action (medicinal chemistry and pharmacology) to provide an introduction to the basics of the pharmaceutical sciences. Topics covered include: drug discovery, pharmacogenetics, architecture of drugs, ADME, structural changes during drug metabolism, chemical mutagenesis, carcinogenesis, teratogenesis, drug-drug interaction, drug allergy, drug resistance, tolerance and dependence.",2,Pharmaceutical Science,141565,course_name: Drug Action - Part II; course_number: PHPS 541; prerequisites: First year standing in DKICP
PHPS,547,Veterinary Toxicology,"Introduction to veterinary toxicology emphasizing the toxic principle, formulation and/or source, susceptible species, reported lethal dose, reported LD50, ADME, mechanism of action, clinical signs and treatment (detoxification/elimination) of each of the toxins discussed.",1,Pharmaceutical Science,141565,Course Name: Veterinary Toxicology; Course Number: PHPS 547; Prerequisites: Enrolled in the Daniel K Inouye College of Pharmacy
PHPS,548,Intro to Vet Pharmacy Sciences,Introduction to concepts related to veterinary pharmacotherapy and veterinary pharmacy practice.,1,Pharmaceutical Science,141565,Course Number: PHPS 548; Course Title: Intro to Vet Pharmacy Sciences; Prerequisites: Enrolled in the Daniel K Inouye College of Pharmacy
PHPS,549,Common Animal Disease Pharm II,"Second in two course series introducing common animal diseases, pathophysiology and pharmacotherapy used for such diseases.",1,Pharmaceutical Science,141565,Course Name: Common Animal Disease Pharm II; Course Number: PHPS 549; Prerequisites: Enrolled in the Daniel K Inouye College of Pharmacy
PHPS,550,Genetics in Medicine,"This elective course will introduce the student to the basics of genetics and molecular mechanisms of inheritance as they apply to the treatment of disease and to the response of patients to drug therapy.  Students will learn how genetics may lead to new strategies in drug development and treatment, how genetics may be used to predict patient response to specific treatments, and how responses are mediated.  Emphasis will be placed on clinical and research applications.",2,Pharmaceutical Science,141565,course_name: Genetics in Medicine; course_number: PHPS 550; course_type: elective
PHPS,551,Substances of Abuse/Addiction,"This elective course will provide an in-depth review of the neuropharmacology of substances of abuse including stimulants, depressants, hallucinogens and anabolic steroids.  Other types of addiction will be discussed including gambling addiction.  Special emphasis will be given to basic pharmacokinetic and pharmacodynamic mechanisms as they relate to the effects of the individual substances of abuse.  Current theories of addiction and tolerance will be discussed.",2,Pharmaceutical Science,141565,course_code: PHPS 551; course_name: Substances of Abuse/Addiction; course_type: elective
PHPS,552,Dietary Supplements,"A wide range of products are used in the United States and other parts of the world as aids for better health rather than as therapeutics for the treatment of disease. These products range from vitamins and minerals to herbal supplements used for a variety of purposes.  In this course, the rationale for the use of these products will be examined as well as their safety and efficacy.",1,Pharmaceutical Science,141565,course_number: PHPS 552; course_title: Dietary Supplements
PHPS,553,Radioactivity in Pharmacy,"Radiopharmaceuticals are playing a more and more important role worldwide.  Particularly, the development of radiolabeled compounds for in vivo biochemical imaging tools like PET (positron emission tomography) and SPECT (single photon emission computed tomography) increased considerably.",1,Pharmaceutical Science,141565,course_number: PHPS 553; course_title: Radioactivity in Pharmacy
PHPS,554,Herb Med &amp; Hawaiian Med Plants,"This elective course will cover the most popular herbal medicines, their chemistry (natural products), information resources, part(s) of plant origin, use, efficacy, safety, and potential drug interactions.  A small student-centered research project is assigned with approval by the chair of the department.",1,Pharmaceutical Science,141565,course_name: Herb Med & Hawaiian Med Plants; course_number: PHPS 554; course_type: elective
PHPS,556,Drugs from Natural Sources,"This elective course will discuss original drugs used by man for the treatment of himself and his animals were all of natural origin and in some parts of the world the natural of medications used on a day to day basis for the environment still provides the majority, if not all, treatment of common and not so common ailments. Today the natural world is still the source of over 50% of pharmaceuticals either as direct products, derivatives thereof, or as lead structures.",1,Pharmaceutical Science,141565,course_name: Drugs from Natural Sources; course_number: PHPS 556; course_type: elective
PHPS,558,Drug Development &amp; Regulation,The mechanism by which drug products are developed and approved for use in a global market is an evolving process. Concepts of quality by design employed in other industries such as aerospace are being adapted for pharmaceuticals with the intense encouragement of major regulatory agencies.,1,Pharmaceutical Science,141565,Course: PHPS 558; Title: Drug Development & Regulation
PHPS,559,Environmental Toxicology,"This elective is designed to introduce students to the field of environmental toxicology. This course will focus more on ecotoxicology, rather than classical toxicology, and include topics such as xenobiotics, toxic and radioactive metal, toxicity of solvents and pesticides, halogenated aromatic compounds, environmental endocrine disruptors, and pharmaceuticals and personal care products in the environment.",1,Pharmaceutical Science,141565,course_name: Environmental Toxicology; course_number: PHPS 559; course_type: elective; prerequisites: Acceptance and second or third year standing in the College of Pharmacy
PHPS,560,Advances in New Drug Approvals,Overview of recent advances of new FDA drug approvals and their drug profile.,1,Pharmaceutical Science,141565,course_name: Advances in New Drug Approvals; course_number: PHPS 560; prerequisites: Enrolled in the Daniel K Inouye College of Pharmacy
PHPS,561,Emerging Trends Drug Discovery,This one credit elective course is designed to enhance the student's knowledge of emerging drug targets and related efforts in the drug discovery and development process. The emphasis of the course is on unique and emerging drug targets and is intended to reveal: how novel drugs will complement existing treatment options for various disease states.,1,Pharmaceutical Science,141565,course_name: Emerging Trends Drug Discovery; course_number: PHPS 561; course_type: elective; credits: 1; prerequisites: Admission to PharmD
PHPS,562,Disc &amp; Dev of Blockbuster Drug,"There is a critical point and an interesting story behind each pioneering breakthrough in medicine, when decisions were made as to whether to continue or terminate the development of a promising new drug.  Throughout the lectures, the historical discovery and development of representative blockbuster drugs, which changed the world and saved millions of lives, will be discussed.",1,Pharmaceutical Science,141565,Course Number: PHPS 562; Course Title: Disc & Dev of Blockbuster Drug; Prerequisites: Acceptance and second year standing in the College of Pharmacy
PHPS,563,Curr Adv in Neuropharmacology,This elective is designed to cover the current literature and latest discoveries in neuropharmacology. Course topics are from a variety of areas and can have a clinical or basic science emphasis but must cover the most recent findings in that field.  The effect of a drug on the brain is a paramount concern for pharmacists.  The action of drugs on the nervous is the science of neuropharmacology. It comprises several areas of investigation of critical importance to science and medicine.  Neuropharmacology involves studies aimed at understanding the mechanism by which drugs alter brain function.  These include medications used to treat a wide range of neurologic and psychiatric disorders as well as drugs of abuse. Neuropharmacology uses this information to develop new medications with ever-improving efficacy and safety for diseases of the nervous system.  Neuropharmacologic agents are valuable tools with which to probe the molecular and cellular basis of nervous system functioning.,1,Pharmaceutical Science,141565,course_name: Curr Adv in Neuropharmacology; course_number: PHPS 563; prerequisites: Acceptance and third year standing in the College of Pharmacy
PHPS,565,Genetics &amp; Pharm of Malaria,"This course will provide students with a better understanding of the role that genetic variation plays in disease susceptibility at both the individual and population levels.  Genetic variation of human hosts and parasites will be covered with an emphasis on co-evolution.  Drug action and mechanisms of drug resistance will be explored.  The contemporary role of molecular genetic techniques in the detection of genetic variation, with applications toward vaccine development, will also be covered.",1,Pharmaceutical Science,141565,course_name: Genetics & Pharm of Malaria; course_number: PHPS 565; prerequisites: Second year standing in the College of Pharmacy
PHPS,566,Emerging Trends Drug Discovery,"This course is designed to enhance the student's knowledge of emerging drug targets and related efforts in the drug discovery and development process. The emphasis of the course is on the drug development process, focusing on the phases of target identification and validation. This elective is intended to reveal: a) how novel drug modalities will complement existing treatment options for various disease states; b) scientific basis for the selection of a particular target; c) the validation of target choice through experimental methods; and, d) methods to integrate a novel target into the drug development pipeline.",1,Pharmaceutical Science,141565,course_number: PHPS 566; course_title: Emerging Trends Drug Discovery; course_type: elective; credits: 1; prerequisites: Acceptance into the College of Pharmacy and concurrent registration in PHPP 518
PHPS,567,Pharmacogenetics,"This elective is designed to introduce students to the field of pharmacogenetics, the study of the genetic basis for variation in drug response.  This course will discuss the development of pharmacogenetics, genetics and epigenetics within pharmacogenetics, age-related and ethnic factors in pharmacogenetics, some genomic tools used in pharmacogenetic research, cancer and HIV treatment and pharmacogenetics, and the future of pharmacogenetics research and discoveries.",1,Pharmaceutical Science,141565,course_name: Pharmacogenetics; course_number: PHPS 567; course_type: elective; prerequisites: Acceptance and third year in the College of Pharmacy
PHPS,568,Antibiotic Mechanisms &amp; Applic,"This course will provide an exposition of the fundamental mechanisms of antibiotic action. The basic differences between prokaryotes and eukaryotes that provide for specific antibiotic targets will be emphasized. Mechanisms of antibiotics will include those that affect cell wall biosynthesis and metabolism, membrane structure and function, nucleotide biosynthesis, DNA replication and other nucleic acid transactions, transcription, and protein synthesis, as well as novel mechanisms. For each biological mechanism, the biological process, for example protein synthesis, will be reviewed to provide a framework for understanding the role of the antibiotic. Classes of antibiotics will include, but are not limited to, b-lactams, b-lactamase inhibitors, glycopeptides, isoniazid, aminoglycosides, tetracylines, macrolides, lincomycin, streptogramins, oxazolidinones, fluoroquinolones, nitroimidazoles, rifamycins, sulfonamides, DHFR inhibitors, and polymyxins. Antibiotics from natural sources as well as synthetic antibiotics will be addressed. In addition, mechanisms by which microbes develop antibiotic resistance will be discussed.",1,Pharmaceutical Science,141565,course_name: Antibiotic Mechanisms & Applic; course_number: PHPS 568; prerequisites: Second or third year standing in the College of Pharmacy
PHPS,569,Cancer Prevention,"This course will discuss the 1) genetic risk profiles and early detection (biomarkers) and 2) the prevention of cancer by reducing risk behavior (sun exposure, alcohol consumption cigarette smoking, heavy metals in environment, physical exercise) as well as chemoprevention and vaccination against cancer-inducing viruses (HPV, HBV).  Completion of this course will provide the Pharm D student with a comprehensive understanding of the current status in preventative cancer medicine.",1,Pharmaceutical Science,141565,course_name: Cancer Prevention; course_number: PHPS 569; prerequisites: Second or third year standing in the College of Pharmacy
PHPS,570,Drugs from the Ocean,"This course will focus on the chemical aspects of natural products from marine, microorganisms, and other sources. Natural products are normally classified according to their chemical properties, or their origins, or core structural skeletons that are related to their biosynthetic origins.",1,Pharmaceutical Science,141565,course_number: PHPS 570; course_title: Drugs from the Ocean
PHPS,571,Veterinary Endocrinology,Emphasis and focus on the common endocrine disorders in various animal species including endocrine pharmacotherapy.,1,Pharmaceutical Science,141565,Course Number: PHPS 571; Course Title: Veterinary Endocrinology; Prerequisites: Enrolled in the Daniel K Inouye College of Pharmacy
PHPS,573,Vet Anesthesia and Contr Subst,Introduction to veterinary anesthetic and controlled substance pharmacotherapy.,1,Pharmaceutical Science,141565,Prerequisites: Enrolled in the Daniel K Inouye College of Pharmacy
PHPS,591,Basic &amp; Applied Toxicology,"This course will provide a general foundation in the understanding of basic toxicological principles.  The mechanisms of toxicity and contemporary treatment plans for the most common chemical, environmental and pharmaceutical agents will be presented.  Additionally this course will provide an in-depth review of the neuropharmacology of substances abuse including stimulants, depressants, hallucinogens and anabolic steroids.  This course will provide a general foundation in the understanding of basic toxicological principles. The mechanisms of toxicity and contemporary treatment plans for the most common chemical, environmental, household toxins and pharmaceutical agents will be presented.",2,Pharmaceutical Science,141565,course_name: Basic & Applied Toxicology; course_number: PHPS 591
PHPS,601,Integrated Pharmacotherapy I,"In this first of a series of three courses, pathophysiology, pharmacology, toxicology, and therapeutics will be integrated into one discipline that will examine pharmacotherapy based on organ systems of the body.  The course will begin with a discussion of SOAP notes and an introduction to pharmaceutical principles.  Students will learn to blend their factual knowledge of the basic sciences and apply this knowledge to drug treatment of specific disorders in disparate patients.  Synchronous video chats will tie in the pharmacotherapy discussed in lecture with the treatment of CNS disorders.  On-site workshops will occur at various times during the semester.",7,Pharmaceutical Science,141565,course_name: Integrated Pharmacotherapy I; course_number: PHPS 601; prerequisites: Acceptance into the program
PHPS,602,Integrated Pharmacotherapy II,"This course focuses on the pathophysiology, pharmacology, toxicology, and therapeutics of CNS disorders. Students will apply didactic learning to drug treatment in this patient population. Assessments include exams, SOAP notes, a research paper and presentation on a CNS disorder.",5,Pharmaceutical Science,141565,course_name: Integrated Pharmacotherapy II; course_number: PHPS 602; prerequisites: Acceptance into the Program
PHPS,603,Integrated Pharmacotherapy III,"The course will begin with an overview of Toxicology, then proceed to conclude the discussion of the pharmacotherapy based on organ systems of the body by integrating the pathophysiology, pharmacology, toxicology, and therapeutics. Students will learn to blend their factual knowledge of the basic sciences and apply this knowledge to drug treatment of specific disorders in disparate patients. Additional topics discussed will be professional, legal, ethical, and interprofessional issues that relate to ethics, standards of care, laws, and regulations relevant to the practice of psychology involving psychopharmacology. During the semester students will submit three SOAP notes covering patients with both somatic and CNS related disorders. The course will culminate with each student presenting their research paper.",4,Pharmaceutical Science,141565,course_name: Integrated Pharmacotherapy III; course_number: PHPS 603; prerequisites: Acceptance in the Program
PHPS,604,Adv Psychopharmacology I,"This course serves as the first of two capstone courses that will provide an in-depth coverage of psychopharmacology associated with the treatment of mental disorders. Students will present patient cases in weekly seminars that are based on patients seen in clinical settings from the Psychopharmacology Practicum course taught concurrently. This course will require students to demonstrate competence in medication therapy management specific to psychopathology. In addition, recent literature will be discussed that covers synergistic interactions between psychotherapy and pharmacotherapy and will examine the single practitioner vs. the split-treatment model.",2,Pharmaceutical Science,141565,corequisites: PHPS  607 or PHPS  609; prerequisites: Acceptance into the MSCP or Clinical Psychopharmacology Certificate programs
PHPS,605,Adv Psychopharmacology II,"Students will present patient cases in weekly seminars that are based on patients seen in clinical settings from the Psychopharmacology Practicum courses taught concurrently. This course will require students to demonstrate competence in medication therapy management specific to psychopathology. In addition, current and future pharmacotherapy of CNS disorders will be discussed: including methodology, standards and conduct of research of psychoactive substances. Drugs classes to be covered include: antipsychotics, antidepressants, mood stabilizers, anti-anxiety agents, sedative/hypnotic agents, narcotic analgesics, drugs used to treat the cognitive and behavioral effects of Alzheimer's disease, and drugs used to treat ADHD.",2,Pharmaceutical Science,141565,corequisites: PHPS  607 or PHPS  609; prerequisites: Acceptance into the MSCP or Clinical Psychopharmacology Certificate programs
PHPS,606,Human Physiology,"This course is designed to provide an in-depth overview of topics in human physiology that provide a basis for understanding of pharmacology.  The course will begin with a review of basic physiological topics including the autonomic nervous, central nervous, and the cardiovascular systems.  Following this will be an introduction to the discipline of pathology with an emphasis on diseases of the nervous system.  This course will be composed of recorded lectures, live workshops, and synchronous video chat sessions.  There is also a requirement of a research paper on a topic of physiology chosen by the student with approval of the Course Coordinator.",3,Pharmaceutical Science,141565,course_name: PHPS 606 - Human Physiology; prerequisites: Acceptance into the program
PHPS,608,Law and Pharmacotherapy,"This course will focus on the pathophysiology, pharmacology, toxicology and therapeutics of infections and respiratory processes. Students will learn the issues that relate to ethics, standards of care, laws and regulations relevant to the practice of psychology involving psychopharmacology.",2,Pharmaceutical Science,141565,course_code: PHPS 608; course_name: Law and Pharmacotherapy
PHPS,609,Clinical Psychoparm Practicum,Preceptor is a practitioner with demonstrated experience in clinical psychopharmacology in accordance with the prevailing jurisdictional law. Advanced Psychopharmacology I and II courses taught concurrently.,1,Pharmaceutical Science,141565,corequisites: PHPS  604 and 605; prerequisites: Enrollment in the Program
PHPS,701,Apoptosis &amp; Angiogenesis,"The course will cover mechanisms of apoptosis, or programmed cell death, and angiogenesis, or new vessel growth, and mechanisms of their regulation in different cell types.  Students will learn how unbalanced angiogenic and apoptotic responses contribute to a wide variety of disease conditions, including cancer, neurodegenerative, cardiac, inflammatory and autoimmune diseases.  The course will discuss experimental techniques that are used in the studies of these processes.  Part of the course is devoted to approaches to development of drugs that will modulate apoptotic and angiogenic processes, and discussions of critical signaling molecules in these pathways as potential targets for drug development efforts.",1,Pharmaceutical Science,141565,course_name: Apoptosis & Angiogenesis; course_number: PHPS 701; prerequisites: Approval of Major Professor
PHPS,702,Bio Dev:Prin&amp;Prac in Drug Disc,This course will explore the biological activities of secondary metabolites that are central to the process of drug discovery and development from nature. This course will emphasize the chemically-driven approach that seeks biological activities for purified compounds.,1,Pharmaceutical Science,141565,Course Number: PHPS 702; Course Title: Bio Dev:Prin&Prac in Drug Disc; Prerequisites: Approval of Major Professor
PHPS,703,Cancer Biology,"An introduction to cancer biology covering the processes involved in tumorigenesis (oncogenes, mutagenesis, proliferation, apoptosis, angiogenesis, invasion and metastasis).  There will be discussion of active areas of interest such as cancer stem cells and the role of inflammation in cancer.  Lectures will include descriptions of current therapeutics, describe efforts to design new drugs and recent clinical trials.",2,Pharmaceutical Science,141565,course_name: Cancer Biology; course_number: PHPS 703; prerequisites: Approval of Major Professor
PHPS,704,Com Chem &amp; High Throughput Tec,"This course is designed to teach students the essential elements of combinatorial chemistry and evolving high throughput technologies in drug discovery.  Combinatorial chemistry and high throughput chemistries are dynamic, rapidly evolving fields that have an important role in drug discovery.  Most pharmaceutical companies have now incorporated combinatorial and high throughput platforms into their drug discovery research program.  Combinatorial chemistry is a relatively new approach to the synthesis of compound libraries in a highly efficient and automated fashion.  The topics of this course will include, but not limited to, combinatorial chemistry and parallel synthesis; solid-phase organic synthesis; solution-phase synthesis with solid supported reagents and scavenger resin technology; diversity-oriented synthesis; dynamic combinatorial chemistry; high throughput screening of combinatorial libraries; microwave-assisted organic synthesis; fluorous technology, fragment-based drug discovery; and automation and instrumentation.",2,Pharmaceutical Science,141565,course_number: PHPS 704; course_title: Com Chem & High Throughput Tec; prerequisites: Approval of Major Professor
PHPS,705,Designing Clinical Research,"The course introduces the science and methodological principles of undertaking clinical research.  Emphasis is placed upon clinical trials of complementary and alternative medicine therapies.  Topics include research question/problem/objective, research hypothesis, research processes, types of clinical research design, strengths and weaknesses of each design, measurements, concepts of reliability and validity, sampling designs, recruitment, sample size determinations, chance and bias, threats to the internal and external validity, monitoring safety and efficacy data, statistical tests and data management, ethical and regulatory considerations, translational research and funding agency.  Students will be given the opportunity to identify a researchable idea/ question and design his/her own clinical or translational research project by preparing a written mini-proposal and then its presentation.",3,Pharmaceutical Science,141565,course_name: Designing Clinical Research; course_number: PHPS 705; prerequisites: Approval of Major Professor
PHPS,706,Environmental Toxicology,"This course is designed to introduce students to the field of environmental toxicology. The emphasis will focus more on ecotoxicology, rather than classical toxicology. Topics that will be covered include toxic and radioactive metal, toxicity of solvents and pesticides, halogenated aromatic compounds, environmental endocrine disruptors, and pharmaceuticals and personal care products in the environment. The environmental impact of global warming will also be addressed. Course format will include student lead discussions and presentations, lectures, and general discussion.",2,Pharmaceutical Science,141565,course_name: Environmental Toxicology; course_number: PHPS 706; prerequisites: Approval of Major Professor
PHPS,707,Genetics in Medicine,"This course will provide an exposition of the fundamental principles of human and medical genetics with emphasis on the genes and molecular mechanisms operating in human diseases.  The contributions made by genetic variation to disease susceptibility and treatment outcomes will be discussed.  Clinical cases will be used to demonstrate and reinforce the general principles of disease inheritance, pathogenesis, diagnosis, management, and genetic counseling. Students will learn how understanding genetics can lead to new strategies in drug development and treatment.  A combined laboratory and seminar experience will provide students with hands-on experience and keep students abreast of recent developments in the field by presenting current literature.",2,Pharmaceutical Science,141565,course_name: Genetics in Medicine; course_number: PHPS 707; prerequisites: Approval of Major Professor
PHPS,708,Isolation Meth for Nat Pro Dsc,"This course will examine the theory and practice of the various types of chromatographic and non-chromatographic methods that are commonly used for the isolation of biologically active natural products from plants, microorganisms and marine organisms on scales ranging from microgram to kilograms of pure compound.  Starting with simple extraction methods, the course will progress through liquid-liquid interactions to liquid-solid interactions and then to gas-solid interactions.  Completion of this course will provide the student an understanding of the application of each of the techniques discussed, as well as their relative advantages and disadvantages.",2,Pharmaceutical Science,141565,Course Name: Isolation Meth for Nat Pro Dsc; Course Number: PHPS 708; Prerequisites: Approval of Major Professor
PHPS,709,Inst Meth &amp; Struct Elucidation,This course will introduce many of the pieces of spectroscopic equipment relevant to solving the three dimensional structure of organic molecules.  Hands on use of the equipment to obtain spectroscopic data will be an emphasis of this course.  The other emphasis of this course will be how to interpret the recorded information to enable a viable chemical structure to be proposed. During each session it is anticipated that prepared examples and examples arising from current research will be used to enhance participants' knowledge.,2,Pharmaceutical Science,141565,course_name: Inst Meth & Struct Elucidation; course_number: PHPS 709; prerequisites: Approval of Major Professor
PHPS,710,"Lab Animal Care, Mgt &amp; Med I","This course is part one of a two part lecture series and is designed to introduce students to the care and use of laboratory animals in accordance with the National Research Council and the Institutional Animal Care and Use Committee (IACUC).  Included in this course are alternatives to traditional use of live animal species and the laws, regulations and guidelines important to laboratory animal research.  Emphasis will be placed on the use of rats and mice, rodent anesthesia and analgesia and rodent surgery.",2,Pharmaceutical Science,141565,"course_name: Lab Animal Care, Mgt & Med I; course_number: PHPS 710; prerequisites: Approval of Major Professor"
PHPS,711,"Lab Animal Care, Mgt &amp; Med II","This course is part two of a two part lecture series and is designed to introduce students to the care and use of laboratory animals in accordance with the National Research Council and the Institutional Animal Care and Use Committee (IACUC).  Included in this course is a review of Laboratory Animal Care, Management and Medicine I.  Emphasis will be placed on rabbits, Mongolian gerbils, guinea pigs, Syrian hamsters, dogs and cats, and primates.",2,Pharmaceutical Science,141565,"course_name: Lab Animal Care, Mgt & Med II; course_number: PHPS 711; prerequisites: Approval of Major Professor"
PHPS,712,Medical Cell Biology,This course focuses on the scientific aspects of cell biology important to graduate students with primary focus on eukaryotic cell biology.  The course will provide a basis to general cell biology principles in the context of organ systems and human and animal disease.  Clinical cases will be used to build a framework for the basic concepts of medical cell biology and help reinforce conceptual understanding.,2,Pharmaceutical Science,141565,course_name: Medical Cell Biology; course_number: PHPS 712; prerequisites: Approval of Major Professor
PHPS,713,Organic Medicinal Chemistry I,"Organic Medicinal Chemistry I provides the chemical and structural basis for the interdisciplinary field of therapeutics related to diuretics, autonomic nervous system and cardiovascular systems.  The topics will include the drug discovery and development process of these important medicines, the chemical and structural basis for the pharmacological and therapeutic action drugs, structural classifications, molecular mechanism of actions, structure activity relationship and how the physicochemical properties of drug molecules affect their route of administration stability, and absorption, distribution, metabolism and excretion.  Synthesis of important molecules from each drug class will also be presented.",2,Pharmaceutical Science,141565,course_name: Organic Medicinal Chemistry I; course_number: PHPS 713; prerequisites: Approval of Major Professor
PHPS,714,Organic Medicinal Chemistry II,"Organic Medicinal Chemistry II provides the chemical and structural basis for interdisciplinary field of therapeutics related to diabetes, thyroid/pituitary disorders, hormones/ osteoporosis/adrenal, asthmas/COPD, and infectious diseases.  The topics will include the drug discovery and development process of these important medicines, the chemical and structural basis for the pharmacological and therapeutic action of drugs, structural classifications, molecular mechanism of actions, structure activity relationship, and how physicochemical properties of drug molecules affect their route of administration, stability, and absorption, distribution, metabolism and excretion.  Synthesis of important drug molecules from each drug class will also be presented.",2,Pharmaceutical Science,141565,course_name: Organic Medicinal Chemistry II; course_number: PHPS 714; prerequisites: PHPS 713
PHPS,715,Organic Medicinal Chem III,"Organic Medicinal Chemistry III provides the chemical and structural basis for interdisciplinary field of therapeutics related to antiviral agents, OA/RA/Gout, migraine, CNS agents including Parkinson/Alzheimer/Seizure.  The topics will include the drug discovery development process of these important medicines, the chemical and structural basis for pharmacological and therapeutic action of drugs, structural classifications, molecular mechanisms of actions, structure activity relationship, and how the physicochemical properties of drug molecules affect their route of administration, stability, and absorption, distribution, metabolism and excretion.  Synthesis of important drug molecules from each drug class will also be presented.",2,Pharmaceutical Science,141565,course_name: Organic Medicinal Chem III; course_number: PHPS 715; prerequisites: PHPS 714
PHPS,716,Organic Medicinal Chemistry IV,"Organic Medicinal Chemistry I provides the chemical and structural basis for the interdisciplinary field of therapeutics related to gastro-intestinal/genito-urinary, chemotherapy, pain management, radiopharmaceuticals.  The topics will include the drug discovery and development process of these important medicines, the chemical and structural basis for the pharmacological and therapeutic action of drugs, structural classifications, molecular mechanism of action structure activity relationship, and how the physicochemical properties of drug molecules affect their route of administration, stability, and absorption, distribution, metabolism and excretion.  Synthesis of important drug molecules from each drug class will also be presented.",2,Pharmaceutical Science,141565,course_name: Organic Medicinal Chemistry IV; course_number: PHPS 716; prerequisites: PHPS 715
PHPS,717,Med Chem CNS Drugs &amp; Develop,"The course will focus on modern aspects of the design and development of compounds for the treatment of central nervous system disorders, and in addition on the development of PET (positron emission tomography) and SPECT (single photon emission computed tomography) tracers to monitor functional processes in vivo in the human body.  Important properties and steps for profiling a drug to enhance the access to the brain will be discussed.  The course will start with an overview about CNS targets and pharmacophore models for diverse compound families and will provide synthetic aspects of important drug templates. The production of relevant radionuclides, precursor and radiochemical synthesis, quality control and radiopharmacological aspects (in vitro, ex vivo, in vivo experiments) will be discussed.",2,Pharmaceutical Science,141565,course_number: PHPS 717; course_title: Med Chem CNS Drugs & Develop; prerequisites: Approval of Major Professor
PHPS,719,Mol Biol Tech &amp; Appl-Hlth Care,"This course will provide students with basic and advanced information regarding DNA, RNA, and proteins, and describe current available techniques used in detecting genetic variation.  Potential applications of these techniques to disease screening, drug resistance, and drug discovery and development will be reviewed.  Isolation and purification of DNA samples from different cell types and tissues, DNA concentration techniques, restriction digestion and analysis, ligation of DNA to create recombinant molecules and designer genes will be discussed.  Students will be provided with access to reference texts and selected online peer-reviewed articles in .pdf format by the instructor.  The instructor will conduct lectures for sessions 1 and 15 and provide background materials.  Each student will select a topic from the remaining sessions (2-14) and will lead the discussion for that selected topic on the assigned day.  Students may work in pairs (or more if necessary), depending on student enrollment. Students will learn to retrieve information from a variety of sources, comprehend and critically evaluate it, and subsequently lead a discussion on the selected topic. There will be no laboratory component.",2,Pharmaceutical Science,141565,course_name: Mol Biol Tech & Appl-Hlth Care; course_number: PHPS 719; prerequisites: Approval of Major Professor
PHPS,720,Nat Prod &amp; Cancer Chemoprevent,"The course will concentrate on the molecular aspects of chemoprevention as a viable strategy in the fight against cancer.  The treatment of many diseases is dependent on natural products.  Over half of the currently approved anti-cancer and anti-invective drugs are of natural origin. Active leads from different structural classes such as alkaloids, flavonoids, coumarins, and phenazines will be described.  Since carcinogenesis is a multistage process, different approaches to monitor inhibition of cancer initiation, promotion and progression will be characterized.  The course will provide the student with an understanding of detailed aspects of research processes leading to the discovery of promising natural as well as synthetic and semi-synthetic chemopreventive compounds. Special attention will be given to ensure students are aware that the science of chemoprevention research is well established and offers great research opportunities.",2,Pharmaceutical Science,141565,course_code: PHPS 720; course_title: Nat Prod & Cancer Chemoprevent; prerequisites: Approval of Major Professor
PHPS,721,Neuropsychopharmacology,"This course is designed as an intense, doctoral level class that amalgamates the disciplines of neuroscience, animal behavior, neurochemistry, and pharmacology.  The course will cover the major topics of neuropharmacology such as cellular and molecular foundations of neuropsychopharmacology, behavioral pharmacology, receptor biology, major neurotransmitter systems and antidepressants, anxiolytics, antipsychotics, drugs of abuse, and cognitive and movement disorders.  Further, this course will integrate some of the principle topics in behavioral neuroscience, including aggression, fear, stress, memory, internal state, and evolution of sex and mating systems, communication, feeding behavior, anti-predator behavior, and the evolution of behavior.  Course format will consist of lectures and exams, student presentations, and require a capstone research review paper.",2,Pharmaceutical Science,141565,course_name: Neuropsychopharmacology; course_number: PHPS 721; level: doctoral; prerequisites: Approval of Major Professor
PHPS,722,Pharmaceutical Marketing,"This course has two major areas of emphasis in pharmaceutical marketing.  The first part of the course will introduce the basic theory of pharmaceutical marketing and creative thinking behind product development.  Students will learn the basic principles of consumer behavior and evaluation, environmental framework, social, and various other marketing theories to provide an understanding of how these concepts can influence product development in laboratories or drug industries.  This section will also integrate these principles and concepts to understand issues related to the distribution and design of an innovative drug product development.  The second part of the course is intended to use the principles and concepts learned in the first part to effectively develop a market plan for an innovative product.",2,Pharmaceutical Science,141565,course_name: Pharmaceutical Marketing; course_number: PHPS 722; prerequisites: Approval of Major Professor
PHPS,723,Pharmacognosy,"Pharmacognosy is a highly interdisciplinary field which is one of five major areas of pharmaceutical education. Its scope includes the study of the physical, chemical, biochemical and biological properties of drugs, drug substances, or potential drugs or drug substances of natural origin as well as the search for new drugs from natural sources.  This course will focus on chemical aspects of Pharmacognosy.  Natural products are normally classified according to their biosynthetic origins and chemical properties.  Thus, the objective of the course is to familiarize students with an introduction to and classification of natural products (terpenoids, alkaloids, phenylpropanoids and allied phenolic compounds).  The basic metabolic pathways and the origin of secondary metabolites such as the shikimic acid pathways, the acetate-malonate pathway, the mevalonate pathways will be discussed.  A special emphasis will be placed on how chemical structure affects physiological function of various natural products.",2,Pharmaceutical Science,141565,course_name: Pharmacognosy; course_number: PHPS 723; prerequisites: Approval of Major Professor
PHPS,724,Pharmacology I,"In this course, students will learn pharmacology of specific drug groups.  The course uses organ system approach.  This course will begin with a discussion of diuretics followed by autonomic nervous system pharmacology and conclude with a discussion of drug groups used for the treatment of cardiovascular disorders.  In the autonomic pharmacology unit, students will learn about adrenergic and cholinergic drugs that possess agonist and/or antagonist activities at different types and subtypes of receptors that are present in autonomic nervous system and other tissues in the body.  Cardiovascular pharmacology will include drug groups that are used in the management of hypertension, hyperlipidemia, heart failure, disorders of coagulation, cardiac arrhythmias and ischemic heart disease.",3,Pharmaceutical Science,141565,course_name: Pharmacology I; course_number: PHPS 724; credits: 3; lecture_hours: 45; prerequisites: Approval of Major Professor
PHPS,725,Pharmacology II,"In this course, students will learn pharmacology of specific drug groups.  The course uses organ system approach.  This course will begin with a discussion of endocrine disorders pharmacology followed by pharmacology of asthma and chronic obstructive pulmonary disease (COPD), and conclude with a discussion of drug groups used for the treatment of infectious diseases.  In the endocrine pharmacology unit, students will learn about drug groups that are used in the treatment of diabetes, thyroid and pituitary disorders, osteoporosis, as well as corticosteroid drugs.  Respiratory pharmacology unit will include pathophysiology and pharmacology of drug groups that are used in the treatment of asthma and COPD. Infectious disease pharmacology unit will include discussions of antibacterial, antifungal, antiviral, antiprotozoal and antihelmintic drugs.",3,Pharmaceutical Science,141565,course_name: Pharmacology II; course_number: PHPS 725; course_type: lecture; credits: 3; hours: 45; prerequisites: Approval of Major Professor
PHPS,726,Pharmacology III,"This graduate-level course introduces the student to the basis of disease and pharmacology of drugs used to treat viral infections, osteoarthritis, rheumatoid arthritis, gout, and CNS disorders.  Course material covers principles of drug action including drug-receptor interactions and mechanism of action, adverse effects, absorption, distribution, metabolism, elimination and pharmacogenomics.  The focus of CNS lectures include therapeutics used to treat migraine, schizophrenia, depression, bipolar disorder, attention deficit hyperactivity disorder, sleep disorders, anesthesia, and neurodegenerative diseases.  Students will be assigned a scientific article to read in advance of “Special Topics” lectures.  For five of these assignments, the student will also be required to write a one-page summary of the article and its main findings.",3,Pharmaceutical Science,141565,course_name: Pharmacology III; course_number: PHPS 726; level: graduate; prerequisite: PHPS 725
PHPS,727,Pharmacology IV,"This graduate-level course introduces the student to the basis of disease and pharmacology of drugs used to treat gastrointestinal and genitourinary disorders, fertility and contraception, as well as cancer and pain management. Course material covers principles of drug action including drug-receptor interactions and mechanism of action, adverse effects, absorption, distribution, metabolism, elimination and pharmacogenomics.  Students will be assigned a scientific article to read in advance of “Special Topics” lectures.  For five of these assignments, the student will also be required to write a one-page summary of the article and its main findings.",3,Pharmaceutical Science,141565,Course: PHPS 727; Course Title: Pharmacology IV; Level: graduate-level; Prerequisite: PHPS 726
PHPS,728,Phytochem - Terrestrial Plants,"This course will survey the chemical structures, spectroscopic properties, biosynthesis/biogenesis and biological activities of a wide range of major and minor chemical classes occurring in terrestrial plants.  These compound classes will include alkaloids, terpenoids, steroids, coumarins, flavonoids, tannins and other polyphenols, pyrones, quinones, phenylpropanoids, lignins, depsides, depsidones, fats, waxes and lipids among others. Completion of this course will provide the student with a basic familiarity with the kinds of chemical structures found in plants enabling her/him to embark on a career in phytochemical research.",2,Pharmaceutical Science,141565,course_name: Phytochem - Terrestrial Plants; course_number: PHPS 728; prerequisites: Approval of Major Professor
PHPS,729,Receptor Theory &amp; Signal Trans,"This course is designed to provide the student with knowledge of the historical and practical aspects of receptor theory as it applies to drug action, and to introduce how drug actions are mediated through signal transduction cascades, based on specific examples. Lecture topics include:  models for receptor-drug interactions; methods for receptor identification; structure-function analysis of GTP-binding proteins and ligand-operated ion channels; receptor tyrosine kinases; nuclear receptors; and receptor-induced signal transduction cascades.  Laboratory component of the course is designed to complement lecture topics.",2,Pharmaceutical Science,141565,course_name: Receptor Theory & Signal Trans; course_number: PHPS 729; prerequisites: Approval of Major Professor
PHPS,730,"Sample Coll, Documnt &amp; Presrv","Participants in this course will learn strategies for sample collection from both the terrestrial and marine environments and for both macro- and micro-organisms.  The course will cover permit application, sample collection, and the various ways in which different sample types are preserved for long term storage and how taxonomic voucher specimens are prepared.",1,Pharmaceutical Science,141565,"course_name: Sample Coll, Documnt & Presrv; course_number: PHPS 730; prerequisites: Approval of Major Professor"
PHPS,731,Toxicants and Toxicity,"This course will provide a general foundation in the understanding of basic toxicological principles.  The mechanisms of toxicity and contemporary treatment plans for the most common chemical, environmental and pharmaceutical agents will be presented.  Additionally, this course will provide an in-depth review of the neuropharmacology of substances of abuse including stimulants, depressants, hallucinogens and anabolic steroids.  Other types of addiction will be discussed. Special emphasis will be given to basic pharmacokinetic and pharmacodynamic mechanisms as they relate to the effects of the individual substances of abuse.  Current theories of addiction and tolerance development will be discussed.",3,Pharmaceutical Science,141565,course_name: Toxicants and Toxicity; course_number: PHPS 731; prerequisites: Approval of Major Professor
PHPS,732,Tox Plant Nat Prod-Therap Pot,"This course will draw on the basic principles of organic chemistry and biology to provide an understanding of the biosynthesis of toxic natural products in plants, their bioassay-directed fractionation and isolation, structural identification, and mode of action in mammalian systems. Toxins discussed will be those responsible for hepatotoxicity, teratogenicity, cardiotoxicity, lysosomal storage diseases, and reproductive defects.  Students will integrate these principles to understand the importance of dose in discriminating between toxicity and therapeutic action, as well as the role of natural products as lead compounds in drug development.  The major classes of toxic compounds occurring in plants will be discussed, with particular reference to those occurring in Hawaiʻi. Discussions of proper experimental design, plant sampling and identification, and structural classification will carry over into the laboratory portion of the class.  Students will become familiar with procedures for plant collection, extraction and isolation of pure compounds, and structural identification.",2,Pharmaceutical Science,141565,course_name: Tox Plant Nat Prod-Therap Pot; course_number: PHPS 732; prerequisites: Approval of Major Professor
PHPS,733,Aerosol Physics in Medicine,The course is structured in two equal halves. Part 1 focuses on fundamentals concerned with aerosol behavior and assessment of orally and nasally inhaled products (OINDP). Part 2 applies the knowledge gained in the first part to develop an understanding of the current regulatory science and newer methods of assessment to provide more meaningful data to prescribing clinicians and the patients themselves.,1,Pharmaceutical Science,141565,course_name: Aerosol Physics in Medicine; course_number: PHPS 733
PHPS,736,Pharmaceutical Immunology,"Basic concepts of immunology including innate immunity, antigen recognition, lymphocyte development and adaptive immunity will lay the groundwork for understanding immunity in a clinical context.",3,Pharmaceutical Science,141565,Course Number: PHPS 736; Course Title: Pharmaceutical Immunology; Prerequisites: Enrollment in DKICP PhD Program
PHPS,737,Cell Physiol in Drug Discovery,The course is geared towards gaining an in-depth understanding of applications and approach using state-of-the-art biotechnology for drug discovery.,2,Pharmaceutical Science,141565,Prerequisites: Enrollment in DKICP PhD Program
PHPS,738,Microbial &amp; Marine Nat Probs,"This course will focus on the chemical aspects (including sample collection, isolation, structure determination, biosynthesis, synthesis, medical application and mechanism of actions etc.) of natural products from marine, microorganisms, and other sources.",2,Pharmaceutical Science,141565,course_name: Microbial & Marine Nat Probs; course_number: PHPS 738; prerequisites: Enrollment in DKICP PhD Program
PHPS,749,Overview of Pharm Sciences I,"Drug discovery, basic principles of drug design, development and action to provide an introduction to the pharmaceutical sciences. Among topics are an introduction to medicinal chemistry, drug targets and interactions, and the architecture of drugs.",2,Pharmaceutical Science,141565,course_name: Overview of Pharm Sciences I; course_number: PHPS 749; prerequisites: Enrollment in DKICP PhD program
PHPS,750,Overview of Pharm Sciences II,"Drug design, development and action to provide an introduction to the pharmaceutical sciences. Among the topics are ADMC, structural changes during metabolism (chemistry), chemical mutagenesis, carcinogenesis, and teratogenesis, drug-drug interactions, drug allergy, drug resistance, tolerance and dependence, pharmacogenomics, and drug discovery.",2,Pharmaceutical Science,141565,course_name: Overview of Pharm Sciences II; course_number: PHPS 750; prerequisites: Enrollment in DKICP PhD program
PHPS,751,Biochemistry I - Biomolecules,"Basic foundation for medicinal biochemistry, pharmacology, including the structure and function of amino acids, proteins, nucleic acids, and lipids. Biological processes including signal transduction, DNA, RNA, and protein synthesis for an understanding of disease states and drug action.",3,Pharmaceutical Science,141565,course_name: Biochemistry I - Biomolecules; course_number: PHPS 751; prerequisites: Enrollment in DKICP PhD Program
PHPS,752,Biochemistry II - Metabolism,"Metabolism and the interrelationships.integration of metabolic processes, including glycolysis, the tricarboxylic acid cycle, gluconeogenesis, and the synthesis and breakdown of biomolecules. Metabolic control and regulation of pathways will be emphasized. Clinical correlations and metabolic diseases will be examined.",3,Pharmaceutical Science,141565,course_name: Biochemistry II - Metabolism; course_number: PHPS 752; prerequisites: Enrollment in DKICP PhD program
PHPS,755,Advanced Pharmaceutics I,"This course will draw on the basic principles of chemistry, biology and physics to provide an understanding of how drug physico-chemical properties at the molecular and macroscopic assembly level are manifest in dosage form properties and performance.  Students will integrate these principles to understand issues in the rational selection of dosage forms and drug delivery systems as well as their role in drug product development.  Discussions of Good Manufacturing Practices and Good Compounding Practices will carry over into the lab portion of the class.  Students will become comfortable with equipment; procedures and records used in the compounding of various dosage forms, and will practice clinical dispensing skills vital to shaping a truly professional pharmacist.",3,Pharmaceutical Science,141565,course_name: Advanced Pharmaceutics I; course_number: PHPS 755; prerequisites: Approval of Major Professor
PHPS,756,Advanced Pharmaceutics II,"This course will draw on the basic principles and developmental aspects of drug formulation to deliver the active pharmaceutical ingredient through biological membranes to exert the therapeutic effect at site of action. Understanding of physicochemical properties of active pharmaceutical ingredient and additives or excipients, pharmacological properties and processability of drug delivery systems can be utilized for optimal performance of the drug delivery systems.  Understanding of active pharmaceutical ingredient and additive or excipients physico-chemical properties at the molecular and macroscopic assembly level are manifest in dosage form properties and performance.  Students will integrate these principles to understand issues in the rational choice of dosage forms and drug delivery systems as well as their role in drug product development.  Discussions of Good Manufacturing Practices and Good Compounding Practices will carry over into the lab portion of the class.  Students will become familiar with procedures and records used in the compounding of various dosage forms, and will practice clinical dispensing skills vital to shaping a truly professional pharmacy professional scientist.",3,Pharmaceutical Science,141565,course_name: Advanced Pharmaceutics II; course_number: PHPS 756; prerequisites: Enrollment in the College of Pharmacy Pharmaceutical Sciences PhD program
PHPS,780,Research Seminar,The transfer of information in the pharmaceutical sciences is often achieved through the presentation of seminars. Students will prepare and present the annual research seminar required for partial fulfillment of the PhD degree.,1,Pharmaceutical Science,141565,Prerequisites: Enrollment in the College of Pharmacy PhD program; Repeatability: Course may be repeated for credit
PHPS,800,Resrch Dissertation-Phrm Sci,"This course outlines the conduct of the dissertation project and preparation of the actual dissertation document for the Doctoral level student.  The dissertation is a major undertaking that is a demonstration of mastery of a field of research in the Pharmaceutical Sciences and should represent an original and significant contribution to the field.  The dissertation document will usually be no less that 150 pages in length and be based on a research project defined by the candidate's Primary Advisor.  The project may take a variety of forms, for example, be quantitative, qualitative, or theoretical, the main criteria being that at the completion of the research the candidate can demonstrate mastery of and excellence in their chosen area of research.",1–15,Pharmaceutical Science,141565,"course_number: PHPS 800; course_title: Resrch Dissertation-Phrm Sci; prerequisites: Successful completion of the first, qualifying year of the PhD program progressing to Candidacy, and selection of a Primary Advisor, a Dissertation research topic and a Dissertation Committee."
PHYS,110,Physics of Contemporary Issues,"Contemporary issues of political interest such as nuclear warfare and waste, the greenhouse effect and alternative energies will be studied at a physics level appropriate for any college student. A course objective is to develop scientific reasoning.",3,Physics,141565,"attributes: ALEX, GCC; prerequisites: none"
PHYS,111,Intro to Space Exploration,"Survey of applied science, social, cultural and engineering topics in space science, focusing on exploration. Past, present and future aspects of space exploration. Relationship to Hawaiian views of cosmology and Hawaiian traditions such as Wayfaring and relationship to the land.",3,Physics,141565,course_name: Intro to Space Exploration; course_number: PHYS 111; cross_listed: ASTR 111
PHYS,115,Phys for Liberal Arts,Designed for non-science majors. Basic physical concepts through student's active participation and practical experience in a manner that is simple and intuitive.,3,Physics,141565,course_name: Phys for Liberal Arts; course_number: PHYS 115
PHYS,120,Weather &amp; Climate Hawaiʻi,"Basic meteorology, sun-earth-ocean-atmosphere interrelationships, weather types, seasonal changes, trade winds, clouds, rainfall, with examples drawn from the local weather and climate.",3,Physics,141565,"attributes: ['ALEX', 'DP', 'GAHP', 'GCC', 'HPP']; course_name: Weather & Climate Hawaiʻi; course_number: PHYS 120; equivalent_course: GEOG 120; target_audience: For non-science majors and prospective science teachers"
PHYS,150,World Models,"This course examines computer and mathematical models of the world that take into account how its subsystems (environment, resources, politics, finance) affect each other.",3,Physics,141565,Course: PHYS 150; Course Title: World Models
PHYS,151,College Physics I,"Provides a general overview of the concepts of motion, force, energy, rotation, momentum, wave motion, fluids, and thermal physics. It is the first semester of a year-long introductory algebra-based physics sequence. See also PHYS 151L which serves as the lab course. (Previously offered as PHYS 106.).",3,Physics,141565,attributes: DP; prerequisites: C or better in either MATH  125 or MATH  140 or MATH  140x or MATH  241 or MATH  242 or placement into MATH  241
PHYS,152,College Physics II,"Provides a general overview of the concepts of electricity and magnetism, EM waves, and optics. It is the second semester of a year-long introductory algebra-based physics sequence. See also PHYS 152L which serves as the lab course.",3,Physics,141565,attributes: DP; prerequisites: PHYS  151 or PHYS  170
PHYS,170,Gen Phys I: Mechanics,"Introductory physics designed for students majoring in physical sciences or engineering. Covers mechanics of particles, extended bodies, rotational dynamics, conservation laws, fluids, and wave motion.",4,Physics,141565,attributes: DP; prerequisites: MATH  241 (Attributes: DP)
PHYS,224,Spaceflight,"All aspects of manned and unmanned spaceflight, with emphasis on actual technologies and procedures used in space exploration. For students interested in Astronomy, Physics, Planetary Sciences, Aerospace Engineering or with a general interest in spaceflight.",3,Physics,141565,course_name: Spaceflight; course_number: PHYS 224; cross_listed: ASTR 224; prerequisites: Any one of the following: PHYS  151 or higher; CHEM  151 or higher; MATH  140X or higher. Students lacking these pre-requisites who believe they have sufficient science background may be admitted with the instructor's permission.
PHYS,260,Computational Physics &amp; Astron,"Computational techniques in physics and astronomy, with an emphasis on fundamental algorithms and development of code in high-level languages. Topics include least squares, interpolation, random number generators and numerical integration of differential equations.",3,Physics,141565,Corequisites: PHYS 272 (may be taken concurrently); Cross-listed as: ASTR 260; Prerequisites: DATA 172 and MATH 242
PHYS,272,Gen Phys II: Elec &amp; Magnetism,"Introductory calculus-based physics designed for students majoring in physical sciences or engineering. Covers electric fields and potentials, magnetic fields, Maxwell's equations and basic optics. One class hour is dedicated to the development of problem-solving skills in small-group sessions.",4,Physics,141565,attributes: DP; prerequisites: MATH  242 and C or better in PHYS  170
PHYS,274,Gen Phys III: Intro Modern Phy,"Survey of contemporary physical theory and applications: special relativity; quantum physics; atomic structure and spectra, nuclear structure and reactions; elementary particles and fundamental forces.",3,Physics,141565,Prerequisites: MATH 300 (can be taken concurrently) and PHYS 170 and 272; Previous Course Number: PHYS 270
PHYS,330,Electromagnetism,Intermediate-level electrostatics and electrodynamics; electric and magnetic properties of ideal and real materials; Maxwell's equations of electromagnetism; conservation laws; electromagnetic waves and boundary value problems.,3,Physics,141565,"concurrent_prerequisite: MATH 300; course_name: Electromagnetism; course_number: PHYS 330; prerequisites: ['MATH 243', 'MATH 244', 'PHYS 272', 'MATH 300']"
PHYS,331,Optics,"Intermediate optics. Topics include plane waves, multiple interfaces, polarization, light propagation in real materials, Fourier optics, coherence theory, paraxial rays, diffraction and blackbody radiation.",3,Physics,141565,Prerequisites: PHYS 272 and MATH 243
PHYS,341,Thermodynamics,"Thermodynamics at the intermediate level. Includes energy, entropy, engines and refrigerators, free energy, classical and quantum statistical mechanics.",3,Physics,141565,Prerequisites: PHYS 274 and MATH 243
PHYS,360,Mathematical Physics,"Special functions of mathematical physics which arise from Sturm-Liouville equations:  Bessel, beta, elliptical, gamma and Legendre functions.  Generating functions, complex integral representations.  Other topics may include transforms, Fourier analysis and linear algebra.",3,Physics,141565,"course_name: Mathematical Physics; course_number: PHYS 360; cross_listing: MATH 360; prerequisites: MATH 244, or MATH 243 and MATH 300 or instructor's consent"
PHYS,371,Classical Mechanics,"Intermediate-level kinematics and dynamics. Central force motion; rotations, noninertial frames, normal modes of vibrations; introduction to Lagrangian and Hamiltonian formalism.",3,Physics,141565,"concurrent_requirements: ['MATH 300']; course_number: PHYS 371; course_title: Classical Mechanics; prerequisites: ['PHYS 170', 'PHYS 272', 'MATH 300']"
PHYS,380,Chaos,"An introduction to nonlinear dynamical systems for science majors. Topics include dynamics in one and several dimensions, stability, excitable media, fractals, and time series analysis. Applications in physics, chemistry, ecology and other fields are illustrated.",3,Physics,141565,course_name: Chaos; course_number: PHYS 380; cross_listing: Same as MATH 380; prerequisites: C or better in MATH 242 and C or better in PHYS 272 or MATH 244
PHYS,430,Quantum Mechanics I,"Postulates and formalisms of quantum mechanics.  The Schrodinger equation in one and several dimensions: scattering, the harmonic oscillator, tunneling and the hydrogen atom.  Orbital angular momentum and spin. The statistical interpretation and the uncertainty principles.  Quantum statistical mechanics.  Fermions and bosons.",3,Physics,141565,course_name: Quantum Mechanics I; course_number: PHYS 430; prerequisites: PHYS 274 and MATH 300
PHYS,431,Quantum Mechanics II,"A continuation of PHYS 430. Topics may include perturbation theory, the adiabatic approximation, foundations of quantum theory and/or quantum computation.",3,Physics,141565,Prerequisites: PHYS 430
PHYS,496,Space Studies Seminar,"Seminar presentations of topics related to space exploration by invited speakers, faculty, and enrolled students. Students are required to prepare and submit reaction papers/essays.",1,Physics,141565,course_name: Space Studies Seminar; course_number: PHYS 496
POLS,100,Intro to Political Science,"Provides students with an introductory broad approach to the discipline of political science. This course relates current events at the global, national, local, and state levels to a wide array of political science scholarship. This course also includes a career opportunities component, which will feature speakers from the community who can speak to the questions of “What can you do with a major in Political Science?”",3,Political Science,141565,attributes: ['DS']; course_name: Intro to Political Science; course_number: POLS 100
POLS,101,Am Politics: National,Organization and functioning of the American political system at the national level.,3,Political Science,141565,Attributes: DS; Course: POLS 101; Title: Am Politics: National
POLS,201,Politics of the Ordinary,Introduction to political theory.,3,Political Science,141565,Attributes: DS; Course: POLS 201; Course Title: Politics of the Ordinary
POLS,220,"Law, Politics, &amp; Society","Examination of formal and informal institutions of law according to the U.S. Constitution, courts, and associated cultural, social, and political contexts of governance and everyday jurisprudence.",3,Political Science,141565,"attributes: ['DS', 'GCC']; course_name: Law, Politics, & Society; course_number: POLS 220"
POLS,221,Intro to Constitutional Law,"Introduction to the study of the United States Constitution with examination into contributing political, historical, economic, cultural, and social contexts.",3,Political Science,141565,course_name: Intro to Constitutional Law; course_number: POLS 221
POLS,242,Intro To World Politics,"The theory and substance of international politics, with emphasis on the international behavior of nations. Topics include war, regional integration, the United Nations, and the gap between rich and poor nations.",3,Political Science,141565,"attributes: ['DS', 'FGB']; course_number: POLS 242; course_title: Intro To World Politics"
POLS,251,Intro to Comparative Politics,"Comparative study of politics, government and economic development in several different countries including Britain, Japan, Russia, China, Mexico, India and Egypt.",3,Political Science,141565,attributes: FGB; course_number: POLS 251; course_title: Intro to Comparative Politics
POLS,262,Intro to Intelligence Studies,This course will examine the process of intelligence gathering and analyzing and evaluate the way such information is processed to formulate and implement policy.,3,Political Science,141565,attributes: ['DS']; course_name: Intro to Intelligence Studies; course_number: POLS 262
POLS,264,Intro to Security Studies,"This course will introduce students to the concept of security, pressing issues, and effective remedies in various contexts, including environmental security, food security, health security, terrorism, migration, weapons of mass destruction, transnational and organized crimes, cyber security, space security, and the like, from the perspective of human security, domestic security, and international security.",3,Political Science,141565,Attributes: DS; Course: POLS 264; Title: Intro to Security Studies
POLS,270,Negotiation,"An examination of negotiation theory and practice in various domains including interpersonal, intergroup, and international settings",3,Political Science,141565,Attributes: DS; Course: POLS 270; Course Title: Negotiation
POLS,304,Politics of Power,"Political theory course that explores conceptualizations of fairness, representation, access, liberty, consumption, work, ownership, and justice in theories and applications from contemporary and historical contexts.",3,Political Science,141565,"attributes: ['ALEX', 'DS', 'GCC']; course_code: POLS 304; course_name: Politics of Power"
POLS,321,Civil Liberties &amp; Civil Rights,"Study of the U.S. Constitution and judicial doctrine of the U.S. Supreme Court involving rights and freedoms of the Bill of Rights, suffrage, and equal protection frameworks involving race and ethnicity, sex and gender, class and ability.",3,Political Science,141565,Attributes: DS; Course: POLS 321; Course Title: Civil Liberties & Civil Rights
POLS,325,Environments of Law,"Examines elements of law in built, natural, and propertized environments. Topics include spatiality, eminent domain, borders, linear jurisprudence, fluid jurisdictions, public landscapes, and evolving tensions involving environment and justice.",3,Political Science,141565,"attributes: ['ALEX', 'DS', 'GCC']; course_number: POLS 325; course_title: Environments of Law; cross_listing: GEOG 325"
POLS,327,Law and Culture,"Law’s relationship with culture as constructed and contested through social, political, and economic frameworks of belonging, identity, and place",3,Political Science,141565,attributes: DS; course_name: Law and Culture; course_number: POLS 327; cross_listing: WS 327
POLS,328,Visual Politics,"Exploration of the visual, the sensory, and the embodied across legal, social, political, and cultural frameworks involving materialism, mobility-ies, place/placelessness, and public memory",3,Political Science,141565,attributes: DS; course_name: Visual Politics; course_number: POLS 328; cross_listed: PHIL 328
POLS,330,Mock Trial,"Experiential learning in a courtroom trial setting. Preparation includes knowledge of functions and roles of court personnel, elements of proof, techniques of direct and cross-examination. Includes role-playing in six mock trial cases.",3,Political Science,141565,course_name: Mock Trial; course_number: POLS 330; former_course_number: POLS 320
POLS,331,Presidency And Congress,"An examination of the institutions of the Presidency and the Congress and an analysis of the history, major office holders, processes, and functions of these American institutions.",3,Political Science,141565,attributes: ['DS']; course_name: Presidency And Congress; course_number: POLS 331
POLS,332,"Race, Gender, &amp; the Body","This course explores the politics of the body according to the intersectional and dynamic constructions of race, ethnicity, sex, gender, ability, and size.",3,Political Science,141565,"course_name: Race, Gender, & the Body; course_number: POLS 332; cross_listing: WS 332"
POLS,334,"Pol Bvr, Campaigns &amp; Elections","An examination of the influence of individuals, interest groups, mass movements and elections on the democratic process.  Topics covered include electoral rules, candidate strategies, campaign finance, voting, and political mobilization.",3,Political Science,141565,"Attributes: ['ALEX', 'DS', 'GCC']; Course: POLS 334; Course Title: Pol Bvr, Campaigns & Elections"
POLS,335,Environmental Politics,"This course examines the complexities of environmental politics through such topics as environmental justice, pollution, energy, waste, consumption, conservation, and the Anthropocene.",3,Political Science,141565,course_code: POLS 335; course_name: Environmental Politics
POLS,337,Politic of Hawaiʻi: State/Local,"An examination of the institutions and political forces shaping Hawaiʻi’s contemporary state and local governance, focusing on executive, legislative and judicial institutions and their relations, political culture, leadership patterns and recruitment, voter participation in politics, electoral analysis, political economy, local political parties and interest groups.",3,Political Science,141565,attributes: GAHP; course_name: Politic of Hawaiʻi: State/Local; course_number: POLS 337
POLS,340,U.S. Foreign Policy,"The policy-making process with special attention to the role of the President, the Congress, the military, organized lobbies, and the public.",3,Political Science,141565,attributes: ['DS']; course_name: U.S. Foreign Policy; course_number: POLS 340
POLS,342,International Law,"Development, functions, and sources of public international law. Survey of major areas: law of the sea; laws of air and space; laws of warfare; pacific settlement of disputes; and rule-making in international organizations.",3,Political Science,141565,attributes: DS; course_name: International Law; course_number: POLS 342
POLS,344,Terrorism and Extremism,"This course will review the history and evolution of terrorism, examine the causes of terrorism and the tactics/management of terrorist groups, evaluate counterterrorism strategies, and analyze empirical terrorist cases.",3,Political Science,141565,attributes: ['DS']; course_number: POLS 344; course_title: Terrorism and Extremism
POLS,345,Model United Nations,"An examination of the organization of the United Nations, its rules of procedure and major UN issues. The course prepares selected students to represent the University at the National MUN (New York) or Western MUN (San Francisco).",3,Political Science,141565,"course_number: POLS 345; course_title: Model United Nations; repeatability: May be repeated three times for credit, but only six credits may be applied to the major."
POLS,346,International Organizations,"Survey of the theories of international political integration, the United Nations and its specialized agencies, the European Union, NATO, the Organization of American States, OPEC, and other supraregional and regional economic, security, and political international organizations.",3,Political Science,141565,attributes: DS; course_code: POLS 346; course_name: International Organizations
POLS,348,International Human Rights,"An examination of the theory and practice of international human rights including debate on universalism, empirical cases of human rights violations, the roles of states, international organizations, and non-governmental organizations, and effectiveness of enforcement of human rights.",3,Political Science,141565,"attributes: ['DS', 'GCC']; course_code: POLS 348; course_title: International Human Rights"
POLS,351,Politics Of China Through Film,"This course will study contemporary Chinese politics and government. Major topics include the Chinese Communist Revolution, Mao Zedong’s socialism, Deng Xiaoping’s economic reforms and opening policy, recent development and changes, the Party-state political system, the Hong Kong and Taiwan issues, and the peaceful rise foreign policy.",3,Political Science,141565,"attributes: DS, GAHP, HPP; prerequisites: POLS  251 or instructor's consent"
POLS,353,Politics Of Japan,"Aspects of Japanese politics, emphasizing the post-1945 period. Topics include political development and change, the political economy of Japan, major political institutions and organizations, policy-making processes, and controversial political issues.",3,Political Science,141565,"attributes: ['DS', 'GAHP', 'HPP']; course_number: POLS 353; course_title: Politics Of Japan; equivalent_course: JPST 353"
POLS,355,Internatl Political Economy,"Topics include world powers and the world economic systems, the third world economic development, political and economic reforms, and Asian development models.",3,Political Science,141565,course_name: Internatl Political Economy; course_number: POLS 355
POLS,357,Politics of Pac Rim Thru Film,"This course will study politics of the Pacific Rim region, focusing on (1) the political economy of the Asia-Pacific nations, (2) models of development of the U.S., Japan, South Korea, China, Russia, India, and major Southeast nations, and (3) the challenging issues of the region in the twenty-first century.",3,Political Science,141565,attributes: HPP; course_name: Politics of Pac Rim Thru Film; course_number: POLS 357
POLS,374,Indigenous Dispute Resolution,An examination of the theory and practices of indigenous forms of dispute resolution from around the world.,3,Political Science,141565,Course: POLS 374; Course Title: Indigenous Dispute Resolution
POLS,377,Restorative Justice,"This course will provide an introduction to the principles and practices of Restorative Justice, including the historical and indigenous roots, and will explore specific models of practice used both globally and locally.",3,Political Science,141565,course_code: POLS 377; course_title: Restorative Justice
POLS,380,Methods Of Research,"The logic and approaches used by social scientists; concept formation, design of research projects, choice of techniques and interpretation of results. (Previously POLS 280).",3,Political Science,141565,"attributes: DS, GQ; prerequisites: POLS  100 or POLS  101 or consent of instructor"
POLS,402,Critical Aesthetics,Advanced course in political theory.,3,Political Science,141565,Course: POLS 402; Course Title: Critical Aesthetics
POLS,433,"Politics, Media &amp; Public Opin","An examination of the role of mass media in shaping public opinion and influencing governance. Topics include the use of media by candidates, government officials and organized interests; media effects on individuals; determinants of public opinion; public opinion polling; and methods of public persuasion.",3,Political Science,141565,attributes: DS; prerequisites: POLS  101 or instructor's consent
POLS,442,War and the State,"This course will study the major wars between states in the world in the past hundred years, focusing how these wars started and ended and how they shaped the development of nations and the world. We will focus on World War I, World War II, the Korean War, the Vietnam War, the India- Pakistan conflicts, the Israeli-Arab wars, the Iraq War, the Afghan War, and the recent conflicts in the Middle East.",3,Political Science,141565,Course: POLS 442; Course Title: War and the State
POLS,443,Int'l Conflict Management,"An examination of a variety of international conflict management strategies that employ diplomacy or coercion, such as negotiation, mediation, economics sanctions, peacekeeping, and humanitarian intervention.",3,Political Science,141565,attributes: DS; course_name: Int'l Conflict Management; course_number: POLS 443; previous_course_number: POLS 343
POLS,444,"Law, Property, and Nature","Examines the relationship between nature, property, and legal regulation. Topics will include takings jurisprudence, land use management and ownership, riparian rights, air rights, public spaces, and the evolving relationship between culture, law, and the environment. This course is dual listed with CBES 644.",3,Political Science,141565,"attributes: DS, GCC; prerequisites: junior or senior standing"
POLS,457,U.S.-China Relations,"This course surveys the history of U.S.-China relations to the present and gives in-depth consideration to contemporary issues including China's human rights record, the issue of Taiwan, U.S.-China trade relations, and China's global role in the twenty-first century.",3,Political Science,141565,attributes: HPP; course_name: U.S.-China Relations; course_number: POLS 457
POLS,479,ADR in Action,Survey and practice of different types of alternative dispute resolution (ADR). Focusing on a skill training component using different ADR techniques.,3,Political Science,141565,attributes: DS; prerequisites: POLS  270 (Attributes: DS)
POLS,490,Senior Thesis,Individual research in problems of special interest.,3,Political Science,141565,Prerequisites: consent of instructor
PPHY,310,Plant Growth/Develop,The chemistry and physiology of growth regulators and their involvement in plant growth and development. Experiments and demonstrations illustrating both basic and applied aspects of chemical growth regulation.,3,Plant Physiology,141565,course_name: Plant Growth/Develop; course_number: PPHY 310; prerequisites: HORT 262 or BIOL 171 and one year of college chemistry
PPHY,415,Plant Nutrition,"Mineral nutrition of plants, symptoms of mineral deficiency, corrective measures, water relations and nitrogen cycle. Special attention will be given to the role of nutrients in essential physiological and behavioral process.",3,Plant Physiology,141565,Course Number: PPHY 415; Course Title: Plant Nutrition; Prerequisites: HORT 262 or BIOL 171 and one year of college chemistry
PPTH,404,Tropical Plant Pathology,"Principles of plant pathology, major diseases in the tropics caused by fungi, bacteria, nematodes, and viruses; their nature, diagnosis and control.",3,Plant Pathology,141565,cross_listed_with: CBES 604; prerequisites: BIOL 171 or Instructor's Consent; previous_course_number: PPTH 301
PSY,100,Survey Of Psy,"Principles of human behavior, individual differences, motivation, emotion, perception, learning.",3,Psychology,141565,attributes: DS; course_name: Survey Of Psy; course_number: PSY 100; prerequisites: This introductory course serves as the prerequisite for all upper-division psychology courses
PSY,213,Statistical Techniques,Frequency distributions; graphic methods; central tendency and variability; correlation and regression; inferential statistics; non-parametric statistics.,4,Psychology,141565,"attributes: GQ; prerequisites: PSY  100 with a grade of C- or better, and a grade of C- or better in MATH  115 or higher"
PSY,214,Research Methodology,"Methods of scientific observation, nature of experiments, the use of quasi-experimental designs, control group experimental designs, and single-subject experimental designs. Potentials and problems in research and clinical uses of these designs. Ethical considerations involved in conducting research.",4,Psychology,141565,Prerequisites: A grade of C- or better in both PSY 100 and PSY 213
PSY,312,Evaluation Research,"The application of research methods in the planning, monitoring and evaluation of social programs. Needs assessment, program monitoring impact assessment and efficiency analysis will be surveyed.",3,Psychology,141565,"Course Number: PSY 312; Course Title: Evaluation Research; Prerequisites: ['PSY 100', 'PSY 213', 'PSY 214']"
PSY,313,Testing &amp; Measurements,"Principles, concepts, and procedures of psychological testing, including construction, validation, interpretation, and use of tests in intellectual and personality assessment.",3,Psychology,141565,"course_name: Testing & Measurements; course_number: PSY 313; prerequisites: ['PSY 100', 'PSY 213']"
PSY,314,Learning &amp; Motivation,"Major conditions influencing learning and forgetting; role of practice, reward, motivation, drive and emotion; theoretical interpretations of learning and motivation.",3,Psychology,141565,"Course Number: PSY 314; Course Title: Learning & Motivation; Prerequisites: A grade of C- or better in PSY 100, PSY 213, and PSY 214"
PSY,315,Sensation And Perception,"Psychophysics, vision, audition, taste, smell, theories of perception.",3,Psychology,141565,"Prerequisites: A grade of C- or better in PSY 100, PSY 213, and PSY 214."
PSY,319,Experimental Psychology,"Original experiments with emphasis upon laboratory techniques. Control of variables, apparatus design, statistics in research.",3,Psychology,141565,"Course Name: Experimental Psychology; Course Number: PSY 319; Prerequisites: ['PSY 100', 'PSY 213', 'PSY 214']"
PSY,320,Developmental Psy,"General trends and variability in lifespan human development. Systematic change and continuity in mind and behavior from conception to death. Interaction among psychological, social and biological aspects of development. Normative and problematic development; risk and protective factors.",3,Psychology,141565,course_name: Developmental Psy; course_number: PSY 320; prerequisites: PSY 100
PSY,321,Psy Of Personality,"Scientific study of personality through examination of major theoretical approaches: personality functioning, development, and change; assessment and research strategies; empirical data on central concepts and social-cultural determinants.",3,Psychology,141565,Prerequisites: PSY 100
PSY,322,Social Psychology,"Interpersonal relations, social attitudes; group dynamics; intergroup relations, class and cultural influences.",3,Psychology,141565,Prerequisites: PSY 100
PSY,323,Community Psychology,"Community factors such as urbanization, social service programs, and schools as they affect the psychological well-being of individuals. Social system intervention techniques to better the fit between individuals and environments.",3,Psychology,141565,"attributes: ALEX, DS, GAHP, GCC, HPP; prerequisites: PSY  100"
PSY,324,Psychopathology,"Broad survey of emotional and behavioral health problems including description, epidemiology, etiology and treatment of various psychological disorders.",3,Psychology,141565,Prerequisites: PSY 100
PSY,325,Psychology Of Women,"Issues and topics relevant to the psychological development and functioning of women including sex differences in abilities and behavior, achievement motivation, work, sexuality, pregnancy, childbirth and motherhood, mental health and domestic violence.",3,Psychology,141565,course_name: Psychology Of Women; course_number: PSY 325; cross_listing: WS 325; prerequisites: PSY 100
PSY,326,Child Psychopathology,"Broad survey of emotional and behavioral health problems in youth. Uses a developmental psychopathology perspective to understand how psychological disorders (e.g., ADHD, Autism, Conduct Problems) develop in children and teens. Includes discussion of professional issues in clinical child psychology.",3,Psychology,141565,course_name: Child Psychopathology; course_number: PSY 326; prerequisites: PSY 100
PSY,333,Psycholinguistics,"Theory and method in the investigation of the relationship between language and cognition, first and second language acquisition, speech pathologies.",3,Psychology,141565,Cross-listing: LING 333; Prerequisites: LING 102 or PSY 100 or consent of instructor
PSY,335,Animal Psychology,"Biological, ecological, social and learned bases of animal behavior based on laboratory and field investigations.",3,Psychology,141565,Prerequisites: PSY 100 or consent of instructor
PSY,350,Cognitive Psychology,"Theories, assumptions, empirical findings, and applications of cognitive psychology. Topics include memory, inference, prediction, and mental imagery.",3,Psychology,141565,"Prerequisites: A grade of C- or better in PSY 100, PSY 213 and PSY 214"
PSY,352,Introduction to Biopsychology,"Survey of the study of behavior from the viewpoint of the natural sciences. Genetics, neural mechanisms, pharmacology, and biological development of behavior will be discussed.",3,Psychology,141565,"Prerequisites: A grade of C- or better in PSY 100, PSY 213 and PSY 214"
PSY,353,Clinical Psychopharmacology,"This course will offer a discussion of psychopathology from a biological perspective including the neurochemical, neuroanatomical, and genetic causes of psychological disease.  Emphasis will be placed on the pharmacotherapeutic treatment of psychopathology.",3,Psychology,141565,Course Number: PSY 353; Course Title: Clinical Psychopharmacology; Prerequisites: PSY 352 or instructor's consent
PSY,355,Science of Sex,"This course will examine the scientific study of sexual behavior in both human and non-human animals from the perspectives of behavioral genetics, psychoneuroendocrinology, ethology, psychology, and neuroscience.",3,Psychology,141565,Prerequisites: PSY 214 or instructor's consent
PSY,360,Cross-Cultural Psy,"Application of psychological methodology and theories to the study of behavior in selected cultures, with a focus on Polynesia. Topics to include child-rearing and socialization, cognition, personality, and social behavior patterns.",3,Psychology,141565,attributes: GAHP; prerequisites: PSY  100 and upper division standing
PSY,369,Evolutionary Psychology,"The course is a synthesis of modern psychology and evolutionary biology.  It introduces students to the basic mechanisms of behavioral evolution.  The course emphasizes adaptive problems and how humans of different sexes, cultures, ages and developmental stages solve them.",3,Psychology,141565,course_name: Evolutionary Psychology; course_number: PSY 369; prerequisites: PSY 100
PSY,370,Sport Psychology,"Survey of methods and findings in the application of psychological principles in sport. Topics include arousal and anxiety, cognitive processes, team performance, coaching behavior and techniques to maximize sports performance.",3,Psychology,141565,Cross-listing: KES 370; Prerequisites: PSY 100
PSY,377,Counseling Psychology,"This course covers the various theoretical approaches to counseling, the therapeutic relationship, techniques of counseling, ethical issues, research, diagnosis and assessment, cross-cultural counseling, as well as career, family and couples, and group interventions.",3,Psychology,141565,course_name: Counseling Psychology; course_number: PSY 377; prerequisites: PSY 100
PSY,380,Health Psychology,"Psychosocial factors in physical health, illness, and the health care system. Topics include stress and coping, personality and social factors affecting health, adaptation to chronic illness, death and dying, patient-practitioner relationships, the institutional context, and health promotion.",3,Psychology,141565,Prerequisites: PSY 100
PSY,385,Women &amp; Health,"Reproductive health, immune activity, autoimmune disease and mental health in women are covered from physiological, psychological, historical and cross-cultural perspectives.",3,Psychology,141565,Cross-listing: WS 385; Prerequisites: PSY 100
PSY,390,Industrial &amp; Organizationl Psy,"The application of the methods, facts, and principles of psychology to people at work in diverse group and organizational settings.",3,Psychology,141565,course_name: Industrial & Organizationl Psy; course_number: PSY 390
PSY,416,Emotion,"A comprehensive introduction to the topic of emotion as it has been treated in the field of Psychology. Different theories and approaches to the scientific study of emotion, including basic neuroscientific principles, and recent human brain imaging techniques are discussed.",3,Psychology,141565,Course Name: Emotion; Course Number: PSY 416; Prerequisites: PSY 350 or PSY 352 or consent of instructor
PSY,420,Adolescent Develp &amp; Mental Hlt,Normative and problematic development during adolescence. Cross-cultural differences and similarities in adolescent development.  Theoretical approaches to adolescent mental health.  Causes and effects of maladjustment.  Approaches to prevention and intervention.,3,Psychology,141565,"course_name: Adolescent Develp & Mental Hlt; course_number: PSY 420; prerequisites: ['PSY 214', 'PSY 320']"
PSY,422,Psychology of Sustainability,"This course takes a service-learning approach to the study of theory and research in the areas of psychology that affect sustainable living. Research in the areas of attitudes, persuasion, behavior change, risk perception, social dilemmas, and social norms will be included. Classes will be seminars with the addition of students working in small groups to investigate and develop recommendations for a community client on a problem related to the promotion of sustainable living.",3,Psychology,141565,"attributes: ALEX, GCC; prerequisites: PSY  214 or instructor's consent"
PSY,425,Career Development,"Work-related behavior over the span of life.  Theory, research, and counseling about career development.  Work values, career goals, career decision-making, and occupational choice.  Work adjustment and satisfaction. Work within the context of human lives.  Interaction between career development processes and other domains of life, such as family, education, leisure.  Course is conducted as a seminar with an emphasis on discussion.",3,Psychology,141565,"course_name: Career Development; course_number: PSY 425; prerequisites: ['PSY 214', 'PSY 320']"
PSY,430,Physiological Psychology,"Relationship between physiology and behavior. Topics include neuroanatomy, the hormone systems associated with feeding, drinking, reproduction, aggression, and stress, and the neurological and hormonal basis of mental disorders.",3,Psychology,141565,"Course Number: PSY 430; Course Title: Physiological Psychology; Prerequisites: PSY 100, 213, 214, or instructor's consent"
PSY,430L,Physiol Psy Lab,Laboratory to accompany PSY 430.,1,Psychology,141565,course_name: Physiol Psy Lab; course_number: PSY 430L; related_course: PSY 430
PSY,431,Brain Disease,Neurobiological mechanisms of central nervous system diseases and disorders.,3,Psychology,141565,"Course Name: Brain Disease; Course Number: PSY 431; Prerequisites: ['PSY 100', 'PSY 213', 'PSY 214', 'PSY 350 or PSY 352']"
PSY,432,Psy Of Motivation,"Theories of arousal and activation, incentive and reinforcement, and behavior suppression.",3,Psychology,141565,Prerequisites: PSY 100 and instructor's consent
PSY,437,Marine Mammal Behavior,"An introduction to marine mammals with emphasis on the behavior of marine mammals. Special attention given to those species found in Hawaiian waters. Individual species are examined within a comparative framework. Topics include: behavioral ecology, social behavior, cetacean societies, mating systems, communication, sensory perception, and cognition.",3,Psychology,141565,"course_name: Marine Mammal Behavior; course_number: PSY 437; cross_listing: BIOL 437; prerequisites: PSY 213, PSY 214 and PSY 314 or PSY 315 or PSY 350 or PSY 352 or instructor's consent"
PSY,438,Child Cognition,"How children think. A survey of how human perceptual and cognitive skills and intellectual abilities develop from infancy through early adolescence, and how cognitive development corresponds to brain development. Topics include theories of cognitive development, perception and attention, mental representation, concept development, categorization, social awareness, theory of mind, memory systems, language development, numerical competence, and approaches to the study of intelligence.",3,Psychology,141565,"course_name: Child Cognition; course_number: PSY 438; prerequisites: PSY 100, 213, 214, and PSY 320 or instructor's consent"
PSY,439,Psychology of Aging,"Within the field of psychology, aging is perhaps the least understood aspect of life. What is aging? Is there a “normal” process aging? This course explores the diverse aspects of psychological aging.",3,Psychology,141565,course_number: PSY 439; course_title: Psychology of Aging; prerequisites: PSY 320 OR PSY 324
PSY,440,History Of Psychology,Historical origins and development of contemporary psychology.,3,Psychology,141565,Course Name: History Of Psychology; Course Number: PSY 440; Prerequisites: 12 semester hours in psychology
PSY,445,Practicum in Psychology,"Supervised experience in human service, mental health and other community agencies in the local community.",3,Psychology,141565,"attributes: ALEX, DS, GCC; prerequisites: 12 semester hours in Psychology and instructor's consent"
PSY,450,Child Behavior Therapy,"This is an advanced seminar on the practical application of behavioral theory to treatment of child and adolescent psychological disorders. Special emphasis will be given to the integration of science and practice with topics including behavioral assessment, basic principles and procedures of behavior modification, and evidence-based treatment for children and adolescents.",3,Psychology,141565,"Course Name: Child Behavior Therapy; Course Number: PSY 450; Prerequisites: ['PSY 100', 'PSY 213', 'PSY 214', 'PSY 320 or PSY 324']"
PSY,451,Adult Behavior Therapy,"Theory, research, and practice in cognitive behavior therapy applied to adult disorders and problems. Treatment applications of relaxation, exposure and prevention, desensitization, aversion therapy, biofeedback, self-control, imagery and cognitive strategies.",3,Psychology,141565,Course Number: PSY 451; Course Title: Adult Behavior Therapy; Prerequisites: PSY 324
PSY,452,Drugs of Abuse,Effects and consequences of drugs of abuse from both psychological and biological perspectives. Implications for substance abuse treatment will be discussed.,3,Psychology,141565,Prerequisites: PSY 350 or PSY 352 or instructor's consent
PSY,453,Clinical Psychopharmacology,"This course will offer a discussion of psychopathology from a biological perspective including the neurochemical, neuroanatomical, and genetic causes of psychological disease. Emphasis will be placed on the pharmacotherapeutic treatment of psychopathology.",3,Psychology,141565,Course Number: PSY 453; Course Title: Clinical Psychopharmacology; Prerequisites: PSY 350 or PSY 352 or instructor's consent
PSY,454,Methamphetamine: Clinc/Forens,"Effects and consequences of methamphetamine from both psychological and biological perspectives. Methamphetamine, politics and the law. Implications for substance abuse treatment will be discussed.",3,Psychology,141565,course_name: Methamphetamine: Clinc/Forens; course_number: PSY 454; prerequisites: PSY 352 or instructor's consent
PSY,460,Psychology of Culture &amp; Health,"This course examines research and theory on how culture influences the occurrence, symptoms, diagnosis, and treatment of disease in an individual.  In seminar-format, we will explore behaviors and attitudes that affect health and prevention of disease in the individual and how they are affected by culture, such as cultural definitions of health, culture and the conception of the body, as well as cultural influences on attitudes and beliefs related to health and disease.",3,Psychology,141565,"course_name: Psychology of Culture & Health; course_number: PSY 460; prerequisites: PSY 214, PSY 360, or instructor's consent"
PSY,461,Psychology and Cancer,"This course examines the state of behavioral and social science research regarding the impact of psychological, biological, behavioral, and social factors on cancer onset, progression, treatment, and survival. These factors are considered across the entire cancer continuum and at multiple levels of analysis.",3,Psychology,141565,"attributes: GCC, HPP; prerequisites: PSY  100, 213, 214, 323"
PSY,465,Interpersonal Relationships,"This course will examine relationships from a scientific standpoint. A number of different perspectives will be utilized including social, developmental, counseling, and clinical psychology. A variety of questions will be addressed such as what are relationships and why are they important to study, what are the different kinds of relationships and how do they affect people differently, attachment style, relationship formation and termination, social support, relationships and health, and relationship therapy.",3,Psychology,141565,"Course Number: PSY 465; Course Title: Interpersonal Relationships; Prerequisites: ['PSY 100', 'PSY 213', 'PSY 214', 'PSY 322']"
PSY,469,Social Behavior of Primates,"The course examines primate social systems. Emphasis is on a comparative analysis of primates' socioecology, group life, communication and intelligence.",3,Psychology,141565,"Prerequisites: PSY 352 or PSY 335, or instructor's consent"
PSY,470,Clinical Psychology,"Nature, history, and contemporary state of the profession of clinical psychology. Theories, methods, and findings in assessment, intervention, research, and clinical practice. Multiple roles of the clinical psychologist, ethical and professional issues, standards of care, legal regulations of practice, and the mental health care system.",3,Psychology,141565,course_number: PSY 470; course_title: Clinical Psychology; prerequisites: PSY 324
PSY,471,Child Abuse and Neglect,"A survey of topics related to physical, sexual and psychological child abuse and neglect, including: the prevalence and incidence of different forms of abuse and neglect, scientific theories and findings about the causes and consequences of abuse and neglect, forensic and clinical assessment of abuse and neglect, mandated reporting and other legal issues, and psychological interventions for abused and neglected children and their families.",3,Psychology,141565,"cross_listing: PSY 656; prerequisites: PSY 214 and PSY 320, or instructor's consent"
PSY,472,Positive Psychology,"This course provides an overview of the field of positive psychology, which is the study of happiness, life satisfaction, subjective well-being and, more generally, what goes right in human lives from birth to death. We will review research findings that examine the associations and causal connections between (1) genetics, physical health, work, leisure, upbringing, education, money, fame, sex, love, family, friendship, religion, culture, and life decisions and (2) happiness, life satisfaction, subjective wellbeing and flourishing. The course also provides an introduction to applied positive psychology—the development, validation, and implementation of psychotherapeutic techniques designed to enhance subjective well-being. Students will participate in several applied positive psychology interventions that may improve the quality of their lives.",3,Psychology,141565,"course_name: Positive Psychology; course_number: PSY 472; prerequisites: PSY 100, PSY 213, PSY 214, PSY 320 or 321 or 322 or 324, or instructor's consent"
PSY,475,Asian American Psychology,"The course examines the personality and mental health issues of Asian Americans. Special emphasis is given to how minority group status, adaptation processes and bicultural development influence various aspects of psychological functioning. Specific topics include stereotypes and racism acculturation and enculturation, cultural values and behavioral norms, family roles, ethnic identity, communication styles, gender and interracial relationships, academic and career achievement, stressors and social support systems, psychopathology and culturally competent mental health treatment.",3,Psychology,141565,"attributes: DS, GAHP, HPP; prerequisites: PSY  100 and any one of the following: PSY320 or PSY324 or PSY360 or PSY377, or instructor consent"
PSY,476,Trauma and PTSD,"This course will explore various aspects of psychological trauma and its treatment. Theories concerning the nature of psychological trauma, etiology of post-traumatic stress disorders, psychological assessment of the disorders, rationale of various treatment techniques will be covered in this course. Students will apply a treatment method for psychological trauma to themselves in order to observe and report their own changes. The bio-psycho-social model and cross-cultural approaches will be emphasized throughout the course. This course is dual listed with PSY  676.",3,Psychology,141565,"course_name: Trauma and PTSD; course_number: PSY 476; dual_listed_with: PSY 676; prerequisites: ['PSY 100', 'PSY 324']"
PSY,486,Death and Dying,"An exploration of the psychosocial dimensions surrounding death, dying, life, and bereavement. Topics include understanding how individuals and societies perceive, cope with, and make sense of mortality.",3,Psychology,141565,course_name: Death and Dying; course_number: PSY 486; prerequisites: C- or higher in PSY 100 and PSY 320
PSY,496,Tchg Asst &amp; Tutoring in PSY,"Practice in individual tutoring, and in the preparation of the selected topics in Psychology lecture or laboratory courses, under direct instructional supervision.",1–3,Psychology,141565,course_name: Tchg Asst & Tutoring in PSY; course_number: PSY 496; prerequisites: supervising instructor and department chair consent; repeatability: may be repeated for a maximum of 6 credits; replacement_policy: may not be used to replace any specific course or elective requirements of the Psychology major
PSY,500,Master's Plan Studies,Used for continuous enrollment purposes. Does not count toward fulfillment of degree requirements.,1,Psychology,141565,Prerequisites: Master's or Doctoral candidacy and instructor's consent
PSY,601,Applied Multivariate Statistic,"Advanced statistical techniques used in psychological research and assessment. Strategies of multivariate data screening, transformation, analysis, and interpretation. Computerized statistical packages designed for multivariate analyses.",3,Psychology,141565,course_name: Applied Multivariate Statistic; course_number: PSY 601
PSY,602,Research Meth &amp; Prgm Evaluatn,"Basic research methodology including quantitative, qualitative, action research, and context-based research. Theoretical knowledge and practical experience in program design and evaluation. Strong emphasis will be given to the importance of research and program evaluation and the opportunities and difficulties encountered when conducting these in the counseling profession.",3,Psychology,141565,course_name: Research Meth & Prgm Evaluatn; course_number: PSY 602; prerequisites: PSY 601
PSY,603,Psychological Assessment,"Principles of psychological assessment.  Historical perspective on psychological assessment.  Assessment methods.  Scales used in psychological assessment: assessment of personality, abilities, achievement, interests, and values.  Assessment of environment. Quality of assessment.  Assessment design and implementation.  Interpretation of the assessment results. Cross-cultural aspects of assessment.  Legal and ethical issues.  Hands-on training to effectively utilize various assessment tools and write comprehensive assessment reports.",3,Psychology,141565,course_name: Psychological Assessment; course_number: PSY 603; prerequisites: PSY 601
PSY,604,"Profssnl Identity, Ethics","Ethical issues in counseling and psychological research. Ethical decision making, confidentiality, and ethical obligations. Research ethics and psychologists in the legal system. Ethical standards and guidelines.",3,Psychology,141565,"course_number: PSY 604; course_title: Profssnl Identity, Ethics"
PSY,605,Intro to the Master's Thesis,"This course is intended to introduce students in the MA in Counseling Psychology program to the Master's Thesis. Students will learn the steps of the thesis process, and determine if the thesis is an appropriate fit for their own career and learning goals.",1,Psychology,141565,course_name: Intro to the Master's Thesis; course_number: PSY 605; program: MA in Counseling Psychology
PSY,606,Professional Counselor Dev I,"Introduction to the field of mental health counseling. Covers professional practice aspects, explores MA concentrations in Counseling Psychology, and prepares students for field experiences in local community mental health treatment facilities.",1,Psychology,141565,course_name: Professional Counselor Dev I; course_number: PSY 606; grading_basis: CR/NC
PSY,607,Professional Counselor Dev II,"Supports field site placement applications and introduces professional development topics, including public policy, risk management, self-care, and telehealth. Builds on PSY 606 to enhance readiness for fieldwork in mental health counseling.",1,Psychology,141565,course_name: Professional Counselor Dev II; course_number: PSY 607; grading_basis: CR/NC; prerequisite: PSY 606
PSY,608,Professional Counselor Dev III,"Prepares students for post-graduation by covering licensing requirements, job application skills, and other professional issues such as private practice considerations and continuing education. Supports the transition from student to professional mental health counselor.",1,Psychology,141565,course_name: Professional Counselor Dev III; course_number: PSY 608; grading_type: CR/NC
PSY,611,Lifespan Human Development,"Psychological, social, and physical development over the life span.  Interaction among genetic make-up, human activity, and context in the process of development.  Stages and mechanisms of development.  Normative development and deviations from the norm.  Theories of development. Research on developmental processes in various domains. Cross-cultural perspectives on human development. Current research issues.",3,Psychology,141565,course_code: PSY 611; course_name: Lifespan Human Development
PSY,612,Career Development,Work and work-related behavior over the life span. Relationships between life style and career development. Theories of vocational development.  Career development of women and minorities.  Occupational information and decision making.  Impact of changing technology and job market.  Application to career counseling with diverse populations.,3,Psychology,141565,course_name: Career Development; course_number: PSY 612
PSY,613,Psychopathology over Lifespan,"Abnormal development across the lifespan. DSM classification of disorders and methods of appraisal. Etiology, diagnosis and treatment of child, adult, and geriatric disorders.",3,Psychology,141565,course_name: Psychopathology over Lifespan; course_number: PSY 613
PSY,620,Counseling Theories,"A pre-practicum course designed to help students gain an in-depth understanding of various counseling theories. Through readings, discussions, in-class exercises and homework assignments, students will learn the theories.",3,Psychology,141565,course_name: Counseling Theories; course_number: PSY 620
PSY,622,Group Work &amp; Counseling,"Group purpose, type, development, dynamics; leadership and diversity; group work and counseling theories, methods and skills; evaluation of group work and counseling; application of group work and counseling in a family, school and workplace settings. Students participate in an experiential learning group over the course of the semester.",3,Psychology,141565,Course: PSY 622; Course Title: Group Work & Counseling
PSY,623,Social &amp; Cultural Foundations,"Interaction between society and the individual. Socio-economic status, ethnicity and culture as determinants of behavior.  Characteristics of multicultural and diverse societies and their effects on individual and group behavior.",3,Psychology,141565,course_code: PSY 623; course_name: Social & Cultural Foundations
PSY,624,Counseling Skills,"A pre-practicum course designed to help students develop effective counseling skills. Through readings, discussions, in-class exercises and homework assignments, students will learn therapeutic skills.",3,Psychology,141565,course_name: Counseling Skills; course_number: PSY 624
PSY,651,Family Therapy,"Introduction to theoretical approaches used by family therapists to improve family functioning and communication. Students will learn about family structure and process, and will develop skills to engage, assess, and intervene with families and couples in multicultural contexts.",3,Psychology,141565,course_name: Family Therapy; course_number: PSY 651
PSY,656,Child Maltreatment,"An overview of child maltreatment, including abuse and neglect. Topics include the incidence and prevalence of child maltreatment; scientific theories and findings about the causes and consequences of maltreatment; forensic and clinical assessment; mandated reporting requirements; other legal issues; and psychosocial interventions for maltreated children and their families.",3,Psychology,141565,course_id: PSY 656; course_name: Child Maltreatment; dual_listed_with: PSY 471
PSY,657,Psychopharmacology,"This course will offer a discussion of psychopathology from a biological perspective including the neurochemical, neuroanatomical, and genetic causes of psychological disease. Emphasis will be placed on the pharmacotherapeutic treatment of psychopathology. Indications, contraindications, effects, and side effects of commonly prescribed psychopharmacological medications will be discussed.",3,Psychology,141565,course_name: Psychopharmacology; course_number: PSY 657
PSY,661,Intro to Addiction Counseling,"Overview of the epidemiology, etiology, psychological and physiological effects, and clinical courses of substance use and other addictive behaviors. Considers prevailing psychological, medical, social, and political views of addiction, especially health disparities and addiction in diverse populations.",3,Psychology,141565,Course: PSY 661; Course Title: Intro to Addiction Counseling
PSY,662,Advanced Addiction Counseling,"Overview of evidence-based and culturally informed assessment and intervention of addictive behaviors, 12 Core Functions of Addiction Counseling diversity influences, and related ethical considerations. Practical application of skills and bidirectional peer feedback, case studies, role plays, and experiential interactive activities",3,Psychology,141565,Course Name: Advanced Addiction Counseling; Course Number: PSY 662; Prerequisites: PSY 613 and PSY 661 or Instructor's Consent
PSY,676,Trauma and PTSD,"This course will explore various aspects of psychological trauma and its treatment. Theories concerning the nature of psychological trauma, etiology of post-traumatic stress disorders, psychological assessment of the disorders, rationale of various treatment techniques will be covered in this course. Students will apply a treatment method for psychological trauma to themselves in order to observe and report their own changes. The bio-psycho-social model and cross-cultural approaches will be emphasized throughout the course.",3,Psychology,141565,course_name: Trauma and PTSD; course_number: PSY 676; cross_listing: PSY 476
PSY,693,Cog Behavior Therapy Adult,"History, theory, research, and practice of Cognitive Behavior Therapy applied to adults mental disorders and symptoms. Theory and Treatment applications of Cognitive Behavior Therapy for anxiety and mood disorders, stress disorders, couples issues, substance abuse, and personality disorders. Discussions and Practice of the third wave behavior  therapy including Acceptance and Commitment Therapy and Mindfulness Based Stress Reduction.",3,Psychology,141565,corequisites: No; crosslisting: No; prerequisites: No; repeatability: Not repeatable for credit; special_grading_options: No
PSY,695,Youth Evidence-Based Practices,"Advanced skills course on evidence-based practices (EBPs) for children, adolescents, and emerging adults. Covers empirical foundation for EBPs, measurement of treatment outcomes, clinical decision-making models, and application of specific EBPs.",3,Psychology,141565,course_name: Youth Evidence-Based Practices; course_number: PSY 695; prerequisite: PSY 624 or instructor permission
PSY,700,Thesis Research,"Supervised research, data analyses, literature review, and writing up of an original empirical study designed to develop and demonstrate the ability to do research and competence in scholarly exposition. Students are expected to work on their thesis under the supervision of their faculty and have their work reviewed by their thesis committee.",1–6,Psychology,141565,course_name: Thesis Research; course_number: PSY 700
QBA,200,Intro to Business Analytics,An introduction to quantitative modeling and data-driven decision-making used in Business Analytics. Includes the basic concepts and mathematical tools to understand the role of quantitative analytics in organizations; applications of analysis tools and interpretations of model outputs for effective communication.,3,Quantitative Business Analysis,141565,attributes: GQ; course_name: Intro to Business Analytics; course_number: QBA 200; equivalent_course: DATA 200
QBA,260,Business Statistics,"Application of statistics to business. Includes an introduction to probability and sampling; descriptive statistics, inference, regression and one-way analysis of variance.",3,Quantitative Business Analysis,141565,attributes: GQ; prerequisites: One MATH course numbered 125 or higher (may be taken concurrently)
QBA,300,Operations Management,"This course is intended to provide students with an understanding of the principles of operations management. Topics covered include productivity, project management, forecasting, managing quality, human resource work studies, capacity planning, location and layout planning, supply-chain, inventory management, optimization, queuing, and simulation.",3,Quantitative Business Analysis,141565,course_name: Operations Management; course_number: QBA 300; prerequisites: C or better in QBA 260 or MATH 115
QBA,362,Business Analytics,"Fundamentals of Business Analytics. This course aims to teach students to analyze, formulate, and solve managerial decision-making problems using quantitative models and techniques.",3,Quantitative Business Analysis,141565,Cross-listing: DATA 362; Prerequisites: C or better in QBA 200 or QBA 260
QBA,365,Managing Electronic Commerce,"Topics in advanced electronic commerce (EC) management. Issues include: defining EC in its various forms; exploring EC strategies; economics of EC; global EC issues. The class will complete a semester-long hands-on-project requiring students to: assess a business' needs and opportunities; plan a Web site corresponding to the needs assessment; design a fully functional and interactive commercial Web site; plan and implement administrative parameters and functions for customer service, security, site monitoring, site maintenance, business performance, and site effectiveness.",3,Quantitative Business Analysis,141565,"course_name: Managing Electronic Commerce; course_number: QBA 365; prerequisites: MGT 341, QBA 362, or consent of instructor"
QBA,367,Applied Business Analytics,"This is an advanced course in business analytics with applications. It provides the advanced concepts and tools to understand the role of business analytics in organizations, how to apply business analysis tools, communicate effectively, and use and interpret analytical models in real-world settings. This course focuses on applying business analytics tools and techniques such as predictive models, statistical analysis, and operations research on real-world problems and datasets for managerial decision-making.",3,Quantitative Business Analysis,141565,"course_name: Applied Business Analytics; course_number: QBA 367; equivalent_course: DATA 367; prerequisites: C+ or better in QBA 260 or QBA 300 or QBA 362 or MATH 115, or MATH 271"
QBA,465,Text Mining for Social Science,Provides the concepts and tools to understand the role of natural language processing and text analytics for managerial decision-making and how to apply text analytics tools to real-world problems.,3,Quantitative Business Analysis,141565,"Cross-listing: DATA 465; Prerequisites: C or better in one of QBA/DATA  260 or QBA/DATA  300 or QBA/DATA  362 or DATA  172, or Instructor's Consent"
SOC,100,Principles Of Sociology,"An introduction to the theories, scientific methods and empirical findings of contemporary sociology.",3,Sociology,141565,attributes: ['DS']; course_number: SOC 100; course_title: Principles Of Sociology
SOC,200,Career Opportunities in Soc,"A forum for the presentation of career opportunities for Sociology majors and minors. The course features speakers, and the development of practical professional skills, including writing a resume.",1,Sociology,141565,former_course_number: SOC 490; grading_basis: CR/NC; requirements: Required for Sociology majors and minors
SOC,210,Sociology of Music,"An introduction to the study of what music is, how it functions in social settings and within individual identities, as well as how gender, race, ethnicity, class, and spirituality impacts the consumption and production of music.",3,Sociology,141565,course_name: Sociology of Music; course_number: SOC 210
SOC,240,Social Psychology,"An introduction to how sociologists view the relationship between social institutions, social groups and individual actions.",3,Sociology,141565,attributes: ['DS']; course_name: Social Psychology; course_number: SOC 240
SOC,243,Drama of Hawaiʻi &amp; the Pacific,"Embedded in a discourse of coloniality and indigenous perspective, this course provides an introduction to a representative range of plays written by, for, and about the people of Hawaiʻi and other Pacific islands.",3,Sociology,141565,"attributes: ['DH', 'HPP']; course_name: Drama of Hawaiʻi & the Pacific; course_number: SOC 243; cross_listing: DRAM 243"
SOC,260,Social Problems,"An introduction to the study of social problems in contemporary society, including their nature, sociological causes and possible solutions. Course may focus on a single social problem.",3,Sociology,141565,"attributes: ['ALEX', 'DS', 'GCC']; course_name: Social Problems; course_number: SOC 260"
SOC,280,Statistical Reasoning,"An introduction to basic descriptive, correlational, and inferential statistics used in the social sciences and education.",3,Sociology,141565,"attributes: DS, GQ; prerequisites: concurrent enrollment with SOC  280L"
SOC,300,Family in World Perspective,"A comparative analysis of family and marriage patterns, mate selection, parent-child interaction, divorce rates, socialization of gender roles, legal sanctions, trends in organization and function.",3,Sociology,141565,Cross-listed: WS 300; Prerequisites: SOC 100 or instructor's consent
SOC,301,Intro Social Work,The sociological analysis of social welfare institutions and their relationship to meeting human needs and solving social problems. Course designed for students intending careers in the helping professions.,3,Sociology,141565,Prerequisites: SOC 100 or instructor's consent
SOC,305,Org Theory &amp; Analysis,Contemporary theories and techniques used in the analysis of organizations. Designed for students intending careers in administration or the human services.,3,Sociology,141565,Course Name: Org Theory & Analysis; Course Number: SOC 305; Prerequisites: junior standing or consent of instructor
SOC,310,Race &amp; Ethnic Relations,"Sociological analysis of the patterns of intergroup relations. Topics include the meaning of race, ethnicity, prejudice and discrimination, and the interactive strategies used by various groups. Emphasis on ethnic processes on Hawaiʻi and the Pacific region.",3,Sociology,141565,Crosslisted: WS 310; Prerequisites: SOC 100 or instructor's consent
SOC,320,Stratification &amp; Inequality,"This course examines social stratification theory and research; definition and measurement of socioeconomic status; racial, ethnic and gender inequality. (Same as WS 321).",3,Sociology,141565,attributes: DS; prerequisites: SOC  100 or instructor's consent
SOC,324,Criminology,"Examines patterns of crime; types of offenders; theories of crime; police, courts, prisons, probation, and parole in relation to criminal behavior.",3,Sociology,141565,attributes: DS; prerequisites: SOC  100 or instructor's consent
SOC,325,Sociology Of Disaster,"The ways in which human communities and organizations bring about, prepare for, and respond to calamitous environmental changes.  Case studies selected from many societies.",3,Sociology,141565,attributes: DS; course_number: SOC 325; course_title: Sociology Of Disaster
SOC,326,Juvenile Delinquency,Examination of the causes and control of juvenile delinquency. The major theories of juvenile delinquency will be reviewed. The course will also explore the organization and processes of juvenile justice.,3,Sociology,141565,attributes: DS; prerequisites: SOC  100 or consent of instructor
SOC,328,"Gender, Crime, and Justice","This course will examine theoretical perspectives on gender, crime, and the criminal justice system. Students will analyze the intersecting roles played by gender, race, and class in criminal offending, victimization, and institutional responses. Additional topics may include masculinity and crime, women and punishment, female delinquency, gender violence, sex work, and the role of women in the criminal justice system.",3,Sociology,141565,"course_name: Gender, Crime, and Justice; course_number: SOC 328; cross_listing: WS 328; prerequisites: Soc 100 or WS 151"
SOC,331,Queer Studies &amp; Contem Society,A review of current issues using queer and sociological perspectives on sexualities and social change.,3,Sociology,141565,Cross-listing: WS 331; Prerequisites: SOC 100 or WS 151 or permission of instructor
SOC,340,Socialization &amp; Identity,The process by which an individual becomes a functioning member of society.,3,Sociology,141565,Cross-listing: WS 340; Prerequisites: SOC 100 or instructor's consent
SOC,352,Sociology Of Education,Formal education as an aspect of socialization. Emphasis is on the American system from a historical and comparative perspective.,3,Sociology,141565,Prerequisites: SOC 100 or instructor's consent
SOC,355,Sociology Of Religion,"A comparative analysis of religion. Topics include religious movements, secularization and social change, conversion and faith dynamics, and meaning and belonging functions. Case studies drawn from different societies and historical periods.",3,Sociology,141565,attributes: DS; prerequisites: SOC  100 or instructor's consent
SOC,360,Health Care Policy,"Analyses of local, national and global economic, legal and social factors impacting health care policies.  Discussion of relationship between emerging social issues/trends and health care disparities and capacities.  Discussion of social justice, cultural competence, and equity in access and delivery of health care services.  Opportunities are provided to participate in political processes impacting nursing and health care policy.",3,Sociology,141565,course_code: SOC 360; course_name: Health Care Policy; cross_listing: NURS 360
SOC,365,Sociology of Deviance,"This course examines social deviance, focusing on theory and contemporary research in the field. Topics to be covered may include sexual deviance, physical and cognitive deviance, substance use and mental illness.",3,Sociology,141565,Prerequisites: SOC 100 or consent of instructor
SOC,370,Political Economy of Hawaiʻi,An exploration into the political and economic processes of Hawaiʻi and how the two interrelate and affect each other. Emphasis on current issues and practices as well as processes.,3,Sociology,141565,"attributes: DS, GAHP, HPP; prerequisites: SOC  100 or consent of instructor"
SOC,380,Methods Of Research,"A survey of the logic, purposes, techniques, terminology, and issues of social research methodology.",3,Sociology,141565,"Prerequisites: SOC 100, 280 and 280L or instructor's consent"
SOC,390,Sociological Theory,"A critical examination of the theoretical foundations of contemporary sociological theories. Beginning with Marx, Weber, Durkheim, and Simmel, examines contemporary examples of social theory, including post-structuralism, critical theory, hermeneutics, and phenomenology.",3,Sociology,141565,Prerequisites: SOC 100 or instructor's consent
SOC,391,Internship,"Application of knowledge and skills in a public, private, or government agency/setting. May be taken for at total of 12 credits, only six of which can apply to the Sociology major or three to the minor.",3–12,Sociology,141565,"attributes: ALEX, GCC, HPP; prerequisites: instructors consent, preapproved placement, statement of learning objectives, and completed internship contract"
SOC,400,Sem in Social Psych,The relationship between social pressures/structure and the individual. Emphasis upon current research and theory in the area.,3,Sociology,141565,attributes: DS; prerequisites: SOC  100 and junior standing or instructor's consent
SOC,405,Sem in Social Organizatn,"Social organization in all its forms, dynamics, and structures.  While appealing to an historical and comparative perspective, primary attention will be directed to contemporary forms of social organization with an emphasis upon current research and theory in the area.",3,Sociology,141565,Prerequisites: Soc 100 or consent of instructor
SOC,407,Gender Inequality inPopCulture,"Exploration of gender and sexuality as systems of inequality, as social constructions, as performance, and as dynamic forces within American popular culture. Students develop skills to sociologically research and analyze artifacts of popular culture.",3,Sociology,141565,course_number: SOC 407; course_title: Gender Inequality in Pop Culture; cross_listing: WS 407; prerequisites: SOC 100 or WS 151 or instructor’s consent
SOC,409,Seminar in Social Movements,"An exploration of the ways in which social movements have shaped politics, policy and social culture in the United States. Students will research and analyze historical and contemporary social movements.",3,Sociology,141565,Cross-listing: WS 409; Prerequisites: SOC 100 or WS 151 or instructor’s consent
SOC,410,Sociology of Food,"Examination of food ingredients, foodways, the culinary industry, cultural food practices, and more. Students will develop a critical understanding of how food is imbued with a multitude of meanings, feelings, politics, and social inequalities.",3,Sociology,141565,attributes: GCC; prerequisites: SOC  100 and Junior standing or instructor's consent
SOC,420,Sem in Social Institutions,"Institutions in contemporary society, with focus upon the process and structures of modern institutions such as the polity, economy, health care, and law.  Emphasis upon current research and theory in the area of specific institutions examined.",3,Sociology,141565,Prerequisites: SOC 100 or consent of instructor
SOC,430,Sem in Social Change,"Change in human societies from a comparative and historical perspective. Topics covered include modernization, development, tradition, and secularization. Emphasis upon current research and theory in the area.",3,Sociology,141565,attributes: DS; prerequisites: SOC  100 or instructor's consent
SOC,470,Indigenous Health &amp; Well-Being,"This course is concerned with indigenous health and well-being, emphasizing indigenous perspectives and ways of knowing across indigenous societies including Hawaiʻi and Oceania, Latin America, Turtle Island, and Sub-Saharan Africa.",3,Sociology,141565,course_name: Indigenous Health & Well-Being; course_number: SOC 470; prerequisites: SOC 100 or SOC 250
SPAN,101,Elementary Spanish I,"Beginning course, primarily emphasizing oral practice. Laboratory drill.",4,Spanish,141565,"attributes: ['DH', 'GL']; course_code: SPAN 101; course_name: Elementary Spanish I; type: Beginning course"
SPAN,102,Elementary Spanish II,"Beginning course, primarily emphasizing oral practice. Laboratory drill.",4,Spanish,141565,"attributes: DH, GL; prerequisites: SPAN  101 or equivalent"
SPAN,200,Interm Conversational Spanish,"This course is intended for students who have gained some basic knowledge of Spanish language but need to improve their fluency and vocabulary necessary for practical functions in life: greetings and self-introduction, being or hosting guests, shopping, travel, airport situations, study abroad, etc. SPAN  200 will enhance SPAN  102 and 102 and complement SPAN  201, enabling the student to acquire oral fluency.",3,Spanish,141565,alternative_prerequisite: instructor's consent; prerequisite: SPAN 102
SPAN,201,Intermediate Spanish I,Continuation of oral practice with increasing emphasis on reading and written composition. Laboratory drill.,4,Spanish,141565,"attributes: DH, GL; prerequisites: SPAN  102 or equivalent"
SPAN,202,Interm Spanish II,Continuation of oral practice with increasing emphasis on reading and written composition. Laboratory drill.,4,Spanish,141565,"attributes: DH, GL, HPP; prerequisites: SPAN  201 or equivalent"
SPAN,306,Medical Spanish,"This class will develop students linguistically to work with Spanish speakers in nursing, pharmacy and medicine. The purpose of this course is to give the students the skills to communicate with patients and customers whose English is not adequate for intercommunication. The emphasis will be on medical vocabulary and the taking of medical histories by oral interview in Spanish. Vocabulary for heart patients, diabetes patients, gynecological patients and common ailments such as urinary tract discomforts will be covered and reviewed repetitively. The student will participate in 40 oral interviews.",3,Spanish,141565,course_number: SPAN 306; course_title: Medical Spanish
SPAN,307,Business Spanish,"This course is for students of business, finance, tourism, or law. It provides linguistic tools in Spanish for employment purposes in line with students' respective majors. The course will build appropriate vocabulary, emphasizes Spanish and Latin protocols, perceptions in business, and address major mistakes made by North Americans in Latin or Hispanic business situations. The course is divided into three units: Business Situations, Written Forms of Business Communications and Business Practice, which will combine and reinforce the first two units.",3,Spanish,141565,course_name: Business Spanish; course_number: SPAN 307
SPAN,368,Gender &amp; Women LatAm Lit/Film,"Latin American men and women of alternative genders in the 20th century have lived in vastly different conditions and upheaval spanning feudalism to postcolonial thought.  From genocide to authoritarian institutions of torture, the people in the texts and films had to endure turmoil and violent clashes of ideas. This course captures the Latin perspective of four different sociological spaces that women occupy in Latin America: the Indigenous space, the patriarchal latifundio, the mestizo space of markets, and the professional women under the military governments. Latin American and French feminist theories are used to clarify these contexts.",3,Spanish,141565,attributes: DH; course_name: Gender & Women LatAm Lit/Film; course_number: SPAN 368; cross_listing: WS 368
SPAN,369,Lat&amp;Glob Docum&amp;Film:Crit Analy,"This course will engage students in Latin and Global documentaries and films in the context of their perspectives, providing an excellent window into culture and world conflicts. The students lives in a global world today in which expansion of mindsets must become elastic with the practice of cultural exposure and analysis.",3,Spanish,141565,"attributes: ['DH', 'HPP']; course_name: Lat&Glob Docum&Film:Crit Analy; course_number: SPAN 369; cross_listing: WS 369"
TOUR,317,Mkt &amp; Mgt Of Travel &amp; Tourism,"Principles of marketing and management applied in hotel/ motel, resort, restaurant, travel, transportation, tourism and leisure industries.  Course looks at who travels, where and why.  Focus is on cases involving both small and large firms in the travel and tourism area.",3,Tourism,141565,Course Number: TOUR 317; Course Title: Mkt & Mgt Of Travel & Tourism; Prerequisites: C or better in MKT 310
TOUR,320,Tourism Economics,"Microeconomics of travel: determinants of demand, empirical studies, demand forecasting; production cost analysis, market structure in major travel industries. Macroeconomic impacts.",3,Tourism,141565,Prerequisites: C or better in ECON 130
TOUR,340,Interntl Travel &amp; Tourism Plcy,"Tourism in international trade, legal environment of international travel, political implications of tourism, social and cultural aspects of tourism, public and private policy issues for developed and developing destinations.",3,Tourism,141565,Course: TOUR 340; Course Title: Interntl Travel & Tourism Plcy; Prerequisites: 45 college credits successfully completed
TOUR,350,Intro to Sustainable Tourism,"Management and marketing issues faced by communities, business and government in developing sustainable tourism. Product development, pricing, capacity management, promotion and distribution channels. The strategic planning approach is introduced and applied in hands-on casework. Special resources include guest speakers with working knowledge of sustainable tourism and field trips to on-island tourism sites.",3,Tourism,141565,course_name: TOUR 350 - Intro to Sustainable Tourism; prerequisites: 45 college credits successfully completed
UNIV,101,Paths to Acad/Lifelong Success,"Designed for the first-time college student, this course is intended to promote the attitudes, behaviors, competencies, and skills that will increase students' academic success and foster their social integration into the college environment.",1,University,141565,course_name: Paths to Acad/Lifelong Success; course_number: UNIV 101
UNIV,102,Career and Major Decisions,"A course designed to introduce students to the UH Hilo colleges, major areas they offer, and how to connect your major choices to potential career paths. Students will utilize activities and assignments in and out of the class in order to reach this goal.",3,University,141565,course_name: Career and Major Decisions; course_number: UNIV 102
WS,151,Intro Gender &amp; Women's Studies,"An interdisciplinary survey of gender issues in contemporary U.S. society. Introduces foundational concepts regarding social constructions of gender, race, class, and sexual orientation. Topics include history, religion, sexuality, body image, reproductive rights, family, work, and violence.",3,Gender and Women’s Studies,141565,"attributes: ['DS', 'GCC']; course_name: Intro Gender & Women's Studies; course_number: WS 151"
WS,200,Gender Leadership &amp; Soc Just,"This course offers students the opportunity to think critically about leadership concepts, activism, and social change. Students will reflect on how social justice and multiculturalism influence the community and leadership of woman. Students will critically examine leadership theories and how to apply personal leadership styles.",3,Gender and Women’s Studies,141565,"attributes: ALEX, GCC; prerequisites: WS  151 or permission of the instructor"
WS,200E,Lit Genres: Myth/Folklore,An introduction to major genres in literature: Mythology and Folklore. (Same as ENG 200E).,3,Gender and Women’s Studies,141565,"attributes: DL; prerequisites: C or better in ENG  100, ENG  100T, ESL  100 or ESL  100T"
WS,201,Global Cinema,"A course that offers students a critical examination of worldwide cinema. The course will cover film theory and film making techniques from countries such as Germany, Mexico, China, Senegal, Iran, and India. Students will undertake a critical study of various schools of film as they pertain to these national cinemas as well as explore the cultural and socio-political controversies surrounding cinematography. (Same as ENG 201).",3,Gender and Women’s Studies,141565,"attributes: DL, GH; prerequisites: C or better in ENG  100, ENG  100T, ESL  100 or ESL  100T"
WS,202,Literature of Human Rights,"This course will explore narratives from a human rights perspective, beginning in the era shortly before the adoption of the Universal Declaration of Human Rights in 1948 and extending into the 21st century. Students will focus on geopolitical conditions that contribute to the suppression of human rights in areas around the globe, including, but not limited to, Chile, India, Nigeria, Iran, the Palestinian Territories, and the United States. (Same as ENG 202).",3,Gender and Women’s Studies,141565,"attributes: DL, GCC, GH; prerequisites: C or better in ENG  100, ENG  100T, ESL  100 or ESL  100T"
WS,204,Intr Race/Gender Film Studies,"This course will focus on how race and gender historically shape individual and cultural experiences in America, as expressed in film. Key works that offer portrayals by and about various groups (i.e. gays/lesbian, immigrants, indigenous communities, mixed-race populations, etc.) will be critically compared and examined. Students will also discuss and address evolving audience responses to these works. (Same as ENG 204).",3,Gender and Women’s Studies,141565,"attributes: DL, GH, GL; prerequisites: C or better in ENG  100, ENG  100T, ESL  100 or ESL  100T"
WS,205,Hawaiʻi on Screen,"A critical look at the development of film in and on Hawaiʻi. The course will cover a number of silent era films as well as the development of the musical and the war story as popular genres in the Islands. The class will also focus on the problems of cultural, racial and gendered representation in mainstream cinematic depictions of Hawaiʻi as well as the contemporary emergence of local and indigenous filmmaking. (Same as WS 205).",3,Gender and Women’s Studies,141565,"attributes: DH, DL, GAHP, GL, HPP; prerequisites: C or better in ENG  100, ENG  100T, ESL  100 or ESL  100T"
WS,206,Intro to Popular Culture,"This course offers an introductory study of mainstream manifestations of culture. Students will critically assess production, distribution, and consumption of various popular cultural genres, such as advertising, talk shows, sports programs, music videos and gossip magazines and websites, among many others. (Same as ENG 206).",3,Gender and Women’s Studies,141565,"attributes: DL, GH, GL; prerequisites: C or better in ENG  100, ENG  100T, ESL  100 or ESL  100T"
WS,207,Gender and Communication,"This course is an introduction to gender research in communication, studying ways in which language, interpersonal communication, the media, and various social institutions influence conceptions of gender.",3,Gender and Women’s Studies,141565,course_name: Gender and Communication; course_number: WS 207; equivalent_course: COM 207
WS,210,Gender and Communication,"This course is an introduction to gender research in communication, studying ways in which language, interpersonal communication, the media, and various social institutions influence conceptions of gender.",3,Gender and Women’s Studies,141565,course_code: WS 210; course_title: Gender and Communication; equivalent_course: COM 210
WS,257,Multicultural Literature,"A survey of classic and contemporary literature of diverse cultural and ethnic groups, which examines relevant concepts and topics, as well as the historical, social and cultural frameworks of these works, and their application and impact in regional and global contexts. (Same as WS 257).",3,Gender and Women’s Studies,141565,"attributes: DL, GL; prerequisites: C or better in ENG/ESL  100/100T"
WS,270,Love and Sex,"Survey of classical and contemporary perspectives of the philosophy of love, marriage, relationships, sex, sexual identity, representations of sex and sexuality. (Previously.",3,Gender and Women’s Studies,141565,attributes: GCC; semester_offered: PHIL  180; Same as WS  270)
WS,300,Family in World Perspective,"A comparative analysis of family and marriage patterns, mate selection, parent-child interaction, divorce rates, socialization of gender roles, legal sanctions, trends in organization and function.",3,Gender and Women’s Studies,141565,course_name: Family in World Perspective; course_number: WS 300; cross_listing: SOC 300; prerequisites: Soc 100 or instructor's consent
WS,301,Women in Science,"The interrelationships of women and science examined from historical, sociological, philosophical, and biological perspectives. Factors contributing to underrepresentation, feminist critiques of science, examination of successful strategies.",3,Gender and Women’s Studies,141565,course_name: Women in Science; course_number: WS 301
WS,304,"Race, Ethics &amp; Cultural Diversity","Philosophical examination of the meaning of cultural diversity and pluralism for questions concerning community and knowledge from a variety of American and non-western cultures as well as their interactions with categories of identity, based upon nation, race, class, gender and sexuality. Addresses the interactions of the social experience of individuals based upon categories of identity and the emergence of forms of community and knowledge. A global or transnational section will be one component of the course.",3,Gender and Women’s Studies,141565,"attributes: ['DH', 'FGB', 'GCC']; course_name: Race, Ethics & Cultural Diversity; course_number: WS 304; equivalent_course: PHIL 304"
WS,305B,Themes in Regnl Geog: Mid East,"Surveys regional landscapes of the Middle East, including North Africa; focuses on historical and contemporary influences of physical, cultural, and economic landscapes.",3,Gender and Women’s Studies,141565,"Cross Listing: GEOG 305B; Prerequisites: Junior or senior status, or consent of instructor"
WS,307,Social Epistemology,"The sources and limits of human knowledge. Classical and contemporary epistemological theories, and their application to the everyday search of knowledge.",3,Gender and Women’s Studies,141565,course_name: Social Epistemology; course_number: WS 307; cross_listing: PHIL 307
WS,310,Race &amp; Ethnic Relations,"Sociological analysis of the patterns of intergroup relations.  Topics include the meaning of race, ethnicity, prejudice and discrimination, and the interactive strategies used by various groups.  Emphasis on ethnic processes on Hawaiʻi and the Pacific region.",3,Gender and Women’s Studies,141565,cross_listing: SOC 310; prerequisites: SOC 100 or instructor's consent
WS,316,"Science, Technology &amp; Values","Impact of science and technology on various philosophical issues. Through a variety of readings that exemplify the field's content, students will examine the social, political, aesthetic, ethical, economic, and environmental constructs that shape modern institutions in science and technology.",3,Gender and Women’s Studies,141565,"course_name: Science, Technology & Values; course_number: WS 316; cross_listing: PHIL 316"
WS,319,European Women's History,Study of European women from pre-history to the 20th century with emphasis on women's social and cultural roles in western history. Current feminist theory is also studied.,3,Gender and Women’s Studies,141565,alternative_course_number: HIST 319; course_name: European Women's History; course_number: WS 319
WS,320,Cross-Cultural Study Of Women,"Comparative analysis of women's roles and women's lives in different societies.  Topics include women's status, life stages, gender roles, images of women and power.",3,Gender and Women’s Studies,141565,"attributes: ['DS', 'FGC']; course_number: WS 320; cross_listing: ANTH 320"
WS,321,Stratification &amp; Inequality,"This course examines social stratification theory and research; definition and measurement of socioeconomic status; racial, ethnic and gender inequality. (Same as SOC 320).",3,Gender and Women’s Studies,141565,attributes: DS; prerequisites: SOC  100 or instructor's consent
WS,324,"Culture, Sex And Gender",A cross-cultural examination of the development of gender systems and gender roles. Consideration of sex roles and activities as part of the larger gender system. (Same as ANTH 324).,3,Gender and Women’s Studies,141565,"attributes: DS, FGC; prerequisites: ANTH  150 or 205 or instructor's consent"
WS,325,Psychology Of Women,"Issues and topics relevant to the psychological development and functioning of women including sex differences in abilities and behavior, achievement motivation, work, sexuality, pregnancy, childbirth and motherhood, mental health and domestic violence.",3,Gender and Women’s Studies,141565,course_number: WS 325; course_title: Psychology Of Women; cross_listing: PSY 325; prerequisites: PSY 100
WS,327,Law and Culture,"Law’s relationship with culture as constructed and contested through social, political, and economic frameworks of belonging, identity, and place",3,Gender and Women’s Studies,141565,attributes: DS; course_name: Law and Culture; course_number: WS 327; cross_listing: POLS 327
WS,328,"Gender, Crime, and Justice","This course will examine theoretical perspectives on gender, crime, and the criminal justice system. Students will analyze the intersecting roles played by gender, race, and class in criminal offending, victimization, and institutional responses. Additional topics may include masculinity and crime, women and punishment, female delinquency, gender violence, sex work, and the role of women in the criminal justice system.",3,Gender and Women’s Studies,141565,"course_name: Gender, Crime, and Justice; course_number: WS 328; cross_listing: SOC 328; prerequisites: Soc 100 or WS 151"
WS,331,Queer Studies &amp; Contem Society,A review of current issues using queer and sociological perspectives on sexualities and social change.,3,Gender and Women’s Studies,141565,Cross-listing: SOC 331; Prerequisites: SOC 100 or WS 151 or permission of instructor
WS,332,"Race, Gender &amp; the Body","This course explores the politics of the body according to the intersectional and dynamic constructions of race, ethnicity, sex, gender, ability, and size.",3,Gender and Women’s Studies,141565,"course_name: Race, Gender & the Body; course_number: WS 332; cross_listed: POLS 332"
WS,340,Socialization &amp; Identity,The process by which an individual becomes a functioning member of society.,3,Gender and Women’s Studies,141565,Cross-listing: SOC 340; Prerequisites: SOC 100 or instructor's consent
WS,342,Sociology of Human Aging,"Aging as a social phenomenon, including social impact of a growing elderly population, and emerging social patterns among the elderly. Emphasis on the interplay of biological, psychological, sociological and cultural factors of human aging.",3,Gender and Women’s Studies,141565,course_name: Sociology of Human Aging; course_number: WS 342; cross_listing: SOC 342; prerequisites: SOC 100 or instructor's consent
WS,352,Gender and Sexuality,"An interdisciplinary exploration of concepts, constructions, and behaviors associated with gender and sexuality. Course materials examine historical, contemporary, and cross- cultural definitions and expectations, and correlations with social power and hierarchies. In addition, the course aims to illuminate the multiplicity of personal and social identities relating to sex, race/ethnicity, class, age, etc.",3,Gender and Women’s Studies,141565,attributes: DS; course_name: Gender and Sexuality; course_number: WS 352
WS,355,Women in Modern Lit &amp; Film,Literature and film by and about women from 1900 to the present. Feminist literary theory. (Same as ENG 355).,3,Gender and Women’s Studies,141565,"attributes: DL; prerequisites: C or better in ENG  300, or instructor's consent"
WS,356,Language and Gender,Students engage in the analysis of gender as it relates to language and society.  Provides students with analytic resources for thinking critically about the relationship between language and social practice.  Students gather and analyze data based on current theories.,3,Gender and Women’s Studies,141565,"Crosslistings: ['ENG 356', 'LING 356']; Prerequisites: ENG/ESL 100 or 100T and LING 102, or consent of instructor"
WS,358,Women in Christianity,"Examines issues relating to sex and gender throughout the history of Christianity. Emphasizing primary texts, the course will explore writings by Christian women and Christian writings about women.",3,Gender and Women’s Studies,141565,course_name: Women in Christianity; course_number: WS 358; cross_listing: HIST 358
WS,359,Music and Activism,"An exploration of the ways in which music has been used to create and support social change. The role of music in movements involving resistance, protest, and activism for political, social, and environmental justice, both in the U.S. and globally.",3,Gender and Women’s Studies,141565,attributes: DH; course_number: WS 359; cross_listing: MUS 359
WS,360,American Women's History,Study of American women from the 17th to the 20th centuries. Special emphasis on women's social and cultural roles. Current feminist theory is also studied.,3,Gender and Women’s Studies,141565,"course_number: WS 360; course_title: American Women's History; cross_listing: HIST 360; prerequisites: HIST 151, 152 or instructor's consent"
WS,361,Girls and Women in Japan,A survey of the life of Japanese girls and women focusing on Japan's changing aspects from the ancient to the contemporary periods. The course questions the current prevalent image of the subservient Japanese woman and articulates the role of Japanese girls and women in Japanese society.,3,Gender and Women’s Studies,141565,"attributes: ['DH', 'HPP']; course_number: WS 361; course_title: Girls and Women in Japan; cross_listings: ['JPNS 361', 'JPST 361']"
WS,362,Postwar Japan through Film,"This course introduces students to Japanese society and culture with emphasis on 1945 to the present, as reflected in film and literature. Students learn about essential issues of Japanese postwar society, including class, family, gender, work, education, and minorities, and examine the change and development of Japanese society after World War II, paying attention to the struggles between traditional cultural values and Americanization/modernization of society.",3,Gender and Women’s Studies,141565,"Cross-listing: JPNS/JPST 385; Prerequisites: ENG 100, 100T, ESL 100, or ESL 100T"
WS,368,Latin American Women's Lit,"Latin American women of the 20th century have lived in vastly different conditions and upheaval spanning feudalism to postcolonial thought.  From genocide to authoritarian institutions of torture, Latin women have had to endure turmoil and violent clashes of ideas.  This course captures the Latin perspective of four different sociological spaces that women occupy in Latin America: the Indigenous space, the patriarchal latifundio, the mestizo space of markets, and the professional woman under the military governments.  Latin American and French feminist theories are used to clarify these contexts.",3,Gender and Women’s Studies,141565,attributes: DH; course_number: WS 368; course_title: Latin American Women's Lit; cross_listing: SPAN 368
WS,369,Lat&amp;Glob Docum&amp;Film:Crit Analy,"This course will engage students in Latin and Global documentaries and films in the context of their perspectives, providing an excellent window into culture and world conflicts. The students lives in a global world today in which expansion of mindsets must become elastic with the practice of cultural exposure and analysis.",3,Gender and Women’s Studies,141565,"attributes: ['DH', 'HPP', 'WI']; course_number: WS 369; course_title: Lat&Glob Docum&Film:Crit Analy; same_as: WS 369"
WS,373,Performance Across Cultures,"This course explores the cultural expressions and traditions through the performance traditions from Asia, Africa, Europe and the Americas, using the transhistorical approach. Under the themes of the body and culture, ritual, performing, cultural literacy and tourism and globalization, the course introduces students to the performance forms across cultures.",3,Gender and Women’s Studies,141565,course_number: WS 373; course_title: Performance Across Cultures; cross_listings: ['JPNS/JPST/ANTH 373']
WS,375,Feminist Philosophy,"Exploration of the feminist contributions to traditional philosophical questions in metaphysics, epistemology, and ethics, as well as examining the philosophical implications of the intersections of race, class, gender and sexuality.",3,Gender and Women’s Studies,141565,"attributes: ['DH', 'GCC']; course_name: Feminist Philosophy; course_number: WS 375; cross_listing: PHIL 375"
WS,382,Qualitative Research,"Introduction to the ethics, methodologies, and practice of research in human geography, particularly standpoint epistemologies and associated methodologies. Combines lectures, workshops, and assignments. Students will conduct and report upon their own research.",3,Gender and Women’s Studies,141565,course_name: Qualitative Research; course_number: WS 382; cross_listing: GEOG 382; prerequisites: GEOG 103 or 102 or WS 151 or consent of Instructor
WS,384,Gender &amp; Japanese Performance,"This course views how gender is represented in Japanese performance from rituals to dance, music, theatre and everyday performance. Through readings and visual materials, students observe the historical development of Japanese theatre and performance and examine relationship between gender, sexuality and the Japanese cultural forms from the performance studies as well as gender and feminism studies perspectives.",3,Gender and Women’s Studies,141565,"attributes: ['DH', 'HPP']; course_number: WS 384; course_title: Gender & Japanese Performance; cross_listing: ['JPNS/JPST 384']"
WS,385,Women &amp; Health,"Reproductive health, immune activity, autoimmune disease, and mental health in women are covered from physiological, psychological, historical and cross-cultural perspectives.",3,Gender and Women’s Studies,141565,cross_listings: ['PSY 385']; prerequisites: PSY 100
WS,391,Intern Gender &amp; Women Studies,"Application of knowledge and skills in a field placement or engaged scholarship project setting. May be taken for a total of 12 credits, only 6 of which can be applied to the major or three to a minor.",3,Gender and Women’s Studies,141565,"attributes: ALEX; prerequisites: WS  151, instructor's consent"
WS,392,Japanese Women,"History of women in Japan from the earliest historical eras, including the Heian aristocracy and evolving samurai culture, through the present. Topics include property rights, family structures, the influence of religion and secular philosophies, effects of political and legal changes, women's role in the economy and its effect on their status and lives, and women's activism. (Same as HIST 392).",3,Gender and Women’s Studies,141565,attributes: GAHP; prerequisites: sophomore standing or instructor's consent
WS,393,"Normality, Abnormality &amp; Soc","Philosophical study of how human diversity interacts with social norms. Topics include health and illness, disability, gender and sexual orientation. Perspectives from biology and the social sciences are included in a study of how beliefs about normality vary between cultures, change through time and affect human relations. (Same as PHIL 393).",3,Gender and Women’s Studies,141565,attributes: DH; prerequisites: Previous work in Philosophy
WS,407,Gender Inequality inPopCulture,"Exploration of gender and sexuality as systems of inequality, as social constructions, as performance, and as dynamic forces within American popular culture. Students develop skills to sociologically research and analyze artifacts of popular culture.",3,Gender and Women’s Studies,141565,course_name: Gender Inequality in Pop Culture; course_number: WS 407; cross_listing: SOC 407; prerequisites: SOC 100 or WS 151 or instructor’s consent
WS,409,Seminar in Social Movements,"An exploration of the ways in which social movements have shaped politics, policy and social culture in the United States. Students will research and analyze historical and contemporary social movements.",3,Gender and Women’s Studies,141565,Cross-listing: SOC 409; Prerequisites: SOC 100 or WS 151 or instructor’s consent
WS,416,"Science, Technology &amp; Human Values","Impact of science and technology on various philosophical issues. Through a variety of readings that exemplify the field's content, students will examine the social, political, aesthetic, ethical, economic, and environmental constructs that shape modern institutions in science and technology.",3,Gender and Women’s Studies,141565,"course_number: WS 416; course_title: Science, Technology & Human Values; equivalent_course: PHIL 416"
WS,420,Family Communication,"Foundational concepts and theories are introduced. Communication dynamics within families are explored. Narrative, functional, interpretive, and systems approaches to family communication are included.  Cultural influences are examined.  Conditions necessary for optimal family functioning are addressed.",3,Gender and Women’s Studies,141565,alternative_course_code: COM 420; course_code: WS 420
WS,423,Post-Colonial Literature,"A critical analysis of the development of contemporary world literature in the wake of the fall of European empires. This class is designed to address the importance of writing in an age of changing national identities, shifting alliances, and volatile conflicts. Texts from African, Latin American, the Middle East, the Caribbean, and Hawaiʻi will be features. (Same as ENG 423).",3,Gender and Women’s Studies,141565,"attributes: DL, GH, GL; prerequisites: ENG  300 or instructor's consent"
WS,430,"Gender, Place and Environment","Survey of trends in geography of gender related to place, space and the environment. Addresses spatial interactions of gendered bodies of different ages, class and ethnicities. (Same as GEOG 430).",3,Gender and Women’s Studies,141565,"attributes: ALEX, DS, GCC, GS; prerequisites: junior or senior standing or instructor's consent"
WS,431,Pacific Islands Literature,"A study of a representative range of contemporary poems, short stories, novels, and plays written in English by Pacific Islanders from Polynesia, Micronesia, and Melanesia. (Same as ENG 430).",3,Gender and Women’s Studies,141565,"attributes: DL, HPP; prerequisites: C or better in ENG  100, ENG  100T, ESL  100, or ESL  100T and a 200-level literature course, or instructor's consent"
WS,442,Romantic Literature,Poetry and prose from 1780 to 1832.,3,Gender and Women’s Studies,141565,cross_listing: ENG 442; prerequisites: C or better in ENG 300 or instructor's consent
WS,448,Graphic Novels &amp; Comics,"Advanced study of major developments, schools and styles in contemporary graphic novels and comics. Emphasis on literary theory and analysis. (Same as ENG 448).",3,Gender and Women’s Studies,141565,"attributes: DL, GL; prerequisites: C or better in ENG  300 or instructor's consent"
WS,461,Race and Gender in Media,"This course explores the dynamic interactions between race, gender and the mass media.  Specifically, it examines media representations of race and gender and their cultural, sociological, and psychological effects in the society.",3,Gender and Women’s Studies,141565,"cross_listing: COM 461; prerequisites: COM 260, 360 or instructor's consent"
WS,465,Comm and Popular Culture,"Popular culture influences identity (gender, race, ethnicity, etc.), interpersonal relationships, and worldview perspectives. This course helps to understand popular culture’s influence on society. Three approaches of popular culture are focused on: production and industry practices; evaluating texts; and audience reception of popular culture.",3,Gender and Women’s Studies,141565,course_number: WS 465; course_title: Comm and Popular Culture; equivalent_course: COM 465
WS,470,Dark Side of Communication,"Using the “dark side” metaphor, this course investigates important, yet neglected, issues of personal relationships. The class has two goals—(1) understanding the influence communication has on personal relationships, and (2) how contexts and relational challenges influence personal relationships.",3,Gender and Women’s Studies,141565,alternative_course_number: COM 470; course_number: WS 470
WS,480,Women and Rhetoric,"Survey of key female figures that have figured (or not figured) into the rhetorical canon. Analysis of women's use of rhetoric in everyday life and at historic moments and consideration of methodological and theoretical issues intersecting women, rhetoric, and historical research.",3,Gender and Women’s Studies,141565,course_name: Women and Rhetoric; course_number: WS 480; cross_listing: ENG 480; prerequisites: C or better in ENG 300 or instructor's consent
WS,486,Women in Ancient European Civi,"Study of European women up to the year 800, with primary focus on the Mediterranean Basin.  Themes encompass religion, social customs, and economic activities.",3,Gender and Women’s Studies,141565,course_name: Women in Ancient European Civi; course_number: WS 486; cross_listing: HIST 486; prerequisites: HIST 319 or 323 or 341 or 356 or 360; or consent of instructor
